row_id,label,label_name,title_raw,title_clean,description_raw,description_clean
train_008897,0,World,Explosion Rocks Baghdad Neighborhood,Explosion Rocks Baghdad Neighborhood,"BAGHDAD, Iraq, August 24 -- A car bomb exploded near the gate of a US-funded Iraqi television network in Baghdad on Tuesday, killing at least two people and wounding two others, authorities and witnesses said.","BAGHDAD, Iraq, August 24 -- A car bomb exploded near the gate of a US-funded Iraqi television network in Baghdad on Tuesday, killing at least two people and wounding two others, authorities and witnesses said."
train_088708,0,World,BBC reporters' log,BBC reporters' log,BBC correspondents record events in the Middle East and their thoughts as the funeral of the Palestinian leader Yasser Arafat takes place.,BBC correspondents record events in the Middle East and their thoughts as the funeral of the Palestinian leader Yasser Arafat takes place.
train_092698,0,World,Israel welcomes Rice nomination; Palestinians wary,Israel welcomes Rice nomination; Palestinians wary,"Israel on Tuesday warmly welcomed the naming of Condoleezza Rice as America #39;s top diplomat, but Palestinians were wary, saying the new Bush administration must put more energy into the quest for Middle East peace.","Israel on Tuesday warmly welcomed the naming of Condoleezza Rice as America's top diplomat, but Palestinians were wary, saying the new Bush administration must put more energy into the quest for Middle East peace."
train_099489,0,World,Medical Journal Calls for a New Drug Watchdog,Medical Journal Calls for a New Drug Watchdog,Medical researchers said the U.S. needs a system independent of the F.D.A. to detect harmful effects of drugs already on the market.,Medical researchers said the U.S. needs a system independent of the F.D.A. to detect harmful effects of drugs already on the market.
train_010525,0,World,Militants Kidnap Relatives of Iraqi Minister-TV,Militants Kidnap Relatives of Iraqi Minister-TV,"Militants have kidnapped two relatives of Iraqi Defense Minister Hazim al-Shalaan and demanded US forces leave the holy city of Najaf, Al Jazeera television reported Wednesday.","Militants have kidnapped two relatives of Iraqi Defense Minister Hazim al-Shalaan and demanded US forces leave the holy city of Najaf, Al Jazeera television reported Wednesday."
train_032438,0,World,US to support democracy,US to support democracy,"WASHINGTON, Sept 18: The United States has said that it would reiterate its support for a  #39;fully functioning #39; democracy in Pakistan if the issue of President Pervez Musharraf keeping or giving ","WASHINGTON, Sept 18: The United States has said that it would reiterate its support for a 'fully functioning' democracy in Pakistan if the issue of President Pervez Musharraf keeping or giving"
train_019752,0,World,Command Failure Seen at Fault in Beslan Massacre,Command Failure Seen at Fault in Beslan Massacre," MOSCOW (Reuters) - Security forces bungled the handling of  Russia's worst hostage drama because nobody was in charge and  special forces were not ready when the shooting started,  security analysts said on Monday.","MOSCOW (Reuters) - Security forces bungled the handling of Russia's worst hostage drama because nobody was in charge and special forces were not ready when the shooting started, security analysts said on Monday."
train_029941,0,World,U.S. groups accuse China of failing to stop intellectual property abuses (Canadian Press),U.S. groups accuse China of failing to stop intellectual property abuses (Canadian Press),"Canadian Press - BEIJING (AP) - Adding to pressure for China to stop rampant product piracy, two major U.S. business groups complained Thursday that abuses are getting worse and warned that lack of patent and copyright protection is hurting high-tech investment.","Canadian Press - BEIJING (AP) - Adding to pressure for China to stop rampant product piracy, two major U.S. business groups complained Thursday that abuses are getting worse and warned that lack of patent and copyright protection is hurting high-tech investment."
train_043027,0,World,Kidnappers Release Seven Hostages in Iraq,Kidnappers Release Seven Hostages in Iraq,"BAGHDAD, Iraq - Kidnappers released two female Italian aid workers and five other hostages Tuesday, raising hopes for at least 18 foreigners still in captivity. But insurgents showed no sign of easing their blood-soaked campaign against the U.S...","BAGHDAD, Iraq - Kidnappers released two female Italian aid workers and five other hostages Tuesday, raising hopes for at least 18 foreigners still in captivity. But insurgents showed no sign of easing their blood-soaked campaign against the U.S..."
train_073956,0,World,Colombian Military Kills Militia Leader,Colombian Military Kills Militia Leader,"A former U.S.-trained Colombian army officer who later joined an outlawed paramilitary group was killed in a clash with army troops Tuesday, the army said.","A former U.S.-trained Colombian army officer who later joined an outlawed paramilitary group was killed in a clash with army troops Tuesday, the army said."
train_040659,0,World,Kite festival begins as prelude to 350th anniversary of Taj,Kite festival begins as prelude to 350th anniversary of Taj,"Agra, Sep 27. (PTI):A kite festival today began on the banks of the Yamuna river behind the Taj Mahal as a prelude to the 350th anniversary celebrations of the world-famous monument opening this evening.","Agra, Sep 27. (PTI):A kite festival today began on the banks of the Yamuna river behind the Taj Mahal as a prelude to the 350th anniversary celebrations of the world-famous monument opening this evening."
train_087984,0,World,Falluja troops under heavy fire,Falluja troops under heavy fire,US marines in Falluja have come under sustained attack from several different directions in the headquarters they have set up in the Iraqi city.,US marines in Falluja have come under sustained attack from several different directions in the headquarters they have set up in the Iraqi city.
train_013133,0,World,Chechen capital empties ahead of election to replace slain leader (AFP),Chechen capital empties ahead of election to replace slain leader (AFP),AFP - Chechnya's capital Grozny emptied as residents fearing rebel raids fled a day before an election to replace their slain pro-Moscow leader.,AFP - Chechnya's capital Grozny emptied as residents fearing rebel raids fled a day before an election to replace their slain pro-Moscow leader.
train_062008,0,World,Does Tsvangirai outcome suit Mugabe?,Does Tsvangirai outcome suit Mugabe?,"On hearing the verdict there was a broad smile from Morgan Tsvangirai, applause from his supporters and tears of relief from his veteran attorney.","On hearing the verdict there was a broad smile from Morgan Tsvangirai, applause from his supporters and tears of relief from his veteran attorney."
train_057608,0,World,U.S. Raps Cuba on Its Presence Abroad (AP),U.S. Raps Cuba on Its Presence Abroad (AP),"AP - The State Department is accusing Cuba of training Colombian rebels and says it is troubled by a large presence of Cuban personnel in Venezuela, whose president, Hugo Chavez, is a close ally of Cuban President Fidel Castro.","AP - The State Department is accusing Cuba of training Colombian rebels and says it is troubled by a large presence of Cuban personnel in Venezuela, whose president, Hugo Chavez, is a close ally of Cuban President Fidel Castro."
train_055766,0,World,Brazilian Soldier Wounded in Haiti Unrest,Brazilian Soldier Wounded in Haiti Unrest,"&lt;p&gt;&lt;/p&gt;&lt;p&gt; By Joseph Guyler Delva&lt;/p&gt;&lt;p&gt; GONAIVES, Haiti (Reuters) - A Brazilian soldier with theU.N. peacekeeping force in Haiti was shot and wounded Saturdaywhen peacekeepers and local police faced gunfire in a crackdownon armed gangs in the Haitian capital.&lt;/p&gt;","By Joseph Guyler Delva GONAIVES, Haiti (Reuters) - A Brazilian soldier with theU.N. peacekeeping force in Haiti was shot and wounded Saturdaywhen peacekeepers and local police faced gunfire in a crackdownon armed gangs in the Haitian capital."
train_114477,0,World,Chinese official moved as Hu consolidates power,Chinese official moved as Hu consolidates power,China #39;s Communist Party chief Hu Jintao moved a close political ally out of a problem-plauged province on Monday and analysts say he will make more personnel changes as he continues to consolidate power.,China's Communist Party chief Hu Jintao moved a close political ally out of a problem-plauged province on Monday and analysts say he will make more personnel changes as he continues to consolidate power.
train_054482,0,World,British hostage killed in Iraq: TV,British hostage killed in Iraq: TV,"The British hostage held in Iraq by a militant group led by al-Qaida ally Abu Musab al-Zarqawi was killed Friday, pan-Arab Abu Dhabi TV reported.","The British hostage held in Iraq by a militant group led by al-Qaida ally Abu Musab al-Zarqawi was killed Friday, pan-Arab Abu Dhabi TV reported."
train_105308,0,World,Leading Cuban Dissident Writer Freed,Leading Cuban Dissident Writer Freed,"Cuba #39;s communist government freed dissident writer Raul Rivero from prison Tuesday, the latest in a series of releases apparently aimed at cleaning up the island #39;s human rights record.","Cuba's communist government freed dissident writer Raul Rivero from prison Tuesday, the latest in a series of releases apparently aimed at cleaning up the island's human rights record."
train_057636,0,World,"God Has 4,000 Loudspeakers; the State Holds Its Ears","God Has 4,000 Loudspeakers; the State Holds Its Ears",The Egyptian minister of religion decided that one official call to prayer would be broadcast live and carried by all of Cairo's mosques. Many of the faithful objected.,The Egyptian minister of religion decided that one official call to prayer would be broadcast live and carried by all of Cairo's mosques. Many of the faithful objected.
train_068639,0,World,US blames Islamic charities for funding Iraq attacks,US blames Islamic charities for funding Iraq attacks,"MARK COLVIN: In Baghdad, the family of the kidnapped head of CARE International have pleaded with the British Prime Minister to stop even speaking Margaret Hassan #39;s name.","MARK COLVIN: In Baghdad, the family of the kidnapped head of CARE International have pleaded with the British Prime Minister to stop even speaking Margaret Hassan's name."
train_015132,0,World,Al-Sadr Calls on Militia to End Uprising,Al-Sadr Calls on Militia to End Uprising,"BAGHDAD, Iraq - Rebel cleric Muqtada al-Sadr wants his followers to end their uprising against U.S. and Iraqi forces while he considers forming a political movement, senior al-Sadr officials said Monday...","BAGHDAD, Iraq - Rebel cleric Muqtada al-Sadr wants his followers to end their uprising against U.S. and Iraqi forces while he considers forming a political movement, senior al-Sadr officials said Monday..."
train_032113,0,World,Pope pleads for peace in Iraq,Pope pleads for peace in Iraq,"POPE John Paul today issued a new appeal for peace in Iraq and the Middle East, condemning the  quot;horror quot; of violence as well as  quot;the terrorism that cruelly targets the innocent quot;.","POPE John Paul today issued a new appeal for peace in Iraq and the Middle East, condemning the quot;horror quot; of violence as well as quot;the terrorism that cruelly targets the innocent quot;."
train_030909,0,World,Danes find a bridge to love (Chicago Tribune),Danes find a bridge to love (Chicago Tribune),"Chicago Tribune - The train is sleek and fast that each night carries Christina Reves away from her country and toward her husband. It races through Denmark's scattered marshes and clicks over a bridge and across the water, stopping 35 minutes later in Sweden.","Chicago Tribune - The train is sleek and fast that each night carries Christina Reves away from her country and toward her husband. It races through Denmark's scattered marshes and clicks over a bridge and across the water, stopping 35 minutes later in Sweden."
train_036005,0,World,The China Post,The China Post,President Chen Shui bian said yesterday he does not expect China to ease its military threat against the island after Chinese President Hu Jintao took over as the country #39;s top military chief.,President Chen Shui bian said yesterday he does not expect China to ease its military threat against the island after Chinese President Hu Jintao took over as the country's top military chief.
train_089470,0,World,Fears grow for Falluja civilians,Fears grow for Falluja civilians,"Iraqis trapped in the besieged rebel city of Falluja face a humanitarian disaster, aid agencies warn.","Iraqis trapped in the besieged rebel city of Falluja face a humanitarian disaster, aid agencies warn."
train_058113,0,World,Annan asks China to play a bigger role,Annan asks China to play a bigger role,UN Secretary-General Kofi Annan told university students in Beijing Monday that China should play a bigger role in global development and world peace.,UN Secretary-General Kofi Annan told university students in Beijing Monday that China should play a bigger role in global development and world peace.
train_014211,0,World,Bush Twins Host Pre-Convention Party (AP),Bush Twins Host Pre-Convention Party (AP),"AP - Barbara and Jenna Bush, the president's 22-year-old twin daughters, arrived like rock 'n' roll stars at a Republican convention party Sunday, complete with red carpet, cameras and paparazzi shouting for a smile.","AP - Barbara and Jenna Bush, the president's 22-year-old twin daughters, arrived like rock 'n' roll stars at a Republican convention party Sunday, complete with red carpet, cameras and paparazzi shouting for a smile."
train_084025,0,World,Thaksin vows  #39;iron fist #39; against rebels in south,Thaksin vows 'iron fist' against rebels in south,BANGKOK Prime Minister Thaksin Shinawatra headed to a Muslim-dominated part of southern Thailand on Sunday after promising to act aggressively against militants and illegal weapons they have used in deadly attacks there.,BANGKOK Prime Minister Thaksin Shinawatra headed to a Muslim-dominated part of southern Thailand on Sunday after promising to act aggressively against militants and illegal weapons they have used in deadly attacks there.
train_022900,0,World,HK legislative poll points to the future,HK legislative poll points to the future,"When the British ruled Hong Kong, as pro-Beijing politicians are fond of pointing out, the territory #39;s people had no direct influence over the way they were governed.","When the British ruled Hong Kong, as pro-Beijing politicians are fond of pointing out, the territory's people had no direct influence over the way they were governed."
train_107570,0,World,Rebels return to 'cleared' areas,Rebels return to 'cleared' areas,"In Fallujah, US forces are going through 50,000 houses one by one. But insurgents are coming back.","In Fallujah, US forces are going through 50,000 houses one by one. But insurgents are coming back."
train_116925,0,World,Blunkett is expected to resign,Blunkett is expected to resign,"Home Secretary David Blunkett is expected to quit on Wednesday, BBC political editor Andrew Marr has said. The news comes amid claims he misused his office to fast-track a visa for his former lover #39;s nanny.","Home Secretary David Blunkett is expected to quit on Wednesday, BBC political editor Andrew Marr has said. The news comes amid claims he misused his office to fast-track a visa for his former lover's nanny."
train_086336,0,World,Cricket: Warne back to face NZ,Cricket: Warne back to face NZ,Australia's Darren Lehmann and Shane Warne return to take on New Zealand.,Australia's Darren Lehmann and Shane Warne return to take on New Zealand.
train_025040,0,World,Copter crash kills cleric,Copter crash kills cleric,"ATHENS -- The Christian Orthodox Patriarch of Alexandria was killed yesterday after an army helicopter transporting him and his entourage to a monastic enclave in northern Greece crashed into the sea, according to government and church officials.","ATHENS -- The Christian Orthodox Patriarch of Alexandria was killed yesterday after an army helicopter transporting him and his entourage to a monastic enclave in northern Greece crashed into the sea, according to government and church officials."
train_084272,0,World,Jitters before assault wearing on soldiers,Jitters before assault wearing on soldiers,"NEAR FALLUJAH, Iraq -- The hulks of the 69-ton M1A1 Abrams tanks were barely visible on the dark desert plain, but the rumble of their engines filled the night.","NEAR FALLUJAH, Iraq -- The hulks of the 69-ton M1A1 Abrams tanks were barely visible on the dark desert plain, but the rumble of their engines filled the night."
train_078254,0,World,Anwar supporters defy police ban to welcome him home to Malaysia,Anwar supporters defy police ban to welcome him home to Malaysia,KUALA LUMPUR : Hundreds of supporters defied a police ban to welcome former deputy prime minister Anwar Ibrahim at the airport on his arrival home after back surgery in Germany.,KUALA LUMPUR : Hundreds of supporters defied a police ban to welcome former deputy prime minister Anwar Ibrahim at the airport on his arrival home after back surgery in Germany.
train_107465,0,World,Court Votes to Strip Pinochet of Immunity,Court Votes to Strip Pinochet of Immunity,An appeals court ruled Thursday to strip former dictator Gen. Augusto Pinochet of immunity from prosecution for a 1974 car bombing that killed an exiled Chilean general and the man's wife.,An appeals court ruled Thursday to strip former dictator Gen. Augusto Pinochet of immunity from prosecution for a 1974 car bombing that killed an exiled Chilean general and the man's wife.
train_038479,0,World,Hurricane Jeanne Takes Aim at Florida,Hurricane Jeanne Takes Aim at Florida,"WEST PALM BEACH, Fla. - Hurricane Jeanne trekked westward Friday on a path that could lead to Florida's east coast by Sunday, setting off another round of storm preparations in a state still reeling from three earlier strikes...","WEST PALM BEACH, Fla. - Hurricane Jeanne trekked westward Friday on a path that could lead to Florida's east coast by Sunday, setting off another round of storm preparations in a state still reeling from three earlier strikes..."
train_089458,0,World,White House Rejects Trade Case Vs. China (AP),White House Rejects Trade Case Vs. China (AP),AP - The Bush administration on Friday rejected a request from 30 members of Congress that it bring a World Trade Organization case against China charging the Asian nation with manipulating its currency to gain unfair trade advantages against the United States.,AP - The Bush administration on Friday rejected a request from 30 members of Congress that it bring a World Trade Organization case against China charging the Asian nation with manipulating its currency to gain unfair trade advantages against the United States.
train_049803,0,World,It's October and It's Time for Playoffs!,It's October and It's Time for Playoffs!,Curt Schilling and Pedro Martinez are revved up. Roger Clemens and Roy Oswalt are rarin' to go...,Curt Schilling and Pedro Martinez are revved up. Roger Clemens and Roy Oswalt are rarin' to go...
train_014688,0,World,ONGC #39;s 10th acquisition abroad,ONGC's 10th acquisition abroad,"ONGC Videsh Ltd, the overseas arm of state-run Oil and Natural Gas Corp, has acquired a majority stake in an oil block in Australia.","ONGC Videsh Ltd, the overseas arm of state-run Oil and Natural Gas Corp, has acquired a majority stake in an oil block in Australia."
train_027992,0,World,Senate Wants Intel Chief With Budget Say (AP),Senate Wants Intel Chief With Budget Say (AP),"AP - The committee writing the Senate's intelligence reorganization plan is recommending creation of a strong national intelligence director with spending power, while leaving the Pentagon in charge of some military spy agencies.","AP - The committee writing the Senate's intelligence reorganization plan is recommending creation of a strong national intelligence director with spending power, while leaving the Pentagon in charge of some military spy agencies."
train_097242,0,World,Plan unveiled to ease Iraq debt,Plan unveiled to ease Iraq debt,Germany has unveiled an international plan to wipe out tens of billions of dollars of Iraqi debt so that the war-torn country can rebuild in earnest.,Germany has unveiled an international plan to wipe out tens of billions of dollars of Iraqi debt so that the war-torn country can rebuild in earnest.
train_076397,0,World,China Pledges Stable Policies,China Pledges Stable Policies," BEIJING (Reuters) - Chinese leaders closed a key economic  meeting on Sunday with pledges to maintain stable fiscal and  monetary policies in 2005 and keep a tight lid on fixed-asset  investment, state radio said.","BEIJING (Reuters) - Chinese leaders closed a key economic meeting on Sunday with pledges to maintain stable fiscal and monetary policies in 2005 and keep a tight lid on fixed-asset investment, state radio said."
train_019650,0,World,"At least 90 dead, 77 missing in China rainstorms","At least 90 dead, 77 missing in China rainstorms","BEIJING : At least 90 people were killed and 77 were missing in torrential storms lashing southwest China, disaster relief officials said.","BEIJING : At least 90 people were killed and 77 were missing in torrential storms lashing southwest China, disaster relief officials said."
train_057225,0,World,Nigerian Unions Launch Strike But Oil Exports Flow,Nigerian Unions Launch Strike But Oil Exports Flow,"Unions began a four-day strike against rising fuel prices in Nigeria on Monday, helping drive world oil prices to record highs even though shipments from Africa #39;s top producer were unaffected.","Unions began a four-day strike against rising fuel prices in Nigeria on Monday, helping drive world oil prices to record highs even though shipments from Africa's top producer were unaffected."
train_031637,0,World,US bolsters force for Afghan poll,US bolsters force for Afghan poll,"The US is to send up to 1,100 extra troops to Afghanistan to provide security for next month's elections.","The US is to send up to 1,100 extra troops to Afghanistan to provide security for next month's elections."
train_011518,0,World,Iraqis flock to shrine after deal,Iraqis flock to shrine after deal,Thousands of Iraqis walk through Najaf to the city's great shrine as a peace deal takes effect.,Thousands of Iraqis walk through Najaf to the city's great shrine as a peace deal takes effect.
train_009093,0,World,Italian troops  #39;to stay in Iraq #39;,Italian troops 'to stay in Iraq',"Italy says it has no intention of withdrawing its 3,000 troops from Iraq in the face of demands from kidnappers who have seized an Italian journalist.","Italy says it has no intention of withdrawing its 3,000 troops from Iraq in the face of demands from kidnappers who have seized an Italian journalist."
train_033395,0,World,Concert blast investigated,Concert blast investigated,"ISTANBUL, Turkey Turkish authorities say a grenade might have caused last night #39;s explosion that injured at least 13 people attending a pop concert.","ISTANBUL, Turkey Turkish authorities say a grenade might have caused last night's explosion that injured at least 13 people attending a pop concert."
train_009826,1,Sports,Second Andre win in a row boosts US gold medal hopes,Second Andre win in a row boosts US gold medal hopes,"Andre Dirrell, fighting with a tattoo of his grandfather #39;s face on his back, assured the United States of at least two boxing medals Wednesday by narrowly beating Cuba #39;s Yordani Despaigne to advance to the Olympic middleweight semifinals.","Andre Dirrell, fighting with a tattoo of his grandfather's face on his back, assured the United States of at least two boxing medals Wednesday by narrowly beating Cuba's Yordani Despaigne to advance to the Olympic middleweight semifinals."
train_090500,1,Sports,NFL Game Summary - Kansas City at New Orleans,NFL Game Summary - Kansas City at New Orleans,"Tight end Tony Gonzalez caught six passes for 71 yards for the Chiefs, who have scored 38 points on their initial drive of the game this season...Safety Jay Bellamy and Fakhir Brown each made nine tackles for the Saints, whose last home win over Kansas ","Tight end Tony Gonzalez caught six passes for 71 yards for the Chiefs, who have scored 38 points on their initial drive of the game this season...Safety Jay Bellamy and Fakhir Brown each made nine tackles for the Saints, whose last home win over Kansas"
train_094586,1,Sports,Team as we know it is history,Team as we know it is history,"The news comes fast and furious. Pedro Martinez goes to Tampa to visit George Steinbrenner. Theo Epstein and John Henry go to Florida for their turn with Pedro. Carl Pavano comes to Boston to visit Curt Schilling. Jason Varitek says he's not a goner. Derek Lowe is a goner, but he says he wishes it could be different. Orlando Cabrera ...","The news comes fast and furious. Pedro Martinez goes to Tampa to visit George Steinbrenner. Theo Epstein and John Henry go to Florida for their turn with Pedro. Carl Pavano comes to Boston to visit Curt Schilling. Jason Varitek says he's not a goner. Derek Lowe is a goner, but he says he wishes it could be different. Orlando Cabrera ..."
train_100956,1,Sports,Colts carry hot streak into Detroit,Colts carry hot streak into Detroit,"The Indianapolis Colts have been on the fast track since October gave way to November. Thursday in Detroit #39;s Ford Field, they #39;ll share the traditional Thanksgiving Day ","The Indianapolis Colts have been on the fast track since October gave way to November. Thursday in Detroit's Ford Field, they'll share the traditional Thanksgiving Day"
train_011500,1,Sports,NCAA denies reinstatement request for Mike Williams,NCAA denies reinstatement request for Mike Williams,"The NCAA refused to reinstate Southern California All-American Mike Williams on Thursday, leaving the star receiver unable to rejoin the top-ranked Trojans after being shut out of the NFL draft by the courts.","The NCAA refused to reinstate Southern California All-American Mike Williams on Thursday, leaving the star receiver unable to rejoin the top-ranked Trojans after being shut out of the NFL draft by the courts."
train_034304,1,Sports,"Cubs, Marlins Split","Cubs, Marlins Split","The Cubs briefly lead the NL wild-card standings after winning the first game of a doubleheader with the Marlins, but lose the sceond.","The Cubs briefly lead the NL wild-card standings after winning the first game of a doubleheader with the Marlins, but lose the sceond."
train_020524,1,Sports,"Mutombo says he #39;s being traded to Rockets; will back up, mentor &lt;b&gt;...&lt;/b&gt;","Mutombo says he's being traded to Rockets; will back up, mentor ...","Dikembe Mutombo, 38, has agreed to a sign-and-trade deal that will send him from the Chicago Bulls to Houston in exchange for Eric Piatkowski, Adrian Griffin and Mike Wilks, the Houston Chronicle reports.","Dikembe Mutombo, 38, has agreed to a sign-and-trade deal that will send him from the Chicago Bulls to Houston in exchange for Eric Piatkowski, Adrian Griffin and Mike Wilks, the Houston Chronicle reports."
train_031713,1,Sports,NL notables,NL notables,Montreal's Tony Armas Jr. was a late scratch for his start at Philadelphia because of tendinitis in his right shoulder.,Montreal's Tony Armas Jr. was a late scratch for his start at Philadelphia because of tendinitis in his right shoulder.
train_046397,1,Sports,It #39;s on to LA for the Giants,It's on to LA for the Giants,"Bee Staff Writer. SAN DIEGO - The San Diego Padres returned the favor, and the playoff-chasing Giants gladly accepted it before a disappointed record crowd of 45,389 at Petco Park.","Bee Staff Writer. SAN DIEGO - The San Diego Padres returned the favor, and the playoff-chasing Giants gladly accepted it before a disappointed record crowd of 45,389 at Petco Park."
train_077751,1,Sports,Yankees Seek to Keep Pitcher Jon Lieber (AP),Yankees Seek to Keep Pitcher Jon Lieber (AP),"AP - After watching their starting pitchers struggle for much of the season, the New York Yankees would like to bring Jon Lieber back for 2005.","AP - After watching their starting pitchers struggle for much of the season, the New York Yankees would like to bring Jon Lieber back for 2005."
train_043869,1,Sports,Chelsea v Porto,Chelsea v Porto,Defender Wayne Bridge is in contention for Chelsea after missing the weekend win at Middlesbrough due to a knock suffered in the draw against Tottenham.,Defender Wayne Bridge is in contention for Chelsea after missing the weekend win at Middlesbrough due to a knock suffered in the draw against Tottenham.
train_090073,1,Sports,Badgers fans hyped about teams undefeated season,Badgers fans hyped about teams undefeated season,"Never in the University of Wisconsin football programs 115-year history have the Badgers been 10-0. That could happen today in East Lansing, Mich.","Never in the University of Wisconsin football programs 115-year history have the Badgers been 10-0. That could happen today in East Lansing, Mich."
train_013413,1,Sports,"Brown Struggles Early, but Yankees End It Fast","Brown Struggles Early, but Yankees End It Fast","Kevin Brown flirted with danger in the early innings, allowing the Blue Jays to take a 4-0 edge before the Yankees finally solved the Toronto lefthander Ted Lilly.","Kevin Brown flirted with danger in the early innings, allowing the Blue Jays to take a 4-0 edge before the Yankees finally solved the Toronto lefthander Ted Lilly."
train_064988,1,Sports,She #39;s Archie in doubt for cup,She's Archie in doubt for cup,Last year #39;s Melbourne Cup runner-up She #39;s Archie is in grave doubt to take her place in this year #39;s field after missing trackwork yesterday morning because of  quot;general soreness quot;.,Last year's Melbourne Cup runner-up She's Archie is in grave doubt to take her place in this year's field after missing trackwork yesterday morning because of quot;general soreness quot;.
train_061204,1,Sports,Bentley comes home just ahead of NE-10 crowd,Bentley comes home just ahead of NE-10 crowd,"The Northeast-10 Conference race is entering the final third of the season, and the four teams atop the standings are separated by just a half-game.","The Northeast-10 Conference race is entering the final third of the season, and the four teams atop the standings are separated by just a half-game."
train_058910,1,Sports,Brazilian striker dies during Indian club match,Brazilian striker dies during Indian club match,Brazilian striker Cristiano de Lima Jr died yesterday after collapsing on the field during a domestic club tournament in the southern Indian city of Bangalore.,Brazilian striker Cristiano de Lima Jr died yesterday after collapsing on the field during a domestic club tournament in the southern Indian city of Bangalore.
train_114497,1,Sports,Turnovers cost Bengals in tough loss,Turnovers cost Bengals in tough loss,"To beat the defending Super Bowl champion New England Patriots anywhere, let alone at Gillette Stadium, it takes a spotless effort.","To beat the defending Super Bowl champion New England Patriots anywhere, let alone at Gillette Stadium, it takes a spotless effort."
train_056949,1,Sports,Yankees beat Twins 6-to-5,Yankees beat Twins 6-to-5,The New York Yankees beat the Twins 6-to-5 Saturday to advance to the AL Championship. They will play the Boston Red Sox. Ruben Sierra hit a three-run homer in the eighth inning.,The New York Yankees beat the Twins 6-to-5 Saturday to advance to the AL Championship. They will play the Boston Red Sox. Ruben Sierra hit a three-run homer in the eighth inning.
train_106105,1,Sports,Brockton has its lines down pat,Brockton has its lines down pat,Brockton reached the postseason by controlling the line of scrimmage and it wasn't about to change its game plan.,Brockton reached the postseason by controlling the line of scrimmage and it wasn't about to change its game plan.
train_061207,1,Sports,Spotlight shines on quarterbacks,Spotlight shines on quarterbacks,"They couldn't be more different. One is the prototype quarterback, seemingly built using the create-a-player function from a video game, standing tall in the pocket and firing laser beams across the field.","They couldn't be more different. One is the prototype quarterback, seemingly built using the create-a-player function from a video game, standing tall in the pocket and firing laser beams across the field."
train_071417,1,Sports,Ravens - Bills: Game Notes,Ravens - Bills: Game Notes,"COMPOSED: With Lewis serving the first game of his two-game suspension for violating the NFL substance-abuse policy, Chester Taylor was effective and decisive in his debut.","COMPOSED: With Lewis serving the first game of his two-game suspension for violating the NFL substance-abuse policy, Chester Taylor was effective and decisive in his debut."
train_016039,1,Sports,Report: Pennington Set to Sign Extension with Jets (Reuters),Report: Pennington Set to Sign Extension with Jets (Reuters),Reuters - The New York Jets and\quarterback Chad Pennington are close to a deal that would make\the quarterback the highest- paid player in franchise history.,Reuters - The New York Jets and quarterback Chad Pennington are close to a deal that would make the quarterback the highest- paid player in franchise history.
train_033769,1,Sports,Fiddling while Madrid burns,Fiddling while Madrid burns,The extraordinary news that Jos Antonio Camacho offered up his resignation on the Sunday after the Espanyol defeat was a fitting end to a fascinating week in La Liga.,The extraordinary news that Jos Antonio Camacho offered up his resignation on the Sunday after the Espanyol defeat was a fitting end to a fascinating week in La Liga.
train_032308,1,Sports,Nebraska holds on for victory,Nebraska holds on for victory,Nebraska capitalized on four Pittsburgh turnovers and batted down a pass in the end zone on the game's final play yesterday to preserve a 24-17 win in the first meeting of the teams since 1958.,Nebraska capitalized on four Pittsburgh turnovers and batted down a pass in the end zone on the game's final play yesterday to preserve a 24-17 win in the first meeting of the teams since 1958.
train_038967,1,Sports,Ricky Must Pay,Ricky Must Pay,"An arbitrator ruled yesterday that tailback Ricky Williams, who retired just before training camp, must repay the Dolphins \$8.6 million.","An arbitrator ruled yesterday that tailback Ricky Williams, who retired just before training camp, must repay the Dolphins $8.6 million."
train_091095,1,Sports,Lehmann gives evidence at hearing into Hookes #39; death,Lehmann gives evidence at hearing into Hookes' death,Darren Lehmann gave evidence Monday at the committal hearing of a man charged in the death of former international cricketer David Hookes.,Darren Lehmann gave evidence Monday at the committal hearing of a man charged in the death of former international cricketer David Hookes.
train_061891,1,Sports,Rescue mission for The Rocket,Rescue mission for The Rocket,"Not that the Astros were tight heading home down 0-2 to the Cardinals, but knowing Roger Clemens would be taking the mound for Saturday #39;s Game 3 of the National League Championship Series had to be a comforting thought.","Not that the Astros were tight heading home down 0-2 to the Cardinals, but knowing Roger Clemens would be taking the mound for Saturday's Game 3 of the National League Championship Series had to be a comforting thought."
train_014622,1,Sports,Boxing: Khan will keep feet on ground,Boxing: Khan will keep feet on ground,TEENAGE boxing sensation Amir Khan punched is way to an Olympic silver medal yesterday - then worried about his homework and passing his driving test.,TEENAGE boxing sensation Amir Khan punched is way to an Olympic silver medal yesterday - then worried about his homework and passing his driving test.
train_086376,1,Sports,No Urban renewal for fading Notre Dame,No Urban renewal for fading Notre Dame,"NEW YORK - When Notre Dame fired Tyrone Willingham earlier this week, there was a strong feeling among certain influential Board of Trustees members that the university had to move immediately or risk losing coveted Utah coach Urban Meyer to another school ","NEW YORK - When Notre Dame fired Tyrone Willingham earlier this week, there was a strong feeling among certain influential Board of Trustees members that the university had to move immediately or risk losing coveted Utah coach Urban Meyer to another school"
train_024304,1,Sports,James fumbles away Colts #39; chances,James fumbles away Colts' chances,"Not once, but twice Edgerrin James thought that his knee had touched the ground, that he had put the Indianapolis Colts in a position to score points.","Not once, but twice Edgerrin James thought that his knee had touched the ground, that he had put the Indianapolis Colts in a position to score points."
train_108305,1,Sports,Former star Murphy testifies in sex assault trial,Former star Murphy testifies in sex assault trial,"HOUSTON - Taking the stand in his own defense, Hall of Fame basketball player Calvin Murphy denied allegations that he sexually abused five of his 10 daughters.","HOUSTON - Taking the stand in his own defense, Hall of Fame basketball player Calvin Murphy denied allegations that he sexually abused five of his 10 daughters."
train_117200,1,Sports,Orgeron to finalize deal with Rebels,Orgeron to finalize deal with Rebels,"Ed Orgeron, Southern California #39;s assistant head coach and defensive line coach, has agreed to become the new coach at Mississippi, USC athletic department sources have told ESPN.","Ed Orgeron, Southern California's assistant head coach and defensive line coach, has agreed to become the new coach at Mississippi, USC athletic department sources have told ESPN."
train_088615,1,Sports,JETS STARRING IN  #39;SURVIVOR #39;,JETS STARRING IN 'SURVIVOR',"With Quincy Carter filling in for the injured Chad Pennington, the Jets #39; season is far from over. Just listen to the TV football experts.","With Quincy Carter filling in for the injured Chad Pennington, the Jets' season is far from over. Just listen to the TV football experts."
train_026234,1,Sports,Italian carmaker revels on home course,Italian carmaker revels on home course,"MONZA, Italy -- Brazilian Rubens Barrichello led a Ferrari 1-2 in the Italian Grand Prix on Sunday to trigger a homecoming party for the Formula One champions.","MONZA, Italy -- Brazilian Rubens Barrichello led a Ferrari 1-2 in the Italian Grand Prix on Sunday to trigger a homecoming party for the Formula One champions."
train_086649,1,Sports,Baseball #39;s image getting Creamed,Baseball's image getting Creamed,"it #39;s the sport that won #39;t die, no matter what. You can have gamblers, psychotic fans, spouses that blab and players who cork.","it's the sport that won't die, no matter what. You can have gamblers, psychotic fans, spouses that blab and players who cork."
train_081156,1,Sports,Francis Makes Magic in Opener,Francis Makes Magic in Opener,"Steve Francis completed a spectacular debut with a driving layup just before the final horn Monday night, leading the Magic to a 93-92 victory over the Milwaukee Bucks in the NBA season opener for both teams.","Steve Francis completed a spectacular debut with a driving layup just before the final horn Monday night, leading the Magic to a 93-92 victory over the Milwaukee Bucks in the NBA season opener for both teams."
train_108197,1,Sports,Five Cities to Make Olympic Presentations (AP),Five Cities to Make Olympic Presentations (AP),AP - IOC president Jacques Rogge said the five cities bidding for the 2012 Olympics accepted his advice and agreed to stop complaining about each other.,AP - IOC president Jacques Rogge said the five cities bidding for the 2012 Olympics accepted his advice and agreed to stop complaining about each other.
train_040541,1,Sports,Hurtin #39; for certain Grossman injured late in Bears #39; loss to &lt;b&gt;...&lt;/b&gt;,Hurtin' for certain Grossman injured late in Bears' loss to ...,"Player of the game: Minnesota QB Daunte Culpepper passed for 248 yards and two TDs, and also ran for a score. Key stat: The Bears had 14 penalties for 101 yards.","Player of the game: Minnesota QB Daunte Culpepper passed for 248 yards and two TDs, and also ran for a score. Key stat: The Bears had 14 penalties for 101 yards."
train_091052,1,Sports,Tennis Masters - Houston USA,Tennis Masters - Houston USA,"Though Tim Henman may be considerably more senior than some of his more illustrious opponents at this weeks Tennis Masters Cup, he isnt quite old enough to recall the Apollo programmes famous moon shots and the sound of Mission Control at Houston ","Though Tim Henman may be considerably more senior than some of his more illustrious opponents at this weeks Tennis Masters Cup, he isnt quite old enough to recall the Apollo programmes famous moon shots and the sound of Mission Control at Houston"
train_053181,1,Sports,Bengals finish strong,Bengals finish strong,"BALTIMORE -- First, Carson Palmer tossed the ball all over the field during his finest day in the NFL.","BALTIMORE -- First, Carson Palmer tossed the ball all over the field during his finest day in the NFL."
train_015358,1,Sports,"Some won, some lost, but Greece triumphed over all","Some won, some lost, but Greece triumphed over all","ATHENS - We owe them an apology, oh yes we do. The Greeks pulled off the Olympic Games after we said they did not have a prayer, and now there #39;s but one way to make it right: The Summer Games belong here ","ATHENS - We owe them an apology, oh yes we do. The Greeks pulled off the Olympic Games after we said they did not have a prayer, and now there's but one way to make it right: The Summer Games belong here"
train_029872,1,Sports,Australia cruise into semifinals,Australia cruise into semifinals,"London, Sept. 16. (PTI): World Champions Australia sounded a stern warning to their rivals as they thumped New Zealand by seven wickets in a Group A league match and entered the semifinals of the ICC Champions Trophy one-day cricket tournament.","London, Sept. 16. (PTI): World Champions Australia sounded a stern warning to their rivals as they thumped New Zealand by seven wickets in a Group A league match and entered the semifinals of the ICC Champions Trophy one-day cricket tournament."
train_098500,1,Sports,Early to rise? Not for UConn,Early to rise? Not for UConn," quot;I think the game played out probably the way I thought it would play out, quot; he said.  quot;I can #39;t say that I #39;m really, really that surprised.","quot;I think the game played out probably the way I thought it would play out, quot; he said. quot;I can't say that I'm really, really that surprised."
train_079506,1,Sports,Henman gains Masters place,Henman gains Masters place,What had appeared a potentially awkward couple of days for Tim Henman were transformed into sweetness and light yesterday morning when he qualified for the eight-man end-of-season Masters Cup in Houston in a fortnight #39;s time without the need to win a ,What had appeared a potentially awkward couple of days for Tim Henman were transformed into sweetness and light yesterday morning when he qualified for the eight-man end-of-season Masters Cup in Houston in a fortnight's time without the need to win a
train_020411,1,Sports,Anderson makes NHRA history with US Nationals win,Anderson makes NHRA history with US Nationals win,"Greg Anderson has so dominated Pro Stock this season that his championship quest has evolved into a pursuit of NHRA history. By Bob Hesser, Racers Edge Photography.","Greg Anderson has so dominated Pro Stock this season that his championship quest has evolved into a pursuit of NHRA history. By Bob Hesser, Racers Edge Photography."
train_060943,1,Sports,Man Guilty in Death of Olympian #39;s Brother,Man Guilty in Death of Olympian's Brother,"LOCK HAVEN, Pa. Oct. 14, 2004 - A former college football player was convicted of murder Thursday in the beating death of the brother of Olympic wrestler Sara McMann.","LOCK HAVEN, Pa. Oct. 14, 2004 - A former college football player was convicted of murder Thursday in the beating death of the brother of Olympic wrestler Sara McMann."
train_032922,1,Sports,"Falcons keep heat on Bulger, RBs","Falcons keep heat on Bulger, RBs","He #39;s a cool guy, a borderline lunatic, someone who can jam the hell out of a Strat. He #39;s got a temper that #39;s quicker than Michael Vick and spent some time last week talking football ","He's a cool guy, a borderline lunatic, someone who can jam the hell out of a Strat. He's got a temper that's quicker than Michael Vick and spent some time last week talking football"
train_012353,1,Sports,'Dream Team' Out of Gold Race After Loss to Argentina,'Dream Team' Out of Gold Race After Loss to Argentina, ATHENS (Reuters) - The U.S. men's basketball team was  beaten by Argentina and booed off the court by the crowd on  Friday as it was denied an Olympic gold medal for the first  time since 1992 when NBA players started competing.,ATHENS (Reuters) - The U.S. men's basketball team was beaten by Argentina and booed off the court by the crowd on Friday as it was denied an Olympic gold medal for the first time since 1992 when NBA players started competing.
train_010032,1,Sports,Curacao Rallies to Beat Taiwan 9-8 in LLWS (AP),Curacao Rallies to Beat Taiwan 9-8 in LLWS (AP),"AP - Down four runs with only three outs left, Curacao manager Vernon Isabella thought his team's run for a championship was over. That was until Jonathan Schoop led an unlikely rally.","AP - Down four runs with only three outs left, Curacao manager Vernon Isabella thought his team's run for a championship was over. That was until Jonathan Schoop led an unlikely rally."
train_035828,1,Sports,Charlotte Bobcats Pick Up Option on Ely (AP),Charlotte Bobcats Pick Up Option on Ely (AP),AP - The Charlotte Bobcats picked up the option on center Melvin Ely for the 2005-06 season.,AP - The Charlotte Bobcats picked up the option on center Melvin Ely for the 2005-06 season.
train_009285,2,Business,US house sales fall in July,US house sales fall in July,Sales of non-new houses in the US fell last month but still exceeded analyst forecasts.,Sales of non-new houses in the US fell last month but still exceeded analyst forecasts.
train_090920,2,Business,DJ to acquire MarketWatch,DJ to acquire MarketWatch,"Dow Jones  amp; Co., publisher of the Wall Street Journal, says it has agreed to buy online news site MarketWatch Inc. in a \$519 million deal that widens its Internet audience.","Dow Jones amp; Co., publisher of the Wall Street Journal, says it has agreed to buy online news site MarketWatch Inc. in a $519 million deal that widens its Internet audience."
train_094615,2,Business,Dollar hits new low on Snow speech,Dollar hits new low on Snow speech,"The United States supports a  quot;strong dollar, quot; Treasury Secretary John Snow said, while suggesting the Bush administration will not act to boost its value. His comments sent the currency plunging to a record low against the euro.","The United States supports a quot;strong dollar, quot; Treasury Secretary John Snow said, while suggesting the Bush administration will not act to boost its value. His comments sent the currency plunging to a record low against the euro."
train_101102,2,Business,Yukos executives 'flee' Russia,Yukos executives 'flee' Russia,All the top executives at Russian oil giant Yukos have fled the country in fear of arrest as the government seeks to sell off its main asset.,All the top executives at Russian oil giant Yukos have fled the country in fear of arrest as the government seeks to sell off its main asset.
train_010658,2,Business,Smithfield quarterly profits beat outlook,Smithfield quarterly profits beat outlook,"SMITHFIELD, Va. Meat processor Smithfield Foods says its income more than doubled in the most recent quarter. The company cites improved profitability in the hog production segment, combined with strong results ","SMITHFIELD, Va. Meat processor Smithfield Foods says its income more than doubled in the most recent quarter. The company cites improved profitability in the hog production segment, combined with strong results"
train_036158,2,Business,Morgan Stanley cracks in 3Q,Morgan Stanley cracks in 3Q,"Investment bank misses estimates as trading income plunges, other units fail to pick up the slack. By Rob Cox, Breakingviews. LONDON (Breakingviews) - Morgan Stanley is the first to slip.","Investment bank misses estimates as trading income plunges, other units fail to pick up the slack. By Rob Cox, Breakingviews. LONDON (Breakingviews) - Morgan Stanley is the first to slip."
train_022100,2,Business,ING Names Business Units in Trade Woes,ING Names Business Units in Trade Woes,"ING Groep NV has disclosed new details of trading improprieties in its mutual funds and variable-insurance products, but research firm Morningstar Inc.","ING Groep NV has disclosed new details of trading improprieties in its mutual funds and variable-insurance products, but research firm Morningstar Inc."
train_033482,2,Business,"Lennar Profit Up 12 Pct, Shares Fall","Lennar Profit Up 12 Pct, Shares Fall","Home builder Lennar Corp. (LEN.N: Quote, Profile, Research) on Monday reported a 12 percent rise in quarterly profit and raised its forecasts for the current and following year, citing a stable economy.","Home builder Lennar Corp. (LEN.N: Quote, Profile, Research) on Monday reported a 12 percent rise in quarterly profit and raised its forecasts for the current and following year, citing a stable economy."
train_047127,2,Business,"US manufacturing activity picks up, construction surges to record &lt;b&gt;...&lt;/b&gt;","US manufacturing activity picks up, construction surges to record ...","US manufacturing activity remained strong in September and construction spending surged to a record high in August, according to a pair of reports issued Friday that provided an optimistic look at the sturdiness of the economy.","US manufacturing activity remained strong in September and construction spending surged to a record high in August, according to a pair of reports issued Friday that provided an optimistic look at the sturdiness of the economy."
train_077638,2,Business,Ottawa Says Time to Stop Protecting Air Canada,Ottawa Says Time to Stop Protecting Air Canada,"The Canadian government, in a radical shift, said on Friday it was time to stop protecting national carrier Air Canada as it mulled whether to lift foreign ownership restrictions on the country #39;s airlines.","The Canadian government, in a radical shift, said on Friday it was time to stop protecting national carrier Air Canada as it mulled whether to lift foreign ownership restrictions on the country's airlines."
train_045232,2,Business,Russia Delays Review of Yukos Subsidiary Licenses,Russia Delays Review of Yukos Subsidiary Licenses,Russia #39;s Natural Resources Ministry has postponed consideration of whether to suspend the licenses of the main subsidiary of the troubled giant oil firm Yukos.,Russia's Natural Resources Ministry has postponed consideration of whether to suspend the licenses of the main subsidiary of the troubled giant oil firm Yukos.
train_089939,2,Business,National union leaders set a timeline for change,National union leaders set a timeline for change,"November 11, 2004. WASHINGTON -aced with the impact of labor #39;s political loss on Nov. 2, the AFL-CIO Executive Council decided on Nov. 10 on a timeline for changes in the union movement ","November 11, 2004. WASHINGTON -aced with the impact of labor's political loss on Nov. 2, the AFL-CIO Executive Council decided on Nov. 10 on a timeline for changes in the union movement"
train_013308,2,Business,BA launches inquiry,BA launches inquiry,"The chief executive of British Airways, Rod Eddington, says he will carry out an investigation into the staff shortages that caused flight cancellations this week.","The chief executive of British Airways, Rod Eddington, says he will carry out an investigation into the staff shortages that caused flight cancellations this week."
train_065944,2,Business,FT gets Collins Stewart claim struck out,FT gets Collins Stewart claim struck out,The Financial Times today won its action to strike out a record 230.5m libel damages claim from City brokers Collins Stewart that could have closed down the pink paper.,The Financial Times today won its action to strike out a record 230.5m libel damages claim from City brokers Collins Stewart that could have closed down the pink paper.
train_062156,2,Business,Things better without Conway?,Things better without Conway?,"PeopleSoft Inc., in the midst of fighting a takeover bid from Oracle Corp., is  quot;in better shape quot; because of the departures of Chief Executive Craig Conway and a senior technology official, a director testified.","PeopleSoft Inc., in the midst of fighting a takeover bid from Oracle Corp., is quot;in better shape quot; because of the departures of Chief Executive Craig Conway and a senior technology official, a director testified."
train_060130,2,Business,Bank of Montreal to acquire Indiana-based institution,Bank of Montreal to acquire Indiana-based institution,Toronto (Dow Jones) -- Bank of Montreal on Wednesday said it agreed to acquire Mercantile Bancorp Inc. for \$156.5 million as it moves to expand in the Midwest region of the United States.,Toronto (Dow Jones) -- Bank of Montreal on Wednesday said it agreed to acquire Mercantile Bancorp Inc. for $156.5 million as it moves to expand in the Midwest region of the United States.
train_115299,2,Business,Vodafone 'OKs Verizon Sprint bid',Vodafone 'OKs Verizon Sprint bid',US telecoms firm Verizon is reported to have won the backing of mobile partner Vodafone for a bid for US rival Sprint.,US telecoms firm Verizon is reported to have won the backing of mobile partner Vodafone for a bid for US rival Sprint.
train_058405,2,Business,Third Quarter Gannett Earns Up 11 Percent,Third Quarter Gannett Earns Up 11 Percent,"NEW YORK - Gannett Co., the largest newspaper publisher in the country, reported an 11 percent increase in third-quarter earnings Tuesday on gains in advertising, particularly classified real estate and help-wanted ads.","NEW YORK - Gannett Co., the largest newspaper publisher in the country, reported an 11 percent increase in third-quarter earnings Tuesday on gains in advertising, particularly classified real estate and help-wanted ads."
train_107044,2,Business,Samsung Faces Concerns Over Margins,Samsung Faces Concerns Over Margins," SEOUL (Reuters) - Concern over falling profit margins at  Samsung Electronics Co. Ltd. grew on Thursday as the company  said it was spending more on handset marketing and a top broker  issued a ""sell"" rating on its stock for the first time in  years.","SEOUL (Reuters) - Concern over falling profit margins at Samsung Electronics Co. Ltd. grew on Thursday as the company said it was spending more on handset marketing and a top broker issued a ""sell"" rating on its stock for the first time in years."
train_062181,2,Business,"Wall Street Faces 2 Elections, Not Just 1 (Reuters)","Wall Street Faces 2 Elections, Not Just 1 (Reuters)",Reuters - The waiting game for the U.S.\presidential election ends two weeks from Tuesday -- but then\investors can turn over the timer and start again.,Reuters - The waiting game for the U.S. presidential election ends two weeks from Tuesday -- but then investors can turn over the timer and start again.
train_072668,2,Business,Indian Central Bank Raises Key Rate to Curb Prices (Update2),Indian Central Bank Raises Key Rate to Curb Prices (Update2),"India #39;s central bank unexpectedly raised a key interest rate for the first time in four years, saying record oil prices and rising corporate demand for credit threaten to fuel inflation.","India's central bank unexpectedly raised a key interest rate for the first time in four years, saying record oil prices and rising corporate demand for credit threaten to fuel inflation."
train_016383,2,Business,Coke is it: BHP coal to double,Coke is it: BHP coal to double,BHP Billiton plans an aggressive \$US1.5-2 billion (\$2.1-2.8 billion) near-doubling of its coking coal production over the next five years to meet the China-inspired surge in demand for carbon steel-making materials through mine expansions and developments ,BHP Billiton plans an aggressive $US1.5-2 billion ($2.1-2.8 billion) near-doubling of its coking coal production over the next five years to meet the China-inspired surge in demand for carbon steel-making materials through mine expansions and developments
train_035797,2,Business,Video game giants roll out products,Video game giants roll out products,Nintendo Co. and Sony Corp. made separate product announcements Tuesday that the video game giants hope will attract more customers ahead of the highly competitive holiday shopping season.,Nintendo Co. and Sony Corp. made separate product announcements Tuesday that the video game giants hope will attract more customers ahead of the highly competitive holiday shopping season.
train_034436,2,Business,Oil prices up on Yukos woes,Oil prices up on Yukos woes,"NEW YORK -- Oil prices broke above \$46 yesterday after Russian oil giant Yukos said it would cut some oil shipments to China, the first toll on exports from the company's financial turmoil.","NEW YORK -- Oil prices broke above $46 yesterday after Russian oil giant Yukos said it would cut some oil shipments to China, the first toll on exports from the company's financial turmoil."
train_040579,2,Business,"Australia #39;s S amp;P/ASX 200 Falls; Origin Declines, Woodside Climbs","Australia's S amp;P/ASX 200 Falls; Origin Declines, Woodside Climbs",Australia #39;s S amp;P/ASX 200 Index fell for a third day. Origin Energy Ltd. declined after New Zealand #39;s Contact Energy Ltd.,Australia's S amp;P/ASX 200 Index fell for a third day. Origin Energy Ltd. declined after New Zealand's Contact Energy Ltd.
train_091480,2,Business,Harmony Grabs Hold of Gold Fields,Harmony Grabs Hold of Gold Fields,HARMONY is set to become the world #39;s biggest gold producing mining company in just four months. This week Harmony moved closer to successfully concluding its hostile bid for rival Gold Fields.,HARMONY is set to become the world's biggest gold producing mining company in just four months. This week Harmony moved closer to successfully concluding its hostile bid for rival Gold Fields.
train_063000,2,Business,"UPDATE 2-Blockbuster cuts online price, challenges Netflix","UPDATE 2-Blockbuster cuts online price, challenges Netflix","Video chain Blockbuster Inc (BBI.N: Quote, Profile, Research) on Friday said it would lower the price of its online DVD rentals to undercut a similar move by Netflix Inc.","Video chain Blockbuster Inc (BBI.N: Quote, Profile, Research) on Friday said it would lower the price of its online DVD rentals to undercut a similar move by Netflix Inc."
train_015370,2,Business,Twinkies maker in crisis,Twinkies maker in crisis,There #39;s an old saying in the business world when a sale seems all but assured: It was as easy as selling Hostess Twinkies. That may no longer be true.,There's an old saying in the business world when a sale seems all but assured: It was as easy as selling Hostess Twinkies. That may no longer be true.
train_086760,2,Business,Revlon 3rd-Quarter Loss Widens,Revlon 3rd-Quarter Loss Widens," CHICAGO (Reuters) - Cosmetics maker Revlon Inc. &lt;A HREF=""http://www.investor.reuters.com/FullQuote.aspx?ticker=REV.N target=/stocks/quickinfo/fullquote""&gt;REV.N&lt;/A&gt; on  Wednesday said its third-quarter net loss widened on  refinancing costs and declining sales.",CHICAGO (Reuters) - Cosmetics maker Revlon Inc. REV.N on Wednesday said its third-quarter net loss widened on refinancing costs and declining sales.
train_025874,2,Business,BAE buys Pentagon contractor,BAE buys Pentagon contractor,"British defense firm BAE Systems has agreed to pay \$600 million (333.7 million pounds) for DigitalNet Holdings, a maker of secure Pentagon computer networks, the companies say in a weekend statement.","British defense firm BAE Systems has agreed to pay $600 million (333.7 million pounds) for DigitalNet Holdings, a maker of secure Pentagon computer networks, the companies say in a weekend statement."
train_108756,2,Business,US Newspapers and their Audience,US Newspapers and their Audience,"USA Today is read by people who think they ought to run the country but dont really understand the Washington Post. They do, however, like their smog statistics shown in pie charts.","USA Today is read by people who think they ought to run the country but dont really understand the Washington Post. They do, however, like their smog statistics shown in pie charts."
train_117370,2,Business,Yukos files for bankruptcy protection in Bush #39;s backyard,Yukos files for bankruptcy protection in Bush's backyard,Russian oil giant Yukos yesterday increased the stakes in its battle with the Kremlin when it filed for bankruptcy in the United States in an unusual move possibly intended to pitch Washington against Moscow.,Russian oil giant Yukos yesterday increased the stakes in its battle with the Kremlin when it filed for bankruptcy in the United States in an unusual move possibly intended to pitch Washington against Moscow.
train_088469,2,Business,Study May ID Source of Vioxx Problem,Study May ID Source of Vioxx Problem,"Nov. 11, 2004 -- A private research team claims to have identified a unique action of the painkiller Vioxx, which is independent of its anti-inflammatory action, that might explain why it #39;s linked to heart ","Nov. 11, 2004 -- A private research team claims to have identified a unique action of the painkiller Vioxx, which is independent of its anti-inflammatory action, that might explain why it's linked to heart"
train_028095,2,Business,European Shares Tread Water,European Shares Tread Water, LONDON (Reuters) - European shares traded sideways on  Wednesday but banks were a bright spot as Britain's HBOS  rallied on relief it would not be wading into a bidding war for  domestic peer Abbey.,LONDON (Reuters) - European shares traded sideways on Wednesday but banks were a bright spot as Britain's HBOS rallied on relief it would not be wading into a bidding war for domestic peer Abbey.
train_086989,2,Business,Oil Climbing Back Up After Supply Report,Oil Climbing Back Up After Supply Report, LONDON (Reuters) - Oil prices rebounded from seven-week  lows on Wednesday as U.S. heating oil stocks fell for an eighth  straight week ahead of winter.,LONDON (Reuters) - Oil prices rebounded from seven-week lows on Wednesday as U.S. heating oil stocks fell for an eighth straight week ahead of winter.
train_081385,2,Business,Asian telecom firms come together,Asian telecom firms come together,Seven Asian telecommunications firms are coming together to invest between \$30m and \$40m (16.3m and 22m) in new mobile phone services and technology.,Seven Asian telecommunications firms are coming together to invest between $30m and $40m (16.3m and 22m) in new mobile phone services and technology.
train_108647,2,Business,"Employers Add 112,000 New Jobs in Nov.","Employers Add 112,000 New Jobs in Nov.","Employers slowed their hiring as they headed into the holiday shopping season, adding just 112,000 new jobs in November for the weakest gain in five months.","Employers slowed their hiring as they headed into the holiday shopping season, adding just 112,000 new jobs in November for the weakest gain in five months."
train_042795,2,Business,"Amazon.com, Microsoft sue spammers,  #39;phishers #39;","Amazon.com, Microsoft sue spammers, 'phishers'",Amazon.com Inc. and Microsoft Corp. have filed several lawsuits in various Seattle courts aimed at computer spammers and  quot;phishers quot; who use a look-alike Amazon.,Amazon.com Inc. and Microsoft Corp. have filed several lawsuits in various Seattle courts aimed at computer spammers and quot;phishers quot; who use a look-alike Amazon.
train_091462,2,Business,Boston Scientific to Offer Senior Notes,Boston Scientific to Offer Senior Notes,Medical device maker Boston Scientific Corp. on Monday said it is launching a public offering of two series of its senior notes to repay commercial paper borrowings and for general corporate purposes.,Medical device maker Boston Scientific Corp. on Monday said it is launching a public offering of two series of its senior notes to repay commercial paper borrowings and for general corporate purposes.
train_053785,2,Business,KPMG Units Agree to Pay to Settle Malpractice Suits,KPMG Units Agree to Pay to Settle Malpractice Suits,"The American and Belgian arms of KPMG International, a global accounting cooperative based in Switzerland, have agreed to pay \$115 million to settle claims of accounting malpractice growing ","The American and Belgian arms of KPMG International, a global accounting cooperative based in Switzerland, have agreed to pay $115 million to settle claims of accounting malpractice growing"
train_015884,2,Business,A cure for shortage?,A cure for shortage?,"It #39;s too late for this year #39;s flu season, but a Canadian drug company yesterday said it has agreed to provide influenza vaccines to Henry Schein Inc.","It's too late for this year's flu season, but a Canadian drug company yesterday said it has agreed to provide influenza vaccines to Henry Schein Inc."
train_031111,2,Business,US Stocks Up Slightly After Ford Forecast,US Stocks Up Slightly After Ford Forecast," NEW YORK (Reuters) - U.S. blue chips edged higher on   Friday after Ford Motor Co. &lt;A HREF=""http://www.investor.reuters.com/FullQuote.aspx?ticker=F.N target=/stocks/quickinfo/fullquote""&gt;F.N&lt;/A&gt; raised its earnings  forecasts, but wireless technology provider Qualcomm Inc.  &lt;A HREF=""http://www.investor.reuters.com/FullQuote.aspx?ticker=QCOM.O target=/stocks/quickinfo/fullquote""&gt;QCOM.O&lt;/A&gt; held back the Nasdaq after saying an accounting review  may reduce pretax income.  ","NEW YORK (Reuters) - U.S. blue chips edged higher on Friday after Ford Motor Co. F.N raised its earnings forecasts, but wireless technology provider Qualcomm Inc. QCOM.O held back the Nasdaq after saying an accounting review may reduce pretax income."
train_098891,2,Business,Oracle #39;s next fight seen at boardroom,Oracle's next fight seen at boardroom,"LOS ANGLES (CBS.MW) - Following its latest rejection, the next stage in Oracle Corp #39;s battle to buy PeopleSoft is set to begin in a courtroom on Wednesday.","LOS ANGLES (CBS.MW) - Following its latest rejection, the next stage in Oracle Corp's battle to buy PeopleSoft is set to begin in a courtroom on Wednesday."
train_079836,2,Business,VW and unions begin a new round of talks,VW and unions begin a new round of talks,"HANNOVER, Germany Senior negotiators from Volkswagen and its main union entered another round of negotiations on Tuesday as they worked to reach a cost-cutting contract and head off the first comprehensive strike at the automaker #39;s factories in western ","HANNOVER, Germany Senior negotiators from Volkswagen and its main union entered another round of negotiations on Tuesday as they worked to reach a cost-cutting contract and head off the first comprehensive strike at the automaker's factories in western"
train_021954,2,Business,U.S. Stocks Slip as Profit Warnings Weigh,U.S. Stocks Slip as Profit Warnings Weigh," NEW YORK (Reuters) - U.S. stocks slipped on Wednesday after  several companies issued profit warnings, while Fed Chairman  Alan Greenspan's remarks that the economy was pulling out of a  summer soft patch did little to quell expectations for a rate  hike later this month.","NEW YORK (Reuters) - U.S. stocks slipped on Wednesday after several companies issued profit warnings, while Fed Chairman Alan Greenspan's remarks that the economy was pulling out of a summer soft patch did little to quell expectations for a rate hike later this month."
train_061851,2,Business,Jeremy Warner #39;s Outlook: Is anyone safe as Spitzer takes aim at &lt;b&gt;...&lt;/b&gt;,Jeremy Warner's Outlook: Is anyone safe as Spitzer takes aim at ...,"Is no one safe from Eliot Spitzer #39;s accusing finger? After the investment banking, fund management and pharmaceuticals industries comes the insurance sector, which in a suit filed by the New York attorney ","Is no one safe from Eliot Spitzer's accusing finger? After the investment banking, fund management and pharmaceuticals industries comes the insurance sector, which in a suit filed by the New York attorney"
train_035301,2,Business,U.S. Oil Clings Near \$47,U.S. Oil Clings Near $47," SINGAPORE (Reuters) - U.S. oil prices hovered near \$47 a  barrel on Wednesday, awaiting data that was expected to show a  big drop in fuel stocks in the United States due to  weather-related disruptions to output and shipments.","SINGAPORE (Reuters) - U.S. oil prices hovered near $47 a barrel on Wednesday, awaiting data that was expected to show a big drop in fuel stocks in the United States due to weather-related disruptions to output and shipments."
train_011358,2,Business,Rentokil rules out break-up,Rentokil rules out break-up,"Rentokil Initial, supplier of services ranging from security guards and pest control to conferences and exotic plants, has ruled out breaking itself up, despite tumbling profits and a swirl of takeover speculation.","Rentokil Initial, supplier of services ranging from security guards and pest control to conferences and exotic plants, has ruled out breaking itself up, despite tumbling profits and a swirl of takeover speculation."
train_009450,2,Business,HHG gets out of red zone,HHG gets out of red zone,AMP spin-off HHG plc has produced a pound stg. 46 million (\$A117 million) profit for the six months to June 30 - a massive turnaround from the pound stg.,AMP spin-off HHG plc has produced a pound stg. 46 million ($A117 million) profit for the six months to June 30 - a massive turnaround from the pound stg.
train_037448,2,Business,"Stocks Drop on \$49 Oil, Slowing Economy","Stocks Drop on $49 Oil, Slowing Economy"," NEW YORK (Reuters) - U.S. blue-chip stocks fell  on  Thursday to nearly a five-week low as crude oil touched \$49 a  barrel, close to the record set last month, and a key gauge of  future economic activity fell for a third straight month.","NEW YORK (Reuters) - U.S. blue-chip stocks fell on Thursday to nearly a five-week low as crude oil touched $49 a barrel, close to the record set last month, and a key gauge of future economic activity fell for a third straight month."
train_009047,3,Sci/Tech,Gartner optimistic about chip numbers,Gartner optimistic about chip numbers,"But that optimism isn #39;t matched by Infineon, which said that while the market worldwide remains buoyant, the US is a special case and cautioned that growth might not be as strong as it expected.","But that optimism isn't matched by Infineon, which said that while the market worldwide remains buoyant, the US is a special case and cautioned that growth might not be as strong as it expected."
train_088457,3,Sci/Tech,Fossil Indicates Brown Bears Went South,Fossil Indicates Brown Bears Went South,"CALGARY, Alberta - A fossilized jaw found in an Alberta gravel pit may have cleared up a mystery for researchers wondering how brown bears originally made it across North America.","CALGARY, Alberta - A fossilized jaw found in an Alberta gravel pit may have cleared up a mystery for researchers wondering how brown bears originally made it across North America."
train_092488,3,Sci/Tech,Cryptic responds!,Cryptic responds!,"As reported by The Associated Press, Marvel Enterprises Inc. and Marvel Characters, Inc. have sued NCsoft Corporation and Cryptic Studios.","As reported by The Associated Press, Marvel Enterprises Inc. and Marvel Characters, Inc. have sued NCsoft Corporation and Cryptic Studios."
train_099387,3,Sci/Tech,Mozilla backtracks in eBay privacy flap,Mozilla backtracks in eBay privacy flap,The Mozilla Foundation has updated the German-language version of Firefox in a bid to defuse a growing controversy over the way its search toolbar handles private customer data.,The Mozilla Foundation has updated the German-language version of Firefox in a bid to defuse a growing controversy over the way its search toolbar handles private customer data.
train_010019,3,Sci/Tech,New technique to enhance semiconductors,New technique to enhance semiconductors,"Conventional silicon based microchips have been known to be problematic at high temperatures, often due to heat generated by the circuit within while operating at high frequencies.","Conventional silicon based microchips have been known to be problematic at high temperatures, often due to heat generated by the circuit within while operating at high frequencies."
train_033513,3,Sci/Tech,Newfound Comet Set for Winter Display (SPACE.com),Newfound Comet Set for Winter Display (SPACE.com),"SPACE.com - Donald Machholz of Colfax, \  California, an optician who has been interested in astronomy since age eight, \  discovered nine comets from 1978 through 1994. He has since spent 1,457 hours \  scanning the skies for other comets, without any luck.","SPACE.com - Donald Machholz of Colfax, California, an optician who has been interested in astronomy since age eight, discovered nine comets from 1978 through 1994. He has since spent 1,457 hours scanning the skies for other comets, without any luck."
train_020126,3,Sci/Tech,Intel and AMD battle for dual-core chips,Intel and AMD battle for dual-core chips,Advanced Micro Devices (AMD) showcased its dual-core x86 Opteron microprocessor this week. The upcoming dual-core CPU for the enterprise enviornment is expected to debut in mid-2005 and was housed in a HP ProLiant DL585 server.,Advanced Micro Devices (AMD) showcased its dual-core x86 Opteron microprocessor this week. The upcoming dual-core CPU for the enterprise enviornment is expected to debut in mid-2005 and was housed in a HP ProLiant DL585 server.
train_030003,3,Sci/Tech,Vodafone Peddles New BlackBerry,Vodafone Peddles New BlackBerry,"Research In Motion #39;s BlackBerry 7100v, which sports the company #39;s latest keyboard technology, is being offered exclusively through Vodafone.","Research In Motion's BlackBerry 7100v, which sports the company's latest keyboard technology, is being offered exclusively through Vodafone."
train_044273,3,Sci/Tech,US rocket team halfway to winning \$10-million prize,US rocket team halfway to winning $10-million prize,"MOJAVE, CALIF. - A privately built and operated spacecraft roared out of the atmosphere on Wednesday with a historic flight that brings the team one step closer to winning a \$10-million US prize.","MOJAVE, CALIF. - A privately built and operated spacecraft roared out of the atmosphere on Wednesday with a historic flight that brings the team one step closer to winning a $10-million US prize."
train_075106,3,Sci/Tech,The IPod's New Trick: Photo Show,The IPod's New Trick: Photo Show,The iPod Photo looks and feels exactly like the existing iPod -- except it can display your photos on a bright screen. Should you buy it?,The iPod Photo looks and feels exactly like the existing iPod -- except it can display your photos on a bright screen. Should you buy it?
train_042493,3,Sci/Tech,Asteroid Toutatis Makes Closest Pass in 651 Years (Reuters),Asteroid Toutatis Makes Closest Pass in 651 Years (Reuters),Reuters - An asteroid named for a Celtic god\of war will come as close to Earth this week as it has since\1353.,Reuters - An asteroid named for a Celtic god of war will come as close to Earth this week as it has since 1353.
train_087946,3,Sci/Tech,Will Microsoft Lose The Browser Wars?,Will Microsoft Lose The Browser Wars?,"Will Microsoft Lose The Browser Wars?\\Until recently, software giant, Microsoft's Internet Explorer Web browser enjoyed a relatively unchallenged position as the most popular Web browser in the world.\\Despite lawsuits and charges of unfair competition from the likes of Netscape and others, Microsoft dominates browser software with over 90 market share.\\Microsoft's ...","Will Microsoft Lose The Browser Wars? Until recently, software giant, Microsoft's Internet Explorer Web browser enjoyed a relatively unchallenged position as the most popular Web browser in the world. Despite lawsuits and charges of unfair competition from the likes of Netscape and others, Microsoft dominates browser software with over 90 market share. Microsoft's ..."
train_012241,3,Sci/Tech,HP cues iPod,HP cues iPod,Hewlett-Packard brands its own version of Apple's music player and introduces a line of consumer products.,Hewlett-Packard brands its own version of Apple's music player and introduces a line of consumer products.
train_061881,3,Sci/Tech,Faster AMD Athlon 64 #39;s On The Way,Faster AMD Athlon 64's On The Way,"Chips such as the Athlon 64 FX and Intel #39;s Pentium 4 Extreme Edition populate the very top of the desktop market, appearing mainly in game machines fitted with the latest graphics cards and high-performance storage systems to render games with the ","Chips such as the Athlon 64 FX and Intel's Pentium 4 Extreme Edition populate the very top of the desktop market, appearing mainly in game machines fitted with the latest graphics cards and high-performance storage systems to render games with the"
train_058817,3,Sci/Tech,Briefly: Piracy crackdown yields \$2.2 million,Briefly: Piracy crackdown yields $2.2 million,roundup Plus: Sun draws Nvidia graphics into Solaris...Tibco scoops up software company...PeopleSoft extends customer assurance.,roundup Plus: Sun draws Nvidia graphics into Solaris...Tibco scoops up software company...PeopleSoft extends customer assurance.
train_057117,3,Sci/Tech,General Wireless #39; Technology Opens up New Ways for PC Users to &lt;b&gt;...&lt;/b&gt;,General Wireless' Technology Opens up New Ways for PC Users to ...,"STOCKHOLM, Sweden, October 11 /PRNewswire/ -- Following an agreement between Vodafone UK, Starhome and General Wireless, Vodafone #39;s business customers can now send and receive text messages (SMS) in their MS-Outlook and Lotus Notes.","STOCKHOLM, Sweden, October 11 /PRNewswire/ -- Following an agreement between Vodafone UK, Starhome and General Wireless, Vodafone's business customers can now send and receive text messages (SMS) in their MS-Outlook and Lotus Notes."
train_114804,3,Sci/Tech,O #39;Keefe to meet on Thursday with LSU chancellor search committee,O'Keefe to meet on Thursday with LSU chancellor search committee,"The head of the nation #39;s space program will interview for the job as chancellor of LSU this week. NASA Administrator Sean O #39;Keefe, who has ties to Louisiana, has been recruited by LSU officials ","The head of the nation's space program will interview for the job as chancellor of LSU this week. NASA Administrator Sean O'Keefe, who has ties to Louisiana, has been recruited by LSU officials"
train_054648,3,Sci/Tech,Ex-NASA Worker Pleads Innocent of Fake Inspections,Ex-NASA Worker Pleads Innocent of Fake Inspections,A fired NASA safety inspector accused of falsifying space shuttle inspection reports pleaded not guilty to 166 criminal charges on Friday and a trial was tentatively set for Dec. 1.,A fired NASA safety inspector accused of falsifying space shuttle inspection reports pleaded not guilty to 166 criminal charges on Friday and a trial was tentatively set for Dec. 1.
train_105972,3,Sci/Tech,Microsoft investigates Windows Server flaw,Microsoft investigates Windows Server flaw,"Microsoft is investigating a security flaw in Windows server software that could allow an attacker to gain complete control over systems running the software, the company said.","Microsoft is investigating a security flaw in Windows server software that could allow an attacker to gain complete control over systems running the software, the company said."
train_058824,3,Sci/Tech,Inputs are dangerous,Inputs are dangerous,"Well, it #39;s  quot;Patch Day Tuesday quot; again, and Microsoft just released another raft of security bulletins. We got ten bulletins this time, but that amounts to something upwind of 20 separate vulnerabilities ","Well, it's quot;Patch Day Tuesday quot; again, and Microsoft just released another raft of security bulletins. We got ten bulletins this time, but that amounts to something upwind of 20 separate vulnerabilities"
train_069071,3,Sci/Tech,Mercent to help Guess sell on Amazon,Mercent to help Guess sell on Amazon,E-commerce Web services specialist is helping retailers take the guesswork out of setting up shop on Amazon.,E-commerce Web services specialist is helping retailers take the guesswork out of setting up shop on Amazon.
train_015464,3,Sci/Tech,Election Overseers Want Big Win,Election Overseers Want Big Win,"Administrators are hoping that the victor in this year's presidential election will win by a wide margin. A close race, they fear, will result in more charges of voter fraud and demands for recounts. Kim Zetter reports from Washington.","Administrators are hoping that the victor in this year's presidential election will win by a wide margin. A close race, they fear, will result in more charges of voter fraud and demands for recounts. Kim Zetter reports from Washington."
train_033025,3,Sci/Tech,"Nokia pulls out, Sony Ericsson goes in","Nokia pulls out, Sony Ericsson goes in","STRANGE. THE DAY after Sony Ericsson announces it has done a deal with the Financial Times (FT) to offer content via its portal, Nokia says it is reigning back its own portal, Club Nokia.","STRANGE. THE DAY after Sony Ericsson announces it has done a deal with the Financial Times (FT) to offer content via its portal, Nokia says it is reigning back its own portal, Club Nokia."
train_030914,3,Sci/Tech,Newfound Comet Set for Winter Display (SPACE.com),Newfound Comet Set for Winter Display (SPACE.com),"SPACE.com - Donald Machholz of Colfax, \  California, an optician who has been interested in astronomy since age eight, \  discovered nine comet from 1978 through 1994. He has since spent 1,457 hours \  scanning the skies for other comets, without any luck.","SPACE.com - Donald Machholz of Colfax, California, an optician who has been interested in astronomy since age eight, discovered nine comet from 1978 through 1994. He has since spent 1,457 hours scanning the skies for other comets, without any luck."
train_036990,3,Sci/Tech,AMD's Ruiz disappointed by Microsoft's 64-bit delays,AMD's Ruiz disappointed by Microsoft's 64-bit delays,"Advanced Micro Devices Inc. (AMD) is disappointed by Microsoft Corp.'s decision to delay the introduction of 64-bit versions of its Windows operating system, but sees no significant impact from the delay on sales of its 64-bit processors, the company's top executive said Thursday.","Advanced Micro Devices Inc. (AMD) is disappointed by Microsoft Corp.'s decision to delay the introduction of 64-bit versions of its Windows operating system, but sees no significant impact from the delay on sales of its 64-bit processors, the company's top executive said Thursday."
train_089107,3,Sci/Tech,Administration ignores global warming warnings,Administration ignores global warming warnings,"Yes, we know you don #39;t like that news, but it #39;s science - good science from what we can tell. A new four-year international report by 300 scientists from the United States and seven other countries that was ","Yes, we know you don't like that news, but it's science - good science from what we can tell. A new four-year international report by 300 scientists from the United States and seven other countries that was"
train_059298,3,Sci/Tech,FEC May Regulate Internet Political Activity,FEC May Regulate Internet Political Activity,"By SHARON THEIMER     WASHINGTON (AP) -- With political fund raising, campaign advertising and organizing taking place in full swing over the Internet, it may just be a matter of time before the Federal Election Commission joins the action.    Well, that time may be now...","By SHARON THEIMER WASHINGTON (AP) -- With political fund raising, campaign advertising and organizing taking place in full swing over the Internet, it may just be a matter of time before the Federal Election Commission joins the action. Well, that time may be now..."
train_014651,3,Sci/Tech,"World ban on human cloning, UK stands up to US pressure","World ban on human cloning, UK stands up to US pressure",Great Britains best scientists are standing up to American government pressure to get a worldwide ban on all types of human cloning by backing an international campaign against American efforts.,Great Britains best scientists are standing up to American government pressure to get a worldwide ban on all types of human cloning by backing an international campaign against American efforts.
train_085022,3,Sci/Tech,GE to sell 60 of Indian BPO operation,GE to sell 60 of Indian BPO operation,"GE is selling a 60 stake in GE Capital International Services, its business process outsourcing subsidiary in India, for about \$500 million.","GE is selling a 60 stake in GE Capital International Services, its business process outsourcing subsidiary in India, for about $500 million."
train_022748,3,Sci/Tech,Congress Puts Hooks in Copyright Crooks,Congress Puts Hooks in Copyright Crooks,"Congressional lawmakers are taking a cue from Hollywood with an aim to beef up penalties against people who illegally swap copyrighted movies and songs over the Internet. \&lt;FONT face=""verdana,MS Sans Serif,arial,helvetica"" size=""-2""\ color=""#666666""&gt;&lt;B&gt;-washingtonpost.com&lt;/B&gt;&lt;/FONT&gt;",Congressional lawmakers are taking a cue from Hollywood with an aim to beef up penalties against people who illegally swap copyrighted movies and songs over the Internet. -washingtonpost.com
train_107739,3,Sci/Tech,Microsoft and Sun #39;s difficult dance,Microsoft and Sun's difficult dance,"news analysis Microsoft and Sun Microsystems may be going steady, but they aren #39;t quite sure where the relationship is headed.","news analysis Microsoft and Sun Microsystems may be going steady, but they aren't quite sure where the relationship is headed."
train_116968,3,Sci/Tech,"Movie studios sue US, European file-sharing  #39;parasites #39;","Movie studios sue US, European file-sharing 'parasites'","LOS ANGELES - Movie studios have expanded their fight against illegal downloading, suing more than 100 US and European-based computer services that transmit movie files across Internet file-sharing networks.","LOS ANGELES - Movie studios have expanded their fight against illegal downloading, suing more than 100 US and European-based computer services that transmit movie files across Internet file-sharing networks."
train_086703,3,Sci/Tech,Technology ; Fans Throng for First Crack at New Game  #39;Halo 2 #39;,Technology ; Fans Throng for First Crack at New Game 'Halo 2',"Technology News, LOS ANGELES - It takes a special kind of person to stay up all night and stand in a line nearly 250 people long just to buy a video game -- but for rabid fans of the first  quot;Halo quot; on the Xbox video game console, it was well worth the wait ","Technology News, LOS ANGELES - It takes a special kind of person to stay up all night and stand in a line nearly 250 people long just to buy a video game -- but for rabid fans of the first quot;Halo quot; on the Xbox video game console, it was well worth the wait"
train_024764,3,Sci/Tech,Lost Dreams May Show Stuff Dreams Are Made Of (Reuters),Lost Dreams May Show Stuff Dreams Are Made Of (Reuters),"Reuters - A stroke that robbed a woman of her\dreams may help pinpoint where and how dreams are born in the\brain, scientists said on Friday.","Reuters - A stroke that robbed a woman of her dreams may help pinpoint where and how dreams are born in the brain, scientists said on Friday."
train_085262,3,Sci/Tech,Judge Declines to Dismiss Pollution Suit (AP),Judge Declines to Dismiss Pollution Suit (AP),AP - A federal judge on Monday refused to dismiss a lawsuit accusing a Canadian mining company of polluting the Columbia River with heavy metals for decades.,AP - A federal judge on Monday refused to dismiss a lawsuit accusing a Canadian mining company of polluting the Columbia River with heavy metals for decades.
train_079639,3,Sci/Tech,FireFox better than Internet Explorer,FireFox better than Internet Explorer,"A recent study done by WestSideStory, a market research firm, present interesting results that show a continuous market share increase in FireFoxs favor.","A recent study done by WestSideStory, a market research firm, present interesting results that show a continuous market share increase in FireFoxs favor."
train_107633,3,Sci/Tech,News: Senior Republican charged in phone jamming plot,News: Senior Republican charged in phone jamming plot,A former Bush campaign official has been charged with plotting to jam the phone networks of political opponents during the November 2002 election.\,A former Bush campaign official has been charged with plotting to jam the phone networks of political opponents during the November 2002 election.
train_039320,3,Sci/Tech,Learning to Search for Life on Mars with the Atacama Rover,Learning to Search for Life on Mars with the Atacama Rover,"Ames Research Center -- A dedicated team of scientists is spending the next four weeks in northern Chile's Atacama Desert. They are studying the scarce life that exists there and, in the process, helping NASA learn more about how primitive life forms could exist on Mars...","Ames Research Center -- A dedicated team of scientists is spending the next four weeks in northern Chile's Atacama Desert. They are studying the scarce life that exists there and, in the process, helping NASA learn more about how primitive life forms could exist on Mars..."
train_089075,3,Sci/Tech,"Greek, British Police Break Illegal Software Ring","Greek, British Police Break Illegal Software Ring"," ATHENS (Reuters) - Greek and British police in a joint  operation cracked a multi-million illegal software sales ring,  arresting two people and seizing thousands of pirate high-tech  software programs, Greek police said on Friday.","ATHENS (Reuters) - Greek and British police in a joint operation cracked a multi-million illegal software sales ring, arresting two people and seizing thousands of pirate high-tech software programs, Greek police said on Friday."
train_050764,3,Sci/Tech,PeopleSoft Denies Execs Visited Oracle (Reuters),PeopleSoft Denies Execs Visited Oracle (Reuters),"Reuters - PeopleSoft Inc.  on Tuesday\denied an analyst report that its executives recently met with\Oracle Corp. , the rival software vendor that last year\launched a hostile bid for PeopleSoft.","Reuters - PeopleSoft Inc. on Tuesday denied an analyst report that its executives recently met with Oracle Corp. , the rival software vendor that last year launched a hostile bid for PeopleSoft."
train_015085,3,Sci/Tech,Correction: Spam-Lawsuit Story (AP),Correction: Spam-Lawsuit Story (AP),"AP - In an Aug. 29 story about a permanent injunction against a Rhode Island man who sent unsolicited text messages to Verizon Wireless cell phone customers, The Associated Press erroneously reported the date of the federal court action. The injunction was granted Aug. 23, not Aug. 27.","AP - In an Aug. 29 story about a permanent injunction against a Rhode Island man who sent unsolicited text messages to Verizon Wireless cell phone customers, The Associated Press erroneously reported the date of the federal court action. The injunction was granted Aug. 23, not Aug. 27."
train_028298,3,Sci/Tech,Firefox Browser On An Upward Trend,Firefox Browser On An Upward Trend,"carbolic writes  quot;The Firefox browser is ramping up as fast as Internet Explorer is ramping down. According to these stats posted from the Engadget logfiles, IE has dropped to 57 of all browsers used to visit ","carbolic writes quot;The Firefox browser is ramping up as fast as Internet Explorer is ramping down. According to these stats posted from the Engadget logfiles, IE has dropped to 57 of all browsers used to visit"
train_096388,3,Sci/Tech,Half-Life 2 users bitten by bugs,Half-Life 2 users bitten by bugs,Several Half-Life 2 users who finally got the long-delayed game into their hands yesterday got exactly what they didn #39;t want--more delays.,Several Half-Life 2 users who finally got the long-delayed game into their hands yesterday got exactly what they didn't want--more delays.
train_077332,3,Sci/Tech,HP developing 'smart rack' to ease data center work,HP developing 'smart rack' to ease data center work,Company shows off labor-saving data center technology at Palo Alto research lab.,Company shows off labor-saving data center technology at Palo Alto research lab.
train_019970,3,Sci/Tech,Frances Damages NASA Space Center (AP),Frances Damages NASA Space Center (AP),"AP - Hurricane Frances did more damage to the Kennedy Space Center than any other storm in history, tearing an estimated 1,000 exterior panels from the Vehicle Assembly Building and leaving a checkerboard of holes, officials said Monday.","AP - Hurricane Frances did more damage to the Kennedy Space Center than any other storm in history, tearing an estimated 1,000 exterior panels from the Vehicle Assembly Building and leaving a checkerboard of holes, officials said Monday."
train_058687,3,Sci/Tech,IBM #8217;s Atlantic tools platform set to sail (InfoWorld),IBM ’s Atlantic tools platform set to sail (InfoWorld),"InfoWorld - IBM Rational on Wednesday plans to flesh out complete plans for the upcoming IBM Software Development Platform, code-named  #8220;Atlantic. #8221;","InfoWorld - IBM Rational on Wednesday plans to flesh out complete plans for the upcoming IBM Software Development Platform, code-named “Atlantic. ”"
train_031765,3,Sci/Tech,BT will switch its call center network to VoIP,BT will switch its call center network to VoIP,"One challenge will be to link the call center with back-office databases of CRM applications so that agents can see, for example, the identity of the caller and the history of their account.","One challenge will be to link the call center with back-office databases of CRM applications so that agents can see, for example, the identity of the caller and the history of their account."
train_010821,3,Sci/Tech,News: 'Electronic Jihad' fails to materialise,News: 'Electronic Jihad' fails to materialise,"Rumours that the Internet would witness a sustained and devastating cyber-attack by Islamic ""cyber-terrorists"" today have turned out to be completely baseless.\","Rumours that the Internet would witness a sustained and devastating cyber-attack by Islamic ""cyber-terrorists"" today have turned out to be completely baseless."
train_009151,3,Sci/Tech,PluggedIn: Lost? Your Phone Knows a Way Out (Reuters),PluggedIn: Lost? Your Phone Knows a Way Out (Reuters),"Reuters - Back when everyone\believed the world was flat, people thought these rocky shores\on Spain's windswept ""coast of death"" were the end of the\world. In today's world, you only need a mobile phone to get\there ... and back.","Reuters - Back when everyone believed the world was flat, people thought these rocky shores on Spain's windswept ""coast of death"" were the end of the world. In today's world, you only need a mobile phone to get there ... and back."
train_034600,3,Sci/Tech,Gaming Godzillas Prepare for Battle (washingtonpost.com),Gaming Godzillas Prepare for Battle (washingtonpost.com),"washingtonpost.com - Let the games begin. Not the Olympics again, but the all-out battle between video game giants Sony Corp. and Nintendo Co. Ltd. The two Japanese companies are rolling out new gaming consoles, but Nintendo has beaten Sony to the punch by announcing an earlier launch date for its new hand-held game player.","washingtonpost.com - Let the games begin. Not the Olympics again, but the all-out battle between video game giants Sony Corp. and Nintendo Co. Ltd. The two Japanese companies are rolling out new gaming consoles, but Nintendo has beaten Sony to the punch by announcing an earlier launch date for its new hand-held game player."
train_046672,2,Business,"Ford Down, Nissan Up in Sept. U.S. Sales","Ford Down, Nissan Up in Sept. U.S. Sales"," DETROIT (Reuters) - Ford Motor Co. &lt;A HREF=""http://www.investor.reuters.com/FullQuote.aspx?ticker=F.N target=/stocks/quickinfo/fullquote""&gt;F.N&lt;/A&gt; posted its fourth  consecutive month of weaker U.S. sales with a 7 percent drop in  September results on Friday, and the automaker doubled its  incentives on some models to kick-start sales this month.","DETROIT (Reuters) - Ford Motor Co. F.N posted its fourth consecutive month of weaker U.S. sales with a 7 percent drop in September results on Friday, and the automaker doubled its incentives on some models to kick-start sales this month."
train_083762,3,Sci/Tech,Reach out and sneer: Dem radicals speak to the Red States,Reach out and sneer: Dem radicals speak to the Red States,"&lt;strong&gt;Comment&lt;/strong&gt; No more Mr Nice Liberal, apparently...","Comment No more Mr Nice Liberal, apparently..."
train_029672,2,Business,Stocks Seen Flat After Warning by Nortel,Stocks Seen Flat After Warning by Nortel," NEW YORK (Reuters) - Stocks were set to open near unchanged  on Thursday following a warning from technology bellwether  Nortel Networks Corp. &lt;A HREF=""http://www.investor.reuters.com/FullQuote.aspx?ticker=NT.N target=/stocks/quickinfo/fullquote""&gt;NT.N&lt;/A&gt; and a further rise in oil prices  as Hurricane Ivan struck the Gulf Coast.",NEW YORK (Reuters) - Stocks were set to open near unchanged on Thursday following a warning from technology bellwether Nortel Networks Corp. NT.N and a further rise in oil prices as Hurricane Ivan struck the Gulf Coast.
train_074721,2,Business,Blockbuster Posts Loss. Shares Plunge,Blockbuster Posts Loss. Shares Plunge," CHICAGO (Reuters) - Blockbuster Inc. &lt;A HREF=""http://www.investor.reuters.com/FullQuote.aspx?ticker=BBI.N target=/stocks/quickinfo/fullquote""&gt;BBI.N&lt;/A&gt; on Wednesday  posted a quarterly operating profit well below analysts'  estimates even before \$1.5 billion in one-time charges, as it  faced falling movie rental demand and higher costs to counter  competition.","CHICAGO (Reuters) - Blockbuster Inc. BBI.N on Wednesday posted a quarterly operating profit well below analysts' estimates even before $1.5 billion in one-time charges, as it faced falling movie rental demand and higher costs to counter competition."
train_025284,1,Sports,Teixeira hits pair of home runs to lead Rangers to 7-6 win over &lt;b&gt;...&lt;/b&gt;,Teixeira hits pair of home runs to lead Rangers to 7-6 win over ...,Chan Ho Park couldn #39;t hold the lead after Mark Teixeira #39;s first home run. Francisco Cordero made sure Teixeira #39;s second one held up for the Texas Rangers.,Chan Ho Park couldn't hold the lead after Mark Teixeira's first home run. Francisco Cordero made sure Teixeira's second one held up for the Texas Rangers.
train_000211,3,Sci/Tech,'SP2' a Must With XP Use,'SP2' a Must With XP Use,"Service Pack 2, ""SP2"" for short, aims to stop viruses, worms, browser hijackings and worse by including security features that people have to add and adjust on their own. &lt;FONT face=""verdana,MS Sans Serif,arial,helvetica"" size=""-2""\ color=""#666666""&gt;&lt;B&gt;-Rob Pegoraro&lt;/b&gt;&lt;/font&gt;","Service Pack 2, ""SP2"" for short, aims to stop viruses, worms, browser hijackings and worse by including security features that people have to add and adjust on their own. -Rob Pegoraro"
train_073802,2,Business,Marsh to Scrap Fees Spitzer Faulted,Marsh to Scrap Fees Spitzer Faulted," NEW YORK (Reuters) - Marsh   McLennan Cos. &lt;A HREF=""http://www.investor.reuters.com/FullQuote.aspx?ticker=MMC.N target=/stocks/quickinfo/fullquote""&gt;MMC.N&lt;/A&gt;, the  world's largest insurance broker, said on Tuesday it would  reform its business practices and stop accepting fees at the  center of an investigation by New York Attorney General Eliot  Spitzer into bid rigging.","NEW YORK (Reuters) - Marsh McLennan Cos. MMC.N, the world's largest insurance broker, said on Tuesday it would reform its business practices and stop accepting fees at the center of an investigation by New York Attorney General Eliot Spitzer into bid rigging."
train_000823,2,Business,Lowe's Profit Rises But Trails Estimates,Lowe's Profit Rises But Trails Estimates," ATLANTA (Reuters) - Lowe's Cos. &lt;LOW.N&gt;, the No. 2 home  improvement retailer behind Home Depot Inc., on Monday reported  an 18 percent increase in second-quarter profit, but results  trailed estimates as sales weakened in June.","ATLANTA (Reuters) - Lowe's Cos. LOW.N, the No. 2 home improvement retailer behind Home Depot Inc., on Monday reported an 18 percent increase in second-quarter profit, but results trailed estimates as sales weakened in June."
train_109625,3,Sci/Tech,"Independent study finds robotic rescue mission costly, uncertain &lt;b&gt;...&lt;/b&gt;","Independent study finds robotic rescue mission costly, uncertain ...",An aerospace research group says trying to fix the famed space telescope using a robot would cost two (b) billion dollars and take at least five years to get things ready.,An aerospace research group says trying to fix the famed space telescope using a robot would cost two (b) billion dollars and take at least five years to get things ready.
train_041361,2,Business,Fannie Mae Will Keep More Cash on Hand,Fannie Mae Will Keep More Cash on Hand," WASHINGTON (Reuters) - Embattled mortgage finance company  Fannie Mae &lt;A HREF=""http://www.investor.reuters.com/FullQuote.aspx?ticker=FNM.N target=/stocks/quickinfo/fullquote""&gt;FNM.N&lt;/A&gt; agreed to keep billions of dollars more cash  on hand while it corrects accounting problems, its government  regulator said on Monday.","WASHINGTON (Reuters) - Embattled mortgage finance company Fannie Mae FNM.N agreed to keep billions of dollars more cash on hand while it corrects accounting problems, its government regulator said on Monday."
train_085304,0,World,Paper peace doves set to fall over troubled southern Thailand in &lt;b&gt;...&lt;/b&gt;,Paper peace doves set to fall over troubled southern Thailand in ...,"BANGKOK : Fifty aircraft were due to scatter 120 million paper birds across Thailand #39;s trouble-hit Muslim-majority south in a peace gesture that has captured the imagination of most of the nation, officials said.","BANGKOK : Fifty aircraft were due to scatter 120 million paper birds across Thailand's trouble-hit Muslim-majority south in a peace gesture that has captured the imagination of most of the nation, officials said."
train_020989,3,Sci/Tech,A More Conservative Intel Doesn #39;t Add Many Details On &lt;b&gt;...&lt;/b&gt;,A More Conservative Intel Doesn't Add Many Details On ...,"Burned by a series of production missteps and canceled products, the company lets AMD get out in front on multicore product announcements.","Burned by a series of production missteps and canceled products, the company lets AMD get out in front on multicore product announcements."
train_104460,2,Business,Dow Ends Lower as Wal-Mart Sales Drag,Dow Ends Lower as Wal-Mart Sales Drag," NEW YORK (Reuters) - Blue chips ended lower on Monday,  under pressure from disappointing Thanksgiving sales from No. 1  retailer Wal-Mart Stores Inc. &lt;A HREF=""http://www.investor.reuters.com/FullQuote.aspx?ticker=WMT.N target=/stocks/quickinfo/fullquote""&gt;WMT.N&lt;/A&gt;, while tech stocks drew  support from Apple Computer Inc. &lt;A HREF=""http://www.investor.reuters.com/FullQuote.aspx?ticker=AAPL.O target=/stocks/quickinfo/fullquote""&gt;AAPL.O&lt;/A&gt; and drove the Nasdaq  to its highest close in 10 months.","NEW YORK (Reuters) - Blue chips ended lower on Monday, under pressure from disappointing Thanksgiving sales from No. 1 retailer Wal-Mart Stores Inc. WMT.N, while tech stocks drew support from Apple Computer Inc. AAPL.O and drove the Nasdaq to its highest close in 10 months."
train_105338,3,Sci/Tech,Sony Cyber-shot DSC P150,Sony Cyber-shot DSC P150,"&lt;strong&gt;Review&lt;/strong&gt; Fast, inexpensive and highly pocketable","Review Fast, inexpensive and highly pocketable"
train_092891,2,Business,Borders Posts 3rd-Quarter Loss Vs Yr. Ago,Borders Posts 3rd-Quarter Loss Vs Yr. Ago," SAN FRANCISCO (Reuters) - No 2. U.S. book retailer Borders  Group Inc. &lt;A HREF=""http://www.investor.reuters.com/FullQuote.aspx?ticker=BGP.N target=/stocks/quickinfo/fullquote""&gt;BGP.N&lt;/A&gt; on Tuesday posted a quarterly loss versus a  year-ago profit, hurt by sluggish store traffic and a slowdown  in sales of bestsellers.","SAN FRANCISCO (Reuters) - No 2. U.S. book retailer Borders Group Inc. BGP.N on Tuesday posted a quarterly loss versus a year-ago profit, hurt by sluggish store traffic and a slowdown in sales of bestsellers."
train_086237,3,Sci/Tech,"IBM Plans Web Meeting Service, Takes Aim at WebEx","IBM Plans Web Meeting Service, Takes Aim at WebEx"," NEW YORK (Reuters) - IBM &lt;A HREF=""http://www.reuters.co.uk/financeQuoteLookup.jhtml?ticker=IBM.N qtype=sym infotype=info qcat=news""&gt;IBM.N&lt;/A&gt; plans to offer  Web-conferencing as a hosted Internet service, seeking to reach  small and medium-sized business customers while taking on more  established rivals in the market, the company said on Tuesday.","NEW YORK (Reuters) - IBM IBM.N plans to offer Web-conferencing as a hosted Internet service, seeking to reach small and medium-sized business customers while taking on more established rivals in the market, the company said on Tuesday."
train_012620,3,Sci/Tech,Microsoft Sets 2006 Target for Next Windows Version,Microsoft Sets 2006 Target for Next Windows Version," SEATTLE (Reuters) - Microsoft Corp. &lt;A HREF=""http://www.reuters.co.uk/financeQuoteLookup.jhtml?ticker=MSFT.O qtype=sym infotype=info qcat=news""&gt;MSFT.O&lt;/A&gt; said on Friday  it will ship the next version of Windows in 2006, but  scaled  back plans to include a new system for finding and storing  information in its flagship operating system.","SEATTLE (Reuters) - Microsoft Corp. MSFT.O said on Friday it will ship the next version of Windows in 2006, but scaled back plans to include a new system for finding and storing information in its flagship operating system."
train_081446,3,Sci/Tech,You mean we can alienate customers AND throw money down a rathole? &lt;b&gt;...&lt;/b&gt;,You mean we can alienate customers AND throw money down a rathole? ...,"Odd, I don #39;t recall registering as a Republican ... : Looks like the e-voting machines used in Tuesday #39;s election weren #39;t as problem-free as their manufacturers would have us beleive.","Odd, I don't recall registering as a Republican ... : Looks like the e-voting machines used in Tuesday's election weren't as problem-free as their manufacturers would have us beleive."
train_099116,2,Business,Nike Boosts Dividend by 25 Percent,Nike Boosts Dividend by 25 Percent," SAN FRANCISCO (Reuters) - Nike Inc. &lt;A HREF=""http://www.investor.reuters.com/FullQuote.aspx?ticker=NKE.N target=/stocks/quickinfo/fullquote""&gt;NKE.N&lt;/A&gt; boosted its  quarterly dividend by 25 percent on Monday, citing strong cash  flow and growth prospects as the world's biggest athletic shoe  company has racked up record revenue and soaring profits the  past few years.","SAN FRANCISCO (Reuters) - Nike Inc. NKE.N boosted its quarterly dividend by 25 percent on Monday, citing strong cash flow and growth prospects as the world's biggest athletic shoe company has racked up record revenue and soaring profits the past few years."
train_056872,3,Sci/Tech,802.11a comes out fighting,802.11a comes out fighting,&lt;strong&gt;Analysis&lt;/strong&gt; Prospects bright in the Wi-Fi arena,Analysis Prospects bright in the Wi-Fi arena
train_095586,0,World,French leader backs cooperation with Britain but maintains stance &lt;b&gt;...&lt;/b&gt;,French leader backs cooperation with Britain but maintains stance ...,"Europe needs to become a power on the international stage, able to stand alongside the United States in shaping a fairer world order, President Jacques Chirac of France said last night.","Europe needs to become a power on the international stage, able to stand alongside the United States in shaping a fairer world order, President Jacques Chirac of France said last night."
train_059431,1,Sports,NASCAR driver T. Labonte to drive limited schedule in Nextel Cup &lt;b&gt;...&lt;/b&gt;,NASCAR driver T. Labonte to drive limited schedule in Nextel Cup ...,"Labonte, a native of Corpus Christi, Texas, announced Tuesday that he will compete in at least 10 races with Hendrick Motorsports in 2005 and 2006 before retiring from the series.","Labonte, a native of Corpus Christi, Texas, announced Tuesday that he will compete in at least 10 races with Hendrick Motorsports in 2005 and 2006 before retiring from the series."
train_037825,1,Sports,Expos #39; Season Appears to Be Winding Down for Last Time in Quiet &lt;b&gt;...&lt;/b&gt;,Expos' Season Appears to Be Winding Down for Last Time in Quiet ...,"The final days of the Montreal Expos are painful to watch. Few do. When the scattered fans at Olympic Stadium try to rally the team, they bang the empty seats beside them.","The final days of the Montreal Expos are painful to watch. Few do. When the scattered fans at Olympic Stadium try to rally the team, they bang the empty seats beside them."
train_011798,3,Sci/Tech,U.S. Technologies Stock Delisted After Fraud,U.S. Technologies Stock Delisted After Fraud,"U.S. Technologies Inc., a once high-flying Washington firm, ceased to exist as a publicly traded company when its stock was de-registered yesterday, four months after chief executive C. Gregory Earls was convicted of defrauding investors of \$13.8 million. &lt;FONT face=""verdana,MS Sans Serif,arial,helvetica"" size=""-2""\ color=""#666666""&gt;&lt;B&gt;-The Washington Post&lt;/B&gt;&lt;/FONT&gt;","U.S. Technologies Inc., a once high-flying Washington firm, ceased to exist as a publicly traded company when its stock was de-registered yesterday, four months after chief executive C. Gregory Earls was convicted of defrauding investors of $13.8 million. -The Washington Post"
train_116778,2,Business,Best Buy: Best Sales Yet to Come,Best Buy: Best Sales Yet to Come," NEW YORK (Reuters) - Best Buy Co. Inc. &lt;A HREF=""http://www.investor.reuters.com/FullQuote.aspx?ticker=BBY.N target=/stocks/quickinfo/fullquote""&gt;BBY.N&lt;/A&gt;, the  nation's top electronics retail chain, posted a 21 percent rise  in quarterly profit on Wednesday, slightly above expectations,  and said the holiday shopping season was even more competitive  than last year.","NEW YORK (Reuters) - Best Buy Co. Inc. BBY.N, the nation's top electronics retail chain, posted a 21 percent rise in quarterly profit on Wednesday, slightly above expectations, and said the holiday shopping season was even more competitive than last year."
train_038229,3,Sci/Tech,Readers love mobiles in church; hate mobiles on planes,Readers love mobiles in church; hate mobiles on planes,&lt;strong&gt;Letters:&lt;/strong&gt; More from the &lt;em&gt;Reg&lt;/em&gt; postbag,Letters: More from the Reg postbag
train_107464,2,Business,Oracle in Merger Talks Beyond PeopleSoft,Oracle in Merger Talks Beyond PeopleSoft," SAN FRANCISCO (Reuters) - Oracle Corp. &lt;A HREF=""http://www.investor.reuters.com/FullQuote.aspx?ticker=ORCL.O target=/stocks/quickinfo/fullquote""&gt;ORCL.O&lt;/A&gt; on Thursday  said it is in merger talks with other technology companies as  it pursues its \$9.2 billion hostile takeover bid for rival  software maker PeopleSoft Inc. &lt;A HREF=""http://www.investor.reuters.com/FullQuote.aspx?ticker=PSFT.O target=/stocks/quickinfo/fullquote""&gt;PSFT.O&lt;/A&gt;.",SAN FRANCISCO (Reuters) - Oracle Corp. ORCL.O on Thursday said it is in merger talks with other technology companies as it pursues its $9.2 billion hostile takeover bid for rival software maker PeopleSoft Inc. PSFT.O.
train_027579,2,Business,Oracle Quarterly Net Income Rises 16 Pct,Oracle Quarterly Net Income Rises 16 Pct," SAN FRANCISCO (Reuters) - Oracle Corp. &lt;A HREF=""http://www.investor.reuters.com/FullQuote.aspx?ticker=ORCL.O target=/stocks/quickinfo/fullquote""&gt;ORCL.O&lt;/A&gt; on Tuesday  reported a 16 percent rise in quarterly net income as the  world's second largest software company benefited from steady  demand for its flagship database software.",SAN FRANCISCO (Reuters) - Oracle Corp. ORCL.O on Tuesday reported a 16 percent rise in quarterly net income as the world's second largest software company benefited from steady demand for its flagship database software.
train_028898,2,Business,Stocks sag on corporate forecasts and worse-than-expected economic &lt;b&gt;...&lt;/b&gt;,Stocks sag on corporate forecasts and worse-than-expected economic ...,TORONTO (CP) - Earnings warnings from Celestica and Coca-Cola along with a slowdown in US industrial production sent stock markets lower Wednesday.,TORONTO (CP) - Earnings warnings from Celestica and Coca-Cola along with a slowdown in US industrial production sent stock markets lower Wednesday.
train_082191,3,Sci/Tech,"Nokia Says Handset Market to Slow, Share to Rise","Nokia Says Handset Market to Slow, Share to Rise"," NEW YORK/HELSINKI (Reuters) - Nokia &lt;A HREF=""http://www.reuters.co.uk/financeQuoteLookup.jhtml?ticker=NOK1V.HE qtype=sym infotype=info qcat=news""&gt;NOK1V.HE&lt;/A&gt;, the world's  largest mobile phone maker, expects slowing mobile phone growth  in 2005 but plans to launch more phones next year and regain  lost market share, the company said on Thursday.","NEW YORK/HELSINKI (Reuters) - Nokia NOK1V.HE, the world's largest mobile phone maker, expects slowing mobile phone growth in 2005 but plans to launch more phones next year and regain lost market share, the company said on Thursday."
train_064720,3,Sci/Tech,The .NET Developer's Guide to Windows Security,The .NET Developer's Guide to Windows Security,&lt;strong&gt;Site Offer&lt;/strong&gt;  #163;10 off the hands-on guide,Site Offer £10 off the hands-on guide
train_022272,3,Sci/Tech,"Space capsule crashes Genesis, payload of solar particles slam &lt;b&gt;...&lt;/b&gt;","Space capsule crashes Genesis, payload of solar particles slam ...","The Genesis space capsule and its precious cargo -- billions of particles from the sun -- crashed into the Utah desert Wednesday in a last-minute bungling of a near-flawless, three-year scientific odyssey.","The Genesis space capsule and its precious cargo -- billions of particles from the sun -- crashed into the Utah desert Wednesday in a last-minute bungling of a near-flawless, three-year scientific odyssey."
train_035152,0,World,Lebanese FM: Syrian troops will stay until Israel quits &lt;b&gt;...&lt;/b&gt;,Lebanese FM: Syrian troops will stay until Israel quits ...,"Syria will withdraw fully from Lebanon only after Israel ends its occupation of all Arab lands, Lebanese Defense Minister Mahmoud Hammoud declared yesterday.","Syria will withdraw fully from Lebanon only after Israel ends its occupation of all Arab lands, Lebanese Defense Minister Mahmoud Hammoud declared yesterday."
train_109149,2,Business,"Stocks Close Lower as Energy, J J Weigh","Stocks Close Lower as Energy, J J Weigh"," NEW YORK (Reuters) - U.S. stocks fell on Tuesday as a drop  in oil prices pulled down shares of energy companies and  health-care giant Johnson   Johnson &lt;A HREF=""http://www.investor.reuters.com/FullQuote.aspx?ticker=JNJ.N target=/stocks/quickinfo/fullquote""&gt;JNJ.N&lt;/A&gt; slipped following a  report that it is in negotiations to take over Guidant Corp.  &lt;A HREF=""http://www.investor.reuters.com/FullQuote.aspx?ticker=GDT.N target=/stocks/quickinfo/fullquote""&gt;GDT.N&lt;/A&gt;.",NEW YORK (Reuters) - U.S. stocks fell on Tuesday as a drop in oil prices pulled down shares of energy companies and health-care giant Johnson Johnson JNJ.N slipped following a report that it is in negotiations to take over Guidant Corp. GDT.N.
train_112114,0,World,Israel readying to turn over northern Gaza security to &lt;b&gt;...&lt;/b&gt;,Israel readying to turn over northern Gaza security to ...,JERUSALEM Israeli security officials say the nation is preparing to hand over security in the northern Gaza Strip to Palestinians well before Israel withdraws from the area in mid-2005.,JERUSALEM Israeli security officials say the nation is preparing to hand over security in the northern Gaza Strip to Palestinians well before Israel withdraws from the area in mid-2005.
train_067361,2,Business,AT amp;T posts \$7.1 billion loss for the third quarter reflecting &lt;b&gt;...&lt;/b&gt;,AT amp;T posts $7.1 billion loss for the third quarter reflecting ...,"NEW YORK - AT amp;T Corp. swung to a third-quarter loss of \$7.1 billion after recording huge charges related to the company #39;s retreat from traditional telephone services, which has included at least 7,500 more ","NEW YORK - AT amp;T Corp. swung to a third-quarter loss of $7.1 billion after recording huge charges related to the company's retreat from traditional telephone services, which has included at least 7,500 more"
train_090112,0,World,Militants claim US official slowed UN hostage deal; official &lt;b&gt;...&lt;/b&gt;,Militants claim US official slowed UN hostage deal; official ...,"KABUL - Taleban-linked militants threatening to kill three UN hostages are accusing the United States of hampering their release, although an Afghan official says a ransom demand is the main stumbling block.","KABUL - Taleban-linked militants threatening to kill three UN hostages are accusing the United States of hampering their release, although an Afghan official says a ransom demand is the main stumbling block."
train_110477,2,Business,Stocks End Up; Merck Helps Dow; Dollar Up,Stocks End Up; Merck Helps Dow; Dollar Up," NEW YORK (Reuters) - U.S. stocks closed higher on  Wednesday, as the dollar strengthened and shares of Merck   Co.  &lt;A HREF=""http://www.investor.reuters.com/FullQuote.aspx?ticker=MRK.N target=/stocks/quickinfo/fullquote""&gt;MRK.N&lt;/A&gt; helped lift the Dow after the drugmaker gave a forecast  that was not as weak as some on Wall Street had expected.","NEW YORK (Reuters) - U.S. stocks closed higher on Wednesday, as the dollar strengthened and shares of Merck Co. MRK.N helped lift the Dow after the drugmaker gave a forecast that was not as weak as some on Wall Street had expected."
train_060739,1,Sports,"Navy #39;s main foe is Army, but beating Notre Dame may be more &lt;b&gt;...&lt;/b&gt;","Navy's main foe is Army, but beating Notre Dame may be more ...",You can #39;t blame Navy fullback Kyle Eckel for saying the Midshipmen #39;s game Saturday with Notre Dame is more important to the players than the annual intraservice bloodletting with Army.,You can't blame Navy fullback Kyle Eckel for saying the Midshipmen's game Saturday with Notre Dame is more important to the players than the annual intraservice bloodletting with Army.
train_016616,0,World,"French FM in Amman after Qatar talks, heartened by calls for &lt;b&gt;...&lt;/b&gt;","French FM in Amman after Qatar talks, heartened by calls for ...","AMMAN : French Foreign Minister Michel Barnier arrived in Amman for the second time in 24 hours after a visit to Doha, where he said he hoped the captors of two French newsmen in Iraq would heed widespread calls to free the pair, a diplomatic source said.","AMMAN : French Foreign Minister Michel Barnier arrived in Amman for the second time in 24 hours after a visit to Doha, where he said he hoped the captors of two French newsmen in Iraq would heed widespread calls to free the pair, a diplomatic source said."
train_097547,0,World,Bush Frees Secret Service Agent from Chile,Bush Frees Secret Service Agent from Chile,"&lt;p&gt;&lt;/p&gt;&lt;p&gt;  SANTIAGO, Chile (Reuters) - President Bush Saturdayreached into a throng of squabbling bodyguards and pulled aSecret Service agent away from Chilean security officers afterthey stopped the U.S. agent from accompanying the president ata dinner.&lt;/p&gt;","SANTIAGO, Chile (Reuters) - President Bush Saturdayreached into a throng of squabbling bodyguards and pulled aSecret Service agent away from Chilean security officers afterthey stopped the U.S. agent from accompanying the president ata dinner."
train_004159,2,Business,Google Up in Market Debut After Bumpy IPO,Google Up in Market Debut After Bumpy IPO," NEW YORK/SEATTLE (Reuters) - Google Inc. &lt;A HREF=""http://www.investor.reuters.com/FullQuote.aspx?ticker=GOOG.O target=/stocks/quickinfo/fullquote""&gt;GOOG.O&lt;/A&gt; shares  made their long-awaited stock market debut on Thursday, rising  sharply to \$100 after an initial public offering marked by  missteps and lackluster market conditions.","NEW YORK/SEATTLE (Reuters) - Google Inc. GOOG.O shares made their long-awaited stock market debut on Thursday, rising sharply to $100 after an initial public offering marked by missteps and lackluster market conditions."
train_013750,0,World,Kremlin candidate favourite as Chechens vote amid fears of &lt;b&gt;...&lt;/b&gt;,Kremlin candidate favourite as Chechens vote amid fears of ...,"GROZNY, Russia : Chechens voted in an election expected to crown a Kremlin-backed candidate as the strife-torn republic #39;s new leader, with thousands of security personnel patrolling its streets against the threat of rebel attacks.","GROZNY, Russia : Chechens voted in an election expected to crown a Kremlin-backed candidate as the strife-torn republic's new leader, with thousands of security personnel patrolling its streets against the threat of rebel attacks."
train_068662,3,Sci/Tech,Ballmer flags security features for a pre-Longhorn Windows  #39; &lt;b&gt;...&lt;/b&gt;,Ballmer flags security features for a pre-Longhorn Windows ' ...,"Speaking at the Gartner Symposium and ITxpo 2004 in Orlando, Florida, yesterday, Microsoft CEO Steve Ballmer outlined new security initiatives, some of which would make it into a pre-Longhorn  #39;Release 2 #39; for Windows, next year.","Speaking at the Gartner Symposium and ITxpo 2004 in Orlando, Florida, yesterday, Microsoft CEO Steve Ballmer outlined new security initiatives, some of which would make it into a pre-Longhorn 'Release 2' for Windows, next year."
train_053601,0,World,Bush administration seeks clarification of Israeli officials #39; &lt;b&gt;...&lt;/b&gt;,Bush administration seeks clarification of Israeli officials' ...,The Bush administration expressed confidence Thursday that Israeli Prime Minister Ariel Sharon intends to  quot;move forward quot; on peacemaking with the Palestinians after he withdraws Jewish settlers and Israeli troops from Gaza.,The Bush administration expressed confidence Thursday that Israeli Prime Minister Ariel Sharon intends to quot;move forward quot; on peacemaking with the Palestinians after he withdraws Jewish settlers and Israeli troops from Gaza.
train_028305,2,Business,Stocks to Watch Wednesday,Stocks to Watch Wednesday," COCA-COLA CO. &lt;A HREF=""http://www.investor.reuters.com/FullQuote.aspx?ticker=KO.N target=/stocks/quickinfo/fullquote""&gt;KO.N&lt;/A&gt;:",COCA-COLA CO. KO.N:
train_007352,0,World,Taiwan shrugs off Singaporean leader #39;s criticism of the island #39;s &lt;b&gt;...&lt;/b&gt;,Taiwan shrugs off Singaporean leader's criticism of the island's ...,"Singaporean leader Lee Hsien Loong criticized Taiwan because he was under  quot;tremendous pressure quot; to patch up relations with Beijing, Taiwan #39;s foreign minister said Monday _ a day after Lee warned he wouldn #39;t support the island if it sparked a war with China ","Singaporean leader Lee Hsien Loong criticized Taiwan because he was under quot;tremendous pressure quot; to patch up relations with Beijing, Taiwan's foreign minister said Monday _ a day after Lee warned he wouldn't support the island if it sparked a war with China"
train_058228,2,Business,Petro-Canada signs on for plan to ship liquefied natural gas from &lt;b&gt;...&lt;/b&gt;,Petro-Canada signs on for plan to ship liquefied natural gas from ...,MOSCOW (CP) - Petro-Canada and Russia #39;s Gazprom have signed a tentative deal aimed at shipping liquefied natural gas to North American markets by 2009.,MOSCOW (CP) - Petro-Canada and Russia's Gazprom have signed a tentative deal aimed at shipping liquefied natural gas to North American markets by 2009.
train_015312,1,Sports,Marlins #39; Miguel Cabrera reacts after hitting a two-run home run. &lt;b&gt;...&lt;/b&gt;,Marlins' Miguel Cabrera reacts after hitting a two-run home run. ...,"The Florida Marlins are trying to make their move in the NL wild-card race. Damion Easley, starting because of an injury to Luis Castillo, hit a go-ahead two-run homer in the seventh inning ","The Florida Marlins are trying to make their move in the NL wild-card race. Damion Easley, starting because of an injury to Luis Castillo, hit a go-ahead two-run homer in the seventh inning"
train_103536,0,World,Bush urges Sinn Fein leader to help move peace process ahead in &lt;b&gt;...&lt;/b&gt;,Bush urges Sinn Fein leader to help move peace process ahead in ...,WHITE HOUSE President Bush is urging Sinn Fein (shin fayn) leader Gerry Adams to help speed up the peace process in Northern Ireland.,WHITE HOUSE President Bush is urging Sinn Fein (shin fayn) leader Gerry Adams to help speed up the peace process in Northern Ireland.
train_106908,3,Sci/Tech,XM CEO Sees Satellite Radio on Cell Phones,XM CEO Sees Satellite Radio on Cell Phones," LOS ANGELES (Reuters) - XM Satellite Radio Holdings Inc.  &lt;A HREF=""http://www.reuters.co.uk/financeQuoteLookup.jhtml?ticker=XMSR.O qtype=sym infotype=info qcat=news""&gt;XMSR.O&lt;/A&gt; chief executive officer Hugh Panero on Wednesday said  he expected satellite radio and cellphone services to  converge  within the next five years.",LOS ANGELES (Reuters) - XM Satellite Radio Holdings Inc. XMSR.O chief executive officer Hugh Panero on Wednesday said he expected satellite radio and cellphone services to converge within the next five years.
train_108510,0,World,"North Korea nuclear issue must be resolved peacefully, South &lt;b&gt;...&lt;/b&gt;","North Korea nuclear issue must be resolved peacefully, South ...","LONDON - South Korean President Roh Moo-hyun said on Friday the nuclear standoff with North Korea must be resolved peacefully, despite hawks in the United States pushing for a more hardline approach.","LONDON - South Korean President Roh Moo-hyun said on Friday the nuclear standoff with North Korea must be resolved peacefully, despite hawks in the United States pushing for a more hardline approach."
train_033257,0,World,"Power Shift In China Raises Hope of Better Living Standards, But &lt;b&gt;...&lt;/b&gt;","Power Shift In China Raises Hope of Better Living Standards, But ...",Chinese President Hu Jintao #39;s accession to full power and the final retirement of former President Jiang Zemin is being hailed as the start of a new era in Chinese politics.,Chinese President Hu Jintao's accession to full power and the final retirement of former President Jiang Zemin is being hailed as the start of a new era in Chinese politics.
train_064080,3,Sci/Tech,New Space Telescope Observations Upset Theories of Planet &lt;b&gt;...&lt;/b&gt;,New Space Telescope Observations Upset Theories of Planet ...,"The leading theory of how planets form is being revised because of new observations from the US Spitzer Space Telescope. The process is not as smooth and quiet as once thought, but rather the result of violent collisions between massive space rocks.","The leading theory of how planets form is being revised because of new observations from the US Spitzer Space Telescope. The process is not as smooth and quiet as once thought, but rather the result of violent collisions between massive space rocks."
train_067728,2,Business,Xerox Profit Rises on Printer Sales,Xerox Profit Rises on Printer Sales," NEW YORK (Reuters) - Xerox Corp. &lt;A HREF=""http://www.investor.reuters.com/FullQuote.aspx?ticker=XRX.N target=/stocks/quickinfo/fullquote""&gt;XRX.N&lt;/A&gt; on Thursday said  third-quarter net income rose 39 percent as it cut costs and  the sales of its more-profitable color digital printers  improved.",NEW YORK (Reuters) - Xerox Corp. XRX.N on Thursday said third-quarter net income rose 39 percent as it cut costs and the sales of its more-profitable color digital printers improved.
train_047007,2,Business,GM Leads Stronger U.S. Vehicle Sales,GM Leads Stronger U.S. Vehicle Sales," DETROIT (Reuters) - General Motors Corp. &lt;A HREF=""http://www.investor.reuters.com/FullQuote.aspx?ticker=GM.N target=/stocks/quickinfo/fullquote""&gt;GM.N&lt;/A&gt; on Friday  said its U.S. sales soared 20.5 percent in September as  month-end incentives from the world's largest automaker lured  consumers back to dealerships after three months of weaker  results.",DETROIT (Reuters) - General Motors Corp. GM.N on Friday said its U.S. sales soared 20.5 percent in September as month-end incentives from the world's largest automaker lured consumers back to dealerships after three months of weaker results.
train_001884,2,Business,Army: May Not Withhold Halliburton Money,Army: May Not Withhold Halliburton Money," WASHINGTON (Reuters) - The U.S. Army on Tuesday appeared to  reverse a decision to stop paying a portion of Halliburton  Co.'s &lt;A HREF=""http://www.investor.reuters.com/FullQuote.aspx?ticker=HAL.N target=/stocks/quickinfo/fullquote""&gt;HAL.N&lt;/A&gt; bills in Iraq and gave the company more time to  resolve a billing dispute.",WASHINGTON (Reuters) - The U.S. Army on Tuesday appeared to reverse a decision to stop paying a portion of Halliburton Co.'s HAL.N bills in Iraq and gave the company more time to resolve a billing dispute.
train_119790,2,Business,"High dosage of Celebrex carries heart attack, stroke risk, Pfizer &lt;b&gt;...&lt;/b&gt;","High dosage of Celebrex carries heart attack, stroke risk, Pfizer ...","Pfizer Inc. said Friday that it found an increased risk of heart attacks and strokes for patients taking high dosages of its top-selling arthritis painkiller Celebrex, the same ","Pfizer Inc. said Friday that it found an increased risk of heart attacks and strokes for patients taking high dosages of its top-selling arthritis painkiller Celebrex, the same"
train_090845,0,World,Blocked on China's Paths to Justice,Blocked on China's Paths to Justice,"Chinese who have grievances against local officials often take a course that is an age-old tradition in China: They &lt;em&gt;shangfang&lt;/em&gt;, or travel to the capital for an audience with higher authorities.","Chinese who have grievances against local officials often take a course that is an age-old tradition in China: They shangfang, or travel to the capital for an audience with higher authorities."
train_030742,3,Sci/Tech,Texas Instruments Plans Buyback,Texas Instruments Plans Buyback,"&lt;p&gt;\&lt;/p&gt;&lt;p&gt; SAN FRANCISCO (Reuters) - Texas Instruments Inc., the\largest maker of chips for cellular phones, on Thursday said it\plans to buy back \$1 billion in stock and boost its quarterly\dividend by more than 17 percent, becoming the latest\technology company to return extra cash to investors.&lt;/p&gt;","SAN FRANCISCO (Reuters) - Texas Instruments Inc., the largest maker of chips for cellular phones, on Thursday said it plans to buy back $1 billion in stock and boost its quarterly dividend by more than 17 percent, becoming the latest technology company to return extra cash to investors."
train_094056,2,Business,"Stocks Gain on Sears Deal, But Trim Gains","Stocks Gain on Sears Deal, But Trim Gains"," NEW YORK (Reuters) - U.S. stocks advanced on Wednesday  after Kmart's plan to buy Sears in an \$11.5 billion  deal was  announced and computer maker Hewlett-Packard Co. &lt;A HREF=""http://www.investor.reuters.com/FullQuote.aspx?ticker=HPQ.N target=/stocks/quickinfo/fullquote""&gt;HPQ.N&lt;/A&gt; posted  solid earnings, but higher oil prices prompted some investors  to sell equities.","NEW YORK (Reuters) - U.S. stocks advanced on Wednesday after Kmart's plan to buy Sears in an $11.5 billion deal was announced and computer maker Hewlett-Packard Co. HPQ.N posted solid earnings, but higher oil prices prompted some investors to sell equities."
train_076027,2,Business,CNNfn Network to Close by Mid-December,CNNfn Network to Close by Mid-December," NEW YORK (Reuters) - CNNfn, the financial news cable  network owned by Time Warner Inc. &lt;A HREF=""http://www.investor.reuters.com/FullQuote.aspx?ticker=TWX.N target=/stocks/quickinfo/fullquote""&gt;TWX.N&lt;/A&gt;, on Thursday said it  will cease business operations by mid-December due to the  growing competitive challenges.","NEW YORK (Reuters) - CNNfn, the financial news cable network owned by Time Warner Inc. TWX.N, on Thursday said it will cease business operations by mid-December due to the growing competitive challenges."
train_082763,2,Business,Berkshire Hathaway Profit Falls,Berkshire Hathaway Profit Falls," NEW YORK (Reuters) - Berkshire Hathaway Inc. &lt;A HREF=""http://www.investor.reuters.com/FullQuote.aspx?ticker=BRKa.N target=/stocks/quickinfo/fullquote""&gt;BRKa.N&lt;/A&gt;, the  wide-ranging conglomerate run by billionaire investor Warren  Buffett, reported a sharply lower quarterly profit on Friday as  its insurance operations paid out large claims from the series  of hurricanes that hit Florida.","NEW YORK (Reuters) - Berkshire Hathaway Inc. BRKa.N, the wide-ranging conglomerate run by billionaire investor Warren Buffett, reported a sharply lower quarterly profit on Friday as its insurance operations paid out large claims from the series of hurricanes that hit Florida."
train_032323,1,Sports,"Lowe throws stinker, Yanks turn it around: Red Sox #39; momentum &lt;b&gt;...&lt;/b&gt;","Lowe throws stinker, Yanks turn it around: Red Sox' momentum ...","Terry Francona deployed three Gold Glove winners in his infield for the first time yesterday at Yankee Stadium in hope that their defensive expertise would aid the cause of sinkerball pitcher Derek Lowe stats, news.","Terry Francona deployed three Gold Glove winners in his infield for the first time yesterday at Yankee Stadium in hope that their defensive expertise would aid the cause of sinkerball pitcher Derek Lowe stats, news."
train_001919,3,Sci/Tech,HP's Fiorina stood up by Argentina's President,HP's Fiorina stood up by Argentina's President,&lt;strong&gt;HP World&lt;/strong&gt; Belly bands and three-legged stools,HP World Belly bands and three-legged stools
train_003861,2,Business,"Stocks Seen Little Changed, Oil Weighs","Stocks Seen Little Changed, Oil Weighs"," NEW YORK (Reuters) - Crude prices near record highs will  again mute any advance in U.S. stocks at the market's open on  Thursday, but investors will get a diversion as Google Inc.  &lt;A HREF=""http://www.investor.reuters.com/FullQuote.aspx?ticker=GOOG.O target=/stocks/quickinfo/fullquote""&gt;GOOG.O&lt;/A&gt; begins trading after its initial public offering.","NEW YORK (Reuters) - Crude prices near record highs will again mute any advance in U.S. stocks at the market's open on Thursday, but investors will get a diversion as Google Inc. GOOG.O begins trading after its initial public offering."
train_012586,2,Business,"US Air, Pilots to Reopen Concession Talks","US Air, Pilots to Reopen Concession Talks"," WASHINGTON (Reuters) - US Airways Group Inc.  &lt;A HREF=""http://www.investor.reuters.com/FullQuote.aspx?ticker=UAIR.O target=/stocks/quickinfo/fullquote""&gt;UAIR.O&lt;/A&gt; and  its pilots union agreed late on Friday to reopen concession  talks after leaders of the labor group declined to endorse a  plan proposed by management for nearly \$300 million in  givebacks, both sides said.","WASHINGTON (Reuters) - US Airways Group Inc. UAIR.O and its pilots union agreed late on Friday to reopen concession talks after leaders of the labor group declined to endorse a plan proposed by management for nearly $300 million in givebacks, both sides said."
train_095624,3,Sci/Tech,"Wanna buy an iPod, guv?","Wanna buy an iPod, guv?",Apple's new store in London's West End has a 64-seat theater and a staff that speaks 24 languages.\&lt;br /&gt;\  Photos: iPod lands in London,Apple's new store in London's West End has a 64-seat theater and a staff that speaks 24 languages. Photos: iPod lands in London
train_039426,2,Business,Jeremy Warner #39;s Outlook: No hurricane yet as IMF warns on house &lt;b&gt;...&lt;/b&gt;,Jeremy Warner's Outlook: No hurricane yet as IMF warns on house ...,"The International Monetary Fund is worrying about the UK housing market again. It #39;s been doing this for an awfully long time now, yet so far none of its doom laden warnings have come to pass.","The International Monetary Fund is worrying about the UK housing market again. It's been doing this for an awfully long time now, yet so far none of its doom laden warnings have come to pass."
train_111109,3,Sci/Tech,How Does a Chicken #39;s Sense of Smell Help us Understand Human &lt;b&gt;...&lt;/b&gt;,How Does a Chicken's Sense of Smell Help us Understand Human ...,Medical Research Council (MRC) scientists have ended lengthy scientific speculation by confirming that chickens have an acute sense of smell.,Medical Research Council (MRC) scientists have ended lengthy scientific speculation by confirming that chickens have an acute sense of smell.
train_050068,1,Sports,"No knock on wood Pitching, defense are Sabean #39;s priorities for &lt;b&gt;...&lt;/b&gt;","No knock on wood Pitching, defense are Sabean's priorities for ...",The day after elimination always brings strange vibes. It #39;s too soon to let go of the rigorous season that fell short but not too early to start thinking about next year #39;s team.,The day after elimination always brings strange vibes. It's too soon to let go of the rigorous season that fell short but not too early to start thinking about next year's team.
train_098930,3,Sci/Tech,Video gamble for the Bells,Video gamble for the Bells,Baby Bells are spending billions to sell video service over broadband. Can they crack cable and satellite's hold on TV viewers?&lt;br /&gt;\  Image: Video via broadband,Baby Bells are spending billions to sell video service over broadband. Can they crack cable and satellite's hold on TV viewers? Image: Video via broadband
train_029162,2,Business,ID Biomedical signs distribution agreements for flu vaccine &lt;b&gt;...&lt;/b&gt;,ID Biomedical signs distribution agreements for flu vaccine ...,"NEW YORK, December 6 (newratings.com) - ID Biomedical Corp (IDBE.NAS) announced today that it has signed a ten-year US distribution agreement for its Fluviral treatment, expected to generate \$2.5 billion in sales and offset the shortage of flu vaccines ","NEW YORK, December 6 (newratings.com) - ID Biomedical Corp (IDBE.NAS) announced today that it has signed a ten-year US distribution agreement for its Fluviral treatment, expected to generate $2.5 billion in sales and offset the shortage of flu vaccines"
train_016151,0,World,Kathmandu Under Curfew After Violent Protests Against Killing of &lt;b&gt;...&lt;/b&gt;,Kathmandu Under Curfew After Violent Protests Against Killing of ...,"The Nepalese capital Kathmandu is under a curfew, which the government imposed after the city erupted in violent protests against the killing of 12 Nepalese workers in Iraq.","The Nepalese capital Kathmandu is under a curfew, which the government imposed after the city erupted in violent protests against the killing of 12 Nepalese workers in Iraq."
train_077549,3,Sci/Tech,Teresa Vanhooser Named Co-Deputy Director of Engineering at NASA &lt;b&gt;...&lt;/b&gt;,Teresa Vanhooser Named Co-Deputy Director of Engineering at NASA ...,"Teresa Vanhooser has been appointed co-deputy director of the Engineering Directorate at NASA #39;s Marshall Space Flight Center in Huntsville, Ala.","Teresa Vanhooser has been appointed co-deputy director of the Engineering Directorate at NASA's Marshall Space Flight Center in Huntsville, Ala."
train_038088,3,Sci/Tech,Autumn bargains at the &lt;cite&gt;Reg&lt;/cite&gt; Mobile Shop,Autumn bargains at the Reg Mobile Shop,&lt;strong&gt;Site offer&lt;/strong&gt; Including the Nokia 6310i and HP iPAQ h5550,Site offer Including the Nokia 6310i and HP iPAQ h5550
train_066255,2,Business,"American Air Posts Loss, Plans Job Cuts","American Air Posts Loss, Plans Job Cuts"," DALLAS (Reuters) - American Airlines' parent AMR Corp.  &lt;A HREF=""http://www.investor.reuters.com/FullQuote.aspx?ticker=AMR.N target=/stocks/quickinfo/fullquote""&gt;AMR.N&lt;/A&gt; on Wednesday said record-high fuel costs pushed it to a  hefty third-quarter loss and warned it must cut costs and find  new revenue sources to survive in a world of soaring oil  prices.",DALLAS (Reuters) - American Airlines' parent AMR Corp. AMR.N on Wednesday said record-high fuel costs pushed it to a hefty third-quarter loss and warned it must cut costs and find new revenue sources to survive in a world of soaring oil prices.
train_114076,3,Sci/Tech,"Spouse says  quot;No iPod, quot; Getting rid of CDs, and Resurrecting a dead &lt;b&gt;...&lt;/b&gt;","Spouse says quot;No iPod, quot; Getting rid of CDs, and Resurrecting a dead ...",Ask iPodlounge offers readers the opportunity to get answers to their iPod-related questions from a member of the iPodlounge editorial team.,Ask iPodlounge offers readers the opportunity to get answers to their iPod-related questions from a member of the iPodlounge editorial team.
train_014768,2,Business,Wonder Bread Baker Stock Drops 25 Percent,Wonder Bread Baker Stock Drops 25 Percent," NEW YORK (Reuters) -  Interstate Bakeries Corp. &lt;A HREF=""http://www.investor.reuters.com/FullQuote.aspx?ticker=IBC.N target=/stocks/quickinfo/fullquote""&gt;IBC.N&lt;/A&gt;,  maker of Wonder bread and Hostess Twinkies, on Monday said it  hired a turnaround firm, delayed filing its annual report and  outlined possible credit concerns, sending its shares tumbling  more than 25 percent.","NEW YORK (Reuters) - Interstate Bakeries Corp. IBC.N, maker of Wonder bread and Hostess Twinkies, on Monday said it hired a turnaround firm, delayed filing its annual report and outlined possible credit concerns, sending its shares tumbling more than 25 percent."
train_070939,1,Sports,Mark McNulty rallies to steal Schwab championship; Hale Irwin wins &lt;b&gt;...&lt;/b&gt;,Mark McNulty rallies to steal Schwab championship; Hale Irwin wins ...,Mark McNulty and Hale Irwin had roughly the same thought as they collected their big trophies and bigger cheques: How did Tom Kite let all this great stuff slip away at the Charles Schwab Cup Championship?,Mark McNulty and Hale Irwin had roughly the same thought as they collected their big trophies and bigger cheques: How did Tom Kite let all this great stuff slip away at the Charles Schwab Cup Championship?
train_078750,0,World,Video shows three foreign election workers kidnapped in &lt;b&gt;...&lt;/b&gt;,Video shows three foreign election workers kidnapped in ...,"(Kabul, Afghanistan-AP) Oct. 31, 2004 - Arab television has played a video that apparently shows three foreign election workers kidnapped in Afghanistan.","(Kabul, Afghanistan-AP) Oct. 31, 2004 - Arab television has played a video that apparently shows three foreign election workers kidnapped in Afghanistan."
train_066297,1,Sports,"Salary 20,421 pa Location London Company Epping Forest District &lt;b&gt;...&lt;/b&gt;","Salary 20,421 pa Location London Company Epping Forest District ...","The takeover battle for Manchester United Football Club (MUFC) is far from over, as Malcolm Glazer has again increased his share in the worlds richest football club.","The takeover battle for Manchester United Football Club (MUFC) is far from over, as Malcolm Glazer has again increased his share in the worlds richest football club."
train_074454,3,Sci/Tech,Apple launches new iPod; rolls out download stores in Europe  amp; &lt;b&gt;...&lt;/b&gt;,Apple launches new iPod; rolls out download stores in Europe amp; ...,"Apple has unveiled a new addition to the hugely successful iPod range, giving users more hard disc space and a colour screen for picture viewing.","Apple has unveiled a new addition to the hugely successful iPod range, giving users more hard disc space and a colour screen for picture viewing."
train_042792,2,Business,Lockheed's MEADS Wins \$3 Bln Contract,Lockheed's MEADS Wins $3 Bln Contract," WASHINGTON (Reuters) - A transatlantic venture led by  Lockheed Martin Corp. &lt;A HREF=""http://www.investor.reuters.com/FullQuote.aspx?ticker=LMT.N target=/stocks/quickinfo/fullquote""&gt;LMT.N&lt;/A&gt; on Tuesday won a \$3 billion  contract to design and develop the Medium Extended Air Defense  System (MEADS), which is slated to replace Patriot missiles in  the next decade, the venture said on Tuesday.","WASHINGTON (Reuters) - A transatlantic venture led by Lockheed Martin Corp. LMT.N on Tuesday won a $3 billion contract to design and develop the Medium Extended Air Defense System (MEADS), which is slated to replace Patriot missiles in the next decade, the venture said on Tuesday."
train_034553,3,Sci/Tech,Gaming Godzillas Prepare for Battle,Gaming Godzillas Prepare for Battle,"Let the games begin. Not the Olympics again, but the all-out battle between Japanese video game giants Sony and Nintendo over their new gaming consoles. &lt;FONT face=""verdana,MS Sans Serif,arial,helvetica"" size=""-2""\ color=""#666666""&gt;&lt;B&gt;-washingtonpost.com&lt;/B&gt;&lt;/FONT&gt;","Let the games begin. Not the Olympics again, but the all-out battle between Japanese video game giants Sony and Nintendo over their new gaming consoles. -washingtonpost.com"
train_024428,1,Sports,Henman Looks to Continue Domination of Federer in US Open &lt;b&gt;...&lt;/b&gt;,Henman Looks to Continue Domination of Federer in US Open ...,"No Americans in the US Open semifinals today, with world No. 1 Roger Federer facing No. 5 Tim Henman, and former champ and No. 4 seed Lleyton Hewitt taking on Swedish upstart No.","No Americans in the US Open semifinals today, with world No. 1 Roger Federer facing No. 5 Tim Henman, and former champ and No. 4 seed Lleyton Hewitt taking on Swedish upstart No."
train_115542,0,World,"Egypt signs trade deal with Israel, US amid criticism and &lt;b&gt;...&lt;/b&gt;","Egypt signs trade deal with Israel, US amid criticism and ...","Egypt wants jobs. Israel wants a meaningful peace. On Tuesday, they signed an agreement that they hope will fulfill both their goals and maintain the momentum for revitalized Mideast peace negotiations.","Egypt wants jobs. Israel wants a meaningful peace. On Tuesday, they signed an agreement that they hope will fulfill both their goals and maintain the momentum for revitalized Mideast peace negotiations."
train_073964,3,Sci/Tech,Cellular Union Wins Final Approval,Cellular Union Wins Final Approval,"The company's \$41 billion merger with AT T Wireless poses it with the challenge of stitching together networks, billing systems and customer-care operations without inconveniencing customers.&lt;FONT face=""verdana,MS Sans Serif,arial,helvetica"" size=""-2""\ color=""#666666""&gt;&lt;B&gt;-The Washington Post&lt;/B&gt;&lt;/FONT&gt;","The company's $41 billion merger with AT T Wireless poses it with the challenge of stitching together networks, billing systems and customer-care operations without inconveniencing customers.-The Washington Post"
train_022290,0,World,Fresh initiatives on many fronts: Determination in joint &lt;b&gt;...&lt;/b&gt;,Fresh initiatives on many fronts: Determination in joint ...,"NEW DELHI, Sept 8: Pakistan and India announced their determination on Wednesday to resolve the Kashmir issue according to the letter and spirit of the Shimla Agreement , and invoked the purposes ","NEW DELHI, Sept 8: Pakistan and India announced their determination on Wednesday to resolve the Kashmir issue according to the letter and spirit of the Shimla Agreement , and invoked the purposes"
train_112048,2,Business,Grocer Winn-Dixie to Name New CEO -- WSJ,Grocer Winn-Dixie to Name New CEO -- WSJ," NEW YORK (Reuters) - Winn-Dixie Stores Inc. &lt;A HREF=""http://www.investor.reuters.com/FullQuote.aspx?ticker=WIN.N target=/stocks/quickinfo/fullquote""&gt;WIN.N&lt;/A&gt; is  ousting its Chief Executive Frank Lazaran and replacing him  with Peter Lynch, a former executive at the Albertsons Inc.  &lt;A HREF=""http://www.investor.reuters.com/FullQuote.aspx?ticker=ABS.N target=/stocks/quickinfo/fullquote""&gt;ABS.N&lt;/A&gt; supermarket chain, the Wall Street Journal reported on  Friday.","NEW YORK (Reuters) - Winn-Dixie Stores Inc. WIN.N is ousting its Chief Executive Frank Lazaran and replacing him with Peter Lynch, a former executive at the Albertsons Inc. ABS.N supermarket chain, the Wall Street Journal reported on Friday."
train_000877,3,Sci/Tech,Google Stays on Track Despite Best Efforts,Google Stays on Track Despite Best Efforts,"It looks like Google's public stock offering will proceed, no matter how hard the company tries to shoot itself in the foot. Not only that, its unique approach to the IPO game could result in an overhaul of federal securities regulations. &lt;FONT face=""verdana,MS Sans Serif,arial,helvetica"" size=""-2""\ color=""#666666""&gt;&lt;B&gt;-washingtonpost.com&lt;/b&gt;&lt;/font&gt;","It looks like Google's public stock offering will proceed, no matter how hard the company tries to shoot itself in the foot. Not only that, its unique approach to the IPO game could result in an overhaul of federal securities regulations. -washingtonpost.com"
train_075976,2,Business,Exxon Mobil Profit Up 56 Percent,Exxon Mobil Profit Up 56 Percent," NEW YORK (Reuters) - Exxon Mobil Corp. &lt;A HREF=""http://www.investor.reuters.com/FullQuote.aspx?ticker=XOM.N target=/stocks/quickinfo/fullquote""&gt;XOM.N&lt;/A&gt;, the world's  largest publicly traded oil company, on Thursday said quarterly  profit surged 56 percent, driven by soaring oil prices and  strong results from refining operations.","NEW YORK (Reuters) - Exxon Mobil Corp. XOM.N, the world's largest publicly traded oil company, on Thursday said quarterly profit surged 56 percent, driven by soaring oil prices and strong results from refining operations."
train_067792,2,Business,AT T Posts \$7.1 Billion Loss,AT T Posts $7.1 Billion Loss," WASHINGTON (Reuters) - AT T Corp. &lt;A HREF=""http://www.investor.reuters.com/FullQuote.aspx?ticker=T.N target=/stocks/quickinfo/fullquote""&gt;T.N&lt;/A&gt;, the No. 3 U.S.  telephone company, on Thursday reported a \$7.1 billion  third-quarter loss due to \$12.5 billion in charges for cutting  asset values and jobs as it retreats from consumer services.","WASHINGTON (Reuters) - AT T Corp. T.N, the No. 3 U.S. telephone company, on Thursday reported a $7.1 billion third-quarter loss due to $12.5 billion in charges for cutting asset values and jobs as it retreats from consumer services."
train_061938,3,Sci/Tech,Crawler #39;s New Shoes to Help Space Shuttle Move Toward Return to &lt;b&gt;...&lt;/b&gt;,Crawler's New Shoes to Help Space Shuttle Move Toward Return to ...,"NASAs two crawler transporter vehicles soon will sport new shoes. A \$10 million project to replace the 456 tread belt shoes, weighing more than one ton each, on both crawlers at Kennedy Space Center begins mid-October.","NASAs two crawler transporter vehicles soon will sport new shoes. A $10 million project to replace the 456 tread belt shoes, weighing more than one ton each, on both crawlers at Kennedy Space Center begins mid-October."
train_094011,2,Business,KMart to Buy Sears in \$11.5 Billion Deal,KMart to Buy Sears in $11.5 Billion Deal," NEW YORK (Reuters) - Discount retailer Kmart Holding Corp.  &lt;A HREF=""http://www.investor.reuters.com/FullQuote.aspx?ticker=KMRT.O target=/stocks/quickinfo/fullquote""&gt;KMRT.O&lt;/A&gt; will buy department store operator Sears, Roebuck    Co. &lt;A HREF=""http://www.investor.reuters.com/FullQuote.aspx?ticker=S.N target=/stocks/quickinfo/fullquote""&gt;S.N&lt;/A&gt; in a \$11.5 billion deal unveiled on Wednesday,  creating the third-largest U.S. retailer.","NEW YORK (Reuters) - Discount retailer Kmart Holding Corp. KMRT.O will buy department store operator Sears, Roebuck Co. S.N in a $11.5 billion deal unveiled on Wednesday, creating the third-largest U.S. retailer."
train_108560,1,Sports,John Flaherty is a career .255 hitter with 78 homers and 384 RBIs. &lt;b&gt;...&lt;/b&gt;,John Flaherty is a career .255 hitter with 78 homers and 384 RBIs. ...,"NEW YORK -- The Yankees made their first player signing of the 2004-05 offseason on Friday, inking backup catcher John Flaherty to a one-year contract.","NEW YORK -- The Yankees made their first player signing of the 2004-05 offseason on Friday, inking backup catcher John Flaherty to a one-year contract."
train_058814,3,Sci/Tech,FCC Proposes Record Fine Against Fox,FCC Proposes Record Fine Against Fox,"Federal regulators proposed a record indecency fine of nearly \$1.2 million Tuesday against Fox Broadcasting Co. for an episode of its reality series ""Married by America"" that included graphic scenes from bachelor and bachelorette parties. &lt;FONT face=""verdana,MS Sans Serif,arial,helvetica"" size=""-2"" color=""#666666""&gt;&lt;B&gt;-AP&lt;/b&gt;&lt;/font&gt;","Federal regulators proposed a record indecency fine of nearly $1.2 million Tuesday against Fox Broadcasting Co. for an episode of its reality series ""Married by America"" that included graphic scenes from bachelor and bachelorette parties. -AP"
train_118747,3,Sci/Tech,"Gradual Changes to Come for Sprint, Nextel","Gradual Changes to Come for Sprint, Nextel","Cell phone shoppers looking for new deals and features didn't find them Thursday, a day after the phone companies announced a merger that they promised would shake up the wireless business. &lt;FONT face=""verdana,MS Sans Serif,arial,helvetica"" size=""-2"" color=""#666666""&gt;&lt;B&gt;-The Washington Post&lt;/b&gt;&lt;/font&gt;","Cell phone shoppers looking for new deals and features didn't find them Thursday, a day after the phone companies announced a merger that they promised would shake up the wireless business. -The Washington Post"
train_086612,0,World,Top Islamic cleric rushes to bedside of comatose Arafat in French &lt;b&gt;...&lt;/b&gt;,Top Islamic cleric rushes to bedside of comatose Arafat in French ...,A top Islamic cleric was rushing to Palestinian President Yasser Arafat #39;s hospital bedside Wednesday after his coma deepened and his caretaker government chose a burial site.,A top Islamic cleric was rushing to Palestinian President Yasser Arafat's hospital bedside Wednesday after his coma deepened and his caretaker government chose a burial site.
train_061391,0,World,"Three Americans killed, one missing and presumed dead in Green &lt;b&gt;...&lt;/b&gt;","Three Americans killed, one missing and presumed dead in Green ...","(Baghdad, Iraq-AP) Oct. 15, 2004 - The US military now says three Americans were killed and a fourth is missing and presumed dead from an attack on Baghdad #39;s heavily-fortified Green Zone.","(Baghdad, Iraq-AP) Oct. 15, 2004 - The US military now says three Americans were killed and a fourth is missing and presumed dead from an attack on Baghdad's heavily-fortified Green Zone."
train_066603,0,World,Indonesia #39;s new president unveils tried and tested professional &lt;b&gt;...&lt;/b&gt;,Indonesia's new president unveils tried and tested professional ...,"JAKARTA: Indonesia #39;s new President Susilo Bambang Yudhoyono on Wednesday unveiled his new cabinet, a broad selection of familiar faces and trusted professionals tasked with delivering his promises of tackling graft and reviving the economy.","JAKARTA: Indonesia's new President Susilo Bambang Yudhoyono on Wednesday unveiled his new cabinet, a broad selection of familiar faces and trusted professionals tasked with delivering his promises of tackling graft and reviving the economy."
train_114979,2,Business,Oracle Buys PeopleSoft for \$10.3 Billion,Oracle Buys PeopleSoft for $10.3 Billion," SAN FRANCISCO (Reuters) - PeopleSoft Inc. &lt;A HREF=""http://www.investor.reuters.com/FullQuote.aspx?ticker=PSFT.O target=/stocks/quickinfo/fullquote""&gt;PSFT.O&lt;/A&gt; on  Monday agreed to a sweetened \$10.3 billion buyout by rival  software maker Oracle Corp. &lt;A HREF=""http://www.investor.reuters.com/FullQuote.aspx?ticker=ORCL.O target=/stocks/quickinfo/fullquote""&gt;ORCL.O&lt;/A&gt;, relenting after a  18-month takeover saga marked by personal insults, courtroom  battles and the ouster of PeopleSoft's chief executive.","SAN FRANCISCO (Reuters) - PeopleSoft Inc. PSFT.O on Monday agreed to a sweetened $10.3 billion buyout by rival software maker Oracle Corp. ORCL.O, relenting after a 18-month takeover saga marked by personal insults, courtroom battles and the ouster of PeopleSoft's chief executive."
train_104305,0,World,China mine blast toll rises to 50 as hopes for missing workers &lt;b&gt;...&lt;/b&gt;,China mine blast toll rises to 50 as hopes for missing workers ...,"CHENJIASHAN MINE, China : The death toll from a blast in a north China coal mine rose to 50 after more than 20 bodies were found as hopes of finding alive another 116 trapped workers all but vanished.","CHENJIASHAN MINE, China : The death toll from a blast in a north China coal mine rose to 50 after more than 20 bodies were found as hopes of finding alive another 116 trapped workers all but vanished."
train_008055,2,Business,US Airways Talks with Pilots Collapse,US Airways Talks with Pilots Collapse," WASHINGTON (Reuters) - Negotiations between US Airways  &lt;A HREF=""http://www.investor.reuters.com/FullQuote.aspx?ticker=UAIR.O target=/stocks/quickinfo/fullquote""&gt;UAIR.O&lt;/A&gt; and its pilots union over a new round of steep  concessions collapsed on Monday, heightening pressure on the  carrier as it tries to avert insolvency.","WASHINGTON (Reuters) - Negotiations between US Airways UAIR.O and its pilots union over a new round of steep concessions collapsed on Monday, heightening pressure on the carrier as it tries to avert insolvency."
train_051708,1,Sports,"Singh critiques Woods #39; swing, says it hasn #39;t changed but his body &lt;b&gt;...&lt;/b&gt;","Singh critiques Woods' swing, says it hasn't changed but his body ...",Vijay Singh has a theory about what #39;s wrong with Tiger Woods #39; game: he hasn #39;t adapted his swing to the changes in his body.,Vijay Singh has a theory about what's wrong with Tiger Woods' game: he hasn't adapted his swing to the changes in his body.
train_059376,1,Sports,"Now you, too, can own Bonds #39; 700th homer ball -- if only for a &lt;b&gt;...&lt;/b&gt;","Now you, too, can own Bonds' 700th homer ball -- if only for a ...","Now, anybody has the chance to say he or she had Barry Bonds #39; 700th home run ball, if only for a moment in cyberspace. The ball will go on sale in a nine-day Internet auction starting Monday, said the attorney ","Now, anybody has the chance to say he or she had Barry Bonds' 700th home run ball, if only for a moment in cyberspace. The ball will go on sale in a nine-day Internet auction starting Monday, said the attorney"
train_063626,2,Business,"Stocks Fall on Unwelcome 3M Results, Oil","Stocks Fall on Unwelcome 3M Results, Oil"," NEW YORK (Reuters) - U.S. stocks fell on Monday as oil  prices held near \$55 a barrel and Dow component 3M Co. &lt;A HREF=""http://www.investor.reuters.com/FullQuote.aspx?ticker=MMM.N target=/stocks/quickinfo/fullquote""&gt;MMM.N&lt;/A&gt;  posted results slightly below Wall Street estimates.",NEW YORK (Reuters) - U.S. stocks fell on Monday as oil prices held near $55 a barrel and Dow component 3M Co. MMM.N posted results slightly below Wall Street estimates.
train_060792,3,Sci/Tech,The polluted planet: Alarm as global study finds one-third of &lt;b&gt;...&lt;/b&gt;,The polluted planet: Alarm as global study finds one-third of ...,They were the first animals with backbones to walk on land. They witnessed the rise and fall of the dinosaurs and were present at the birth of a bipedal ape who went on to become ,They were the first animals with backbones to walk on land. They witnessed the rise and fall of the dinosaurs and were present at the birth of a bipedal ape who went on to become
train_087043,3,Sci/Tech,Vodafone targets iPod crowd,Vodafone targets iPod crowd,"Young adults are the prime target of Vodafone's first video phones, which support music downloads and TV clips.\&lt;br /&gt;  Photos: Vodafone's 3G explosion\","Young adults are the prime target of Vodafone's first video phones, which support music downloads and TV clips. Photos: Vodafone's 3G explosion"
train_042535,0,World,Action Against Hunger expands operations in wake of devastation in &lt;b&gt;...&lt;/b&gt;,Action Against Hunger expands operations in wake of devastation in ...,"After the political crisis at the beginning of the year and the torrential rains last May, Haiti has been hit by tropical storm, Jeanne.","After the political crisis at the beginning of the year and the torrential rains last May, Haiti has been hit by tropical storm, Jeanne."
train_087991,2,Business,Pep Boys Stock Down After Earnings Miss,Pep Boys Stock Down After Earnings Miss," CHICAGO (Reuters) - Shares of auto parts retailer Pep  Boys-Manny, Moe   Jack &lt;A HREF=""http://www.investor.reuters.com/FullQuote.aspx?ticker=PBY.N target=/stocks/quickinfo/fullquote""&gt;PBY.N&lt;/A&gt; fell 10 percent on Thursday, a  day after it said earnings dropped 48 percent last quarter on  more struggles in its service operations, missing estimates.","CHICAGO (Reuters) - Shares of auto parts retailer Pep Boys-Manny, Moe Jack PBY.N fell 10 percent on Thursday, a day after it said earnings dropped 48 percent last quarter on more struggles in its service operations, missing estimates."
train_044480,1,Sports,"REDS 2, CUBS 1, 12TH INNING Elusive Last Out in 9th Haunts Cubs &lt;b&gt;...&lt;/b&gt;","REDS 2, CUBS 1, 12TH INNING Elusive Last Out in 9th Haunts Cubs ...","The silence was unearthly, as if 38,190 people were sitting in the Wrigley Field stands Wednesday afternoon bound and gagged. The Cubs are in a mad chase for the wild card ","The silence was unearthly, as if 38,190 people were sitting in the Wrigley Field stands Wednesday afternoon bound and gagged. The Cubs are in a mad chase for the wild card"
train_008458,0,World,Escape hatch: French Jews visit Israel as anti-Semitism rises at &lt;b&gt;...&lt;/b&gt;,Escape hatch: French Jews visit Israel as anti-Semitism rises at ...,"French is one of the common languages spoken around the sparkling blue pool at the David Intercontinental in Tel Aviv, along the sandy beaches of Netanya and Eilat and the hotel lobbies of Jerusalem this summer.","French is one of the common languages spoken around the sparkling blue pool at the David Intercontinental in Tel Aviv, along the sandy beaches of Netanya and Eilat and the hotel lobbies of Jerusalem this summer."
train_092361,2,Business,J.C. Penney Third-Quarter Profit Rises,J.C. Penney Third-Quarter Profit Rises," CHICAGO (Reuters) - Department store operator J.C. Penney  Co. Inc. &lt;A HREF=""http://www.investor.reuters.com/FullQuote.aspx?ticker=JCP.N target=/stocks/quickinfo/fullquote""&gt;JCP.N&lt;/A&gt; posted higher third-quarter profit on Tuesday,  helped by stronger sales and fewer markdowns.","CHICAGO (Reuters) - Department store operator J.C. Penney Co. Inc. JCP.N posted higher third-quarter profit on Tuesday, helped by stronger sales and fewer markdowns."
train_035851,2,Business,U.S. Faults Fannie Mae Accounting,U.S. Faults Fannie Mae Accounting," WASHINGTON (Reuters) - A U.S. government review of the  nation's No. 1 mortgage finance company, Fannie Mae &lt;A HREF=""http://www.investor.reuters.com/FullQuote.aspx?ticker=FNM.N target=/stocks/quickinfo/fullquote""&gt;FNM.N&lt;/A&gt;,  charges it with using improper ""cookie jar"" accounting to  smooth earnings and calls into doubt past financial results,  the company's board said on Wednesday.","WASHINGTON (Reuters) - A U.S. government review of the nation's No. 1 mortgage finance company, Fannie Mae FNM.N, charges it with using improper ""cookie jar"" accounting to smooth earnings and calls into doubt past financial results, the company's board said on Wednesday."
train_054907,1,Sports,Longhorns aim to end their Sooners skid in classic football &lt;b&gt;...&lt;/b&gt;,Longhorns aim to end their Sooners skid in classic football ...,Mack Brown and his most important supporters believe his tenure at Texas should not be defined by a four-game losing streak to Bob Stoops and the Oklahoma Sooners.,Mack Brown and his most important supporters believe his tenure at Texas should not be defined by a four-game losing streak to Bob Stoops and the Oklahoma Sooners.
train_109123,1,Sports,International Olympic Committee opens investigation into doping &lt;b&gt;...&lt;/b&gt;,International Olympic Committee opens investigation into doping ...,The BALCO scandal could cost Marion Jones her five medals from the Sydney Olympics. The International Olympic Committee opened an investigation Tuesday into the doping allegations against the American track star.,The BALCO scandal could cost Marion Jones her five medals from the Sydney Olympics. The International Olympic Committee opened an investigation Tuesday into the doping allegations against the American track star.
train_013466,2,Business,State treasurer threatens to withdraw some funds from Bank of &lt;b&gt;...&lt;/b&gt;,State treasurer threatens to withdraw some funds from Bank of ...,The state treasurer of Massachusetts has threatened to withdraw some state funds from Bank of America because of job cuts and other moves following its acquisition of Fleet Boston Financial Corp.,The state treasurer of Massachusetts has threatened to withdraw some state funds from Bank of America because of job cuts and other moves following its acquisition of Fleet Boston Financial Corp.
train_037024,2,Business,Blue Chips Open Down; Oil Near \$48,Blue Chips Open Down; Oil Near $48," NEW YORK (Reuters) - Blue-chip stocks opened slightly lower  on Thursday, with rising energy prices feeding investor  concerns, but the Nasdaq index opened higher after software  company Cognos Inc. &lt;A HREF=""http://www.investor.reuters.com/FullQuote.aspx?ticker=COGN.O target=/stocks/quickinfo/fullquote""&gt;COGN.O&lt;/A&gt; posted better-than-expected  earnings.","NEW YORK (Reuters) - Blue-chip stocks opened slightly lower on Thursday, with rising energy prices feeding investor concerns, but the Nasdaq index opened higher after software company Cognos Inc. COGN.O posted better-than-expected earnings."
train_019074,1,Sports,"Doan, Draper and Thornton gives Team Canada an impressive checking &lt;b&gt;...&lt;/b&gt;","Doan, Draper and Thornton gives Team Canada an impressive checking ...","TORONTO (CP) - Just calling them the checking line seems strange, given that a star player like Joe Thornton is at centre. But that #39;s exactly what they are in the current Team Canada set-up, Thornton between ","TORONTO (CP) - Just calling them the checking line seems strange, given that a star player like Joe Thornton is at centre. But that's exactly what they are in the current Team Canada set-up, Thornton between"
train_036448,1,Sports,European Ryder stars to tee it up in the new Heritage with a &lt;b&gt;...&lt;/b&gt;,European Ryder stars to tee it up in the new Heritage with a ...,"WOBURN, England (PA) -- A tired-looking David Howell, still on a high from helping Europe to its biggest-ever Ryder Cup win, on Wednesday made a frank admission on the eve of The Heritage Tournament at Woburn Golf Club.","WOBURN, England (PA) -- A tired-looking David Howell, still on a high from helping Europe to its biggest-ever Ryder Cup win, on Wednesday made a frank admission on the eve of The Heritage Tournament at Woburn Golf Club."
train_013139,1,Sports,U.S. Wins Third Gold,U.S. Wins Third Gold,"BULLETIN&lt;br&gt;BC-OLY--Women's Final BKW,0040&lt;br&gt;BULLETIN&lt;br&gt;    ATHENS, Greece (AP)  --  The United States won the gold medal Saturday in women's basketball, beating Australia 74-63.","BULLETIN BC-OLY--Women's Final BKW,0040 BULLETIN ATHENS, Greece (AP) -- The United States won the gold medal Saturday in women's basketball, beating Australia 74-63."
train_054230,0,World,Egyptian cooperation insufficient in rescue work: Israeli fire &lt;b&gt;...&lt;/b&gt;,Egyptian cooperation insufficient in rescue work: Israeli fire ...,"Israel #39;s fire chief complained of insufficient cooperation from Egypt on Friday in rescue efforts at an Egyptian Red Sea resort hotel, torn apart by a bomb blast.","Israel's fire chief complained of insufficient cooperation from Egypt on Friday in rescue efforts at an Egyptian Red Sea resort hotel, torn apart by a bomb blast."
train_021561,3,Sci/Tech,Profiling Technology Speeds Up Fast Food,Profiling Technology Speeds Up Fast Food,"A Pittsburgh start-up, HyperActive Technologies Inc., is testing technology at area fast-food restaurants designed to give kitchen workers a good indication of what customers want before the hungry souls even get close enough to place an order. &lt;FONT face=""verdana,MS Sans Serif,arial,helvetica"" size=""-2"" color=""#666666""&gt;&lt;B&gt;-AP&lt;/b&gt;&lt;/font&gt;","A Pittsburgh start-up, HyperActive Technologies Inc., is testing technology at area fast-food restaurants designed to give kitchen workers a good indication of what customers want before the hungry souls even get close enough to place an order. -AP"
train_119899,0,World,Chinese secession law may seek legal basis for use of force &lt;b&gt;...&lt;/b&gt;,Chinese secession law may seek legal basis for use of force ...,"BEIJING, (AFP) - A secession law being drafted by China could provide the legal basis for using force against Taiwan, but it is unlikely to include a clear deadline for when reunification must take place, analysts said.","BEIJING, (AFP) - A secession law being drafted by China could provide the legal basis for using force against Taiwan, but it is unlikely to include a clear deadline for when reunification must take place, analysts said."
train_095284,2,Business,"Dow Near Flat; Nasdaq, S P 500 Down","Dow Near Flat; Nasdaq, S P 500 Down"," NEW YORK (Reuters) - U.S. blue-chip stocks rose slightly on  Thursday after a court gave a boost to Altria Group Inc. &lt;A HREF=""http://www.investor.reuters.com/FullQuote.aspx?ticker=MO.N target=/stocks/quickinfo/fullquote""&gt;MO.N&lt;/A&gt;  and other tobacco companies, but that was offset by a drop in  McDonald's Corp. on new mad-cow worries.","NEW YORK (Reuters) - U.S. blue-chip stocks rose slightly on Thursday after a court gave a boost to Altria Group Inc. MO.N and other tobacco companies, but that was offset by a drop in McDonald's Corp. on new mad-cow worries."
train_002951,2,Business,Clinton: Ex-President Inaugurates China-Backed Internet Search &lt;b&gt;...&lt;/b&gt;,Clinton: Ex-President Inaugurates China-Backed Internet Search ...,"Former President Bill Clinton helped launch a new Internet search firm that claims better results for its engine than Google (nasdaq: GOOG - news - people ). The firm is called Accoona, from the Swahili phrase ","Former President Bill Clinton helped launch a new Internet search firm that claims better results for its engine than Google (nasdaq: GOOG - news - people ). The firm is called Accoona, from the Swahili phrase"
train_041010,0,World,Four Palestinian shot dead; Israelis mount search operation in &lt;b&gt;...&lt;/b&gt;,Four Palestinian shot dead; Israelis mount search operation in ...,"JENIN, West Bank, Sept 27 (AFP) - Four Palestinians were killed by Israeli gunfire in the occupied territories on Monday, while the Jewish state #39;s army pressed a large search and arrest operation in Jenin, security sources said.","JENIN, West Bank, Sept 27 (AFP) - Four Palestinians were killed by Israeli gunfire in the occupied territories on Monday, while the Jewish state's army pressed a large search and arrest operation in Jenin, security sources said."
train_017966,0,World,"Americans Should Push For Strong, Political Response to &lt;b&gt;...&lt;/b&gt;","Americans Should Push For Strong, Political Response to ...","The essence of genocide, under international law, is the intentional physical destruction of a group; the intent can be to destroy the group in whole or in substantial part.","The essence of genocide, under international law, is the intentional physical destruction of a group; the intent can be to destroy the group in whole or in substantial part."
train_043728,2,Business,"Agere to Cut 500 Jobs, Book Charges","Agere to Cut 500 Jobs, Book Charges"," NEW YORK (Reuters) - Communications chip maker Agere  Systems Inc. &lt;A HREF=""http://www.investor.reuters.com/FullQuote.aspx?ticker=AGRa.N target=/stocks/quickinfo/fullquote""&gt;AGRa.N&lt;/A&gt; on Wednesday said it will cut 500 jobs  and sell or close a plant in Florida that employs 600 people in  order to reduce costs amid slowing sales.",NEW YORK (Reuters) - Communications chip maker Agere Systems Inc. AGRa.N on Wednesday said it will cut 500 jobs and sell or close a plant in Florida that employs 600 people in order to reduce costs amid slowing sales.
train_093156,0,World,"Asia-Pacific powers to set sights on N. Korean nukes, trade &lt;b&gt;...&lt;/b&gt;","Asia-Pacific powers to set sights on N. Korean nukes, trade ...","SANTIAGO : Asia-Pacific power brokers, starring US Secretary of State Colin Powell, convene here Wednesday determined to suppress terrorism, free up world trade and thwart North Korean nuclear ambitions.","SANTIAGO : Asia-Pacific power brokers, starring US Secretary of State Colin Powell, convene here Wednesday determined to suppress terrorism, free up world trade and thwart North Korean nuclear ambitions."
train_095601,3,Sci/Tech,Nintendo Prepares Weekend Launch of New Handheld,Nintendo Prepares Weekend Launch of New Handheld," LOS ANGELES (Reuters) - A generation of children grew up  playing Nintendo Co. Ltd.'s &lt;A HREF=""http://www.reuters.co.uk/financeQuoteLookup.jhtml?ticker=7974.OS qtype=sym infotype=info qcat=news""&gt;7974.OS&lt;/A&gt; Game Boy handheld video  game system, and now that they've grown up, Nintendo has a new  toy for them.","LOS ANGELES (Reuters) - A generation of children grew up playing Nintendo Co. Ltd.'s 7974.OS Game Boy handheld video game system, and now that they've grown up, Nintendo has a new toy for them."
train_088236,2,Business,Kohl's Profit Up on New Clothing Brands,Kohl's Profit Up on New Clothing Brands," SAN FRANCISCO (Reuters) - Kohl's Corp. &lt;A HREF=""http://www.investor.reuters.com/FullQuote.aspx?ticker=KSS.N target=/stocks/quickinfo/fullquote""&gt;KSS.N&lt;/A&gt; on Thursday  posted a 19 percent rise in its third-quarter profit, as the  department store retailer took fewer markdowns and rolled out  new clothing brands.","SAN FRANCISCO (Reuters) - Kohl's Corp. KSS.N on Thursday posted a 19 percent rise in its third-quarter profit, as the department store retailer took fewer markdowns and rolled out new clothing brands."
train_025288,0,World,Greek air force chief sacked after Orthodox leader dies in chopper &lt;b&gt;...&lt;/b&gt;,Greek air force chief sacked after Orthodox leader dies in chopper ...,"Greece #39;s air force chief of staff was sacked Sunday over delays in launching a rescue operation after a weekend helicopter crash that killed the Greek Orthodox Patriarch of Alexandria, the church #39;s number two.","Greece's air force chief of staff was sacked Sunday over delays in launching a rescue operation after a weekend helicopter crash that killed the Greek Orthodox Patriarch of Alexandria, the church's number two."
train_059241,2,Business,"Accenture Profit Up, Outlook Below Street","Accenture Profit Up, Outlook Below Street"," NEW YORK (Reuters) - Accenture Ltd. &lt;A HREF=""http://www.investor.reuters.com/FullQuote.aspx?ticker=ACN.N target=/stocks/quickinfo/fullquote""&gt;ACN.N&lt;/A&gt;, a leading  global consulting firm, on Wednesday posted  higher-than-expected quarterly earnings on a rebound in  consulting business, but projected profit for the current  quarter to miss Wall Street forecasts.","NEW YORK (Reuters) - Accenture Ltd. ACN.N, a leading global consulting firm, on Wednesday posted higher-than-expected quarterly earnings on a rebound in consulting business, but projected profit for the current quarter to miss Wall Street forecasts."
train_113975,1,Sports,Notre Dame names Patriots offensive coordinator Charlie Weis as &lt;b&gt;...&lt;/b&gt;,Notre Dame names Patriots offensive coordinator Charlie Weis as ...,"Notre Dame has tapped one of the NFL #39;s most successful units to fill its head coaching vacancy, signing New England Patriots offensive coordinator Charlie Weis to a six-year contract, the school said Sunday night.","Notre Dame has tapped one of the NFL's most successful units to fill its head coaching vacancy, signing New England Patriots offensive coordinator Charlie Weis to a six-year contract, the school said Sunday night."
train_092805,2,Business,PeopleSoft Investors Split Votes on Deal,PeopleSoft Investors Split Votes on Deal," PHILADELPHIA/SAN FRANCISCO (Reuters) - Two major PeopleSoft  Inc.&lt;A HREF=""http://www.investor.reuters.com/FullQuote.aspx?ticker=PSFT.O target=/stocks/quickinfo/fullquote""&gt;PSFT.O&lt;/A&gt; shareholders on Tuesday indicated they would split  their votes on whether to accept Oracle Corp's &lt;A HREF=""http://www.investor.reuters.com/FullQuote.aspx?ticker=ORCL.O target=/stocks/quickinfo/fullquote""&gt;ORCL.O&lt;/A&gt; \$8.8  billion hostile takeover bid.",PHILADELPHIA/SAN FRANCISCO (Reuters) - Two major PeopleSoft Inc.PSFT.O shareholders on Tuesday indicated they would split their votes on whether to accept Oracle Corp's ORCL.O $8.8 billion hostile takeover bid.
train_023916,2,Business,Creditors KO Delta's Bid to Change Debt,Creditors KO Delta's Bid to Change Debt," NEW YORK (Reuters) - Delta Air Lines Inc. &lt;A HREF=""http://www.investor.reuters.com/FullQuote.aspx?ticker=DAL.N target=/stocks/quickinfo/fullquote""&gt;DAL.N&lt;/A&gt; on Friday  said a group of bond holders refused to change the terms of  their securities, adding to the headwinds the airline faces as  it struggles to avoid bankruptcy.","NEW YORK (Reuters) - Delta Air Lines Inc. DAL.N on Friday said a group of bond holders refused to change the terms of their securities, adding to the headwinds the airline faces as it struggles to avoid bankruptcy."
train_055853,3,Sci/Tech,SpaceShipOne #39;s success has the industry trying to seize momentum &lt;b&gt;...&lt;/b&gt;,SpaceShipOne's success has the industry trying to seize momentum ...,"No sooner had SpaceShipOne glided back to terra firma, claiming both the \$10 million Ansari X Prize and distinction as the first privately funded manned spaceflight, than talk turned to a glorious future: personal space trips .","No sooner had SpaceShipOne glided back to terra firma, claiming both the $10 million Ansari X Prize and distinction as the first privately funded manned spaceflight, than talk turned to a glorious future: personal space trips ."
train_056203,0,World,Prime minister begins planning fourth term after election win in &lt;b&gt;...&lt;/b&gt;,Prime minister begins planning fourth term after election win in ...,"Prime Minister John Howard, fresh from winning an election mandate to keep Australian troops in Iraq as long as needed, accepted congratulations from President Bush and began planning his fourth term Sunday.","Prime Minister John Howard, fresh from winning an election mandate to keep Australian troops in Iraq as long as needed, accepted congratulations from President Bush and began planning his fourth term Sunday."
train_059686,2,Business,Hurricane Damage to Hit Allstate Profits,Hurricane Damage to Hit Allstate Profits," NEW YORK (Reuters) - Allstate Corp. &lt;A HREF=""http://www.investor.reuters.com/FullQuote.aspx?ticker=ALL.N target=/stocks/quickinfo/fullquote""&gt;ALL.N&lt;/A&gt;, the No. 2 U.S.  home and auto insurer, warned on Wednesday its third-quarter  profits would fall well short of expectations due to more than  \$1 billion in hurricane-related payouts.","NEW YORK (Reuters) - Allstate Corp. ALL.N, the No. 2 U.S. home and auto insurer, warned on Wednesday its third-quarter profits would fall well short of expectations due to more than $1 billion in hurricane-related payouts."
train_047018,3,Sci/Tech,"Gates pitches computer science, biology studies","Gates pitches computer science, biology studies","BERKELEY, CALIFORNIA - ""You can't go wrong in computer science,"" Microsoft Corp. Chairman and Chief Software Architect Bill Gates told University of California, Berkeley students on Friday. Some students, however, were unhappy with the way Gates responded to questions about increasing competition for jobs from China and India.&lt;p&gt;ADVERTISEMENT&lt;/p&gt;&lt;p&gt;&lt;img src=""http://ad.doubleclick.net/ad/idg.us.ifw.general/sbcspotrssfeed;sz=1x1;ord=200301151450?"" width=""1"" height=""1"" border=""0""/&gt;&lt;a href=""http://ad.doubleclick.net/clk;9228975;9651165;a?http://www.infoworld.com/spotlights/sbc/main.html?lpid0103035400730000idlp""&gt;SBC Case Study: Crate   Barrel&lt;/a&gt;&lt;br/&gt;What sold them on improving their network? A system that could cut management costs from the get-go. Find out more.&lt;/p&gt;","BERKELEY, CALIFORNIA - ""You can't go wrong in computer science,"" Microsoft Corp. Chairman and Chief Software Architect Bill Gates told University of California, Berkeley students on Friday. Some students, however, were unhappy with the way Gates responded to questions about increasing competition for jobs from China and India.ADVERTISEMENTSBC Case Study: Crate Barrel What sold them on improving their network? A system that could cut management costs from the get-go. Find out more."
train_038234,0,World,Prosecutors say they expect to charge alleged head of Jemaah &lt;b&gt;...&lt;/b&gt;,Prosecutors say they expect to charge alleged head of Jemaah ...,"JAKARTA, Indonesia Indonesian prosecutors say they #39;ll file terror-related charges against a cleric accused of heading the group behind the Bali bombings.","JAKARTA, Indonesia Indonesian prosecutors say they'll file terror-related charges against a cleric accused of heading the group behind the Bali bombings."
train_001448,2,Business,Auto Retailer CarMax Trims Outlook,Auto Retailer CarMax Trims Outlook," DETROIT (Reuters) - Auto retailer CarMax Inc. &lt;A HREF=""http://www.investor.reuters.com/FullQuote.aspx?ticker=KMX.N target=/stocks/quickinfo/fullquote""&gt;KMX.N&lt;/A&gt; on  Tuesday cut its second-quarter earnings forecast due to  slower-than-expected used-car sales, sparking a 3.7 percent  drop in its shares.","DETROIT (Reuters) - Auto retailer CarMax Inc. KMX.N on Tuesday cut its second-quarter earnings forecast due to slower-than-expected used-car sales, sparking a 3.7 percent drop in its shares."
train_090137,0,World,Palestinians plan elections within 60 days to pick Arafat #39;s &lt;b&gt;...&lt;/b&gt;,Palestinians plan elections within 60 days to pick Arafat's ...,"Palestinian Prime Minister Ahmed Qurei pledged Saturday that presidential elections would be held within 60 days to replace late leader Yasser Arafat, while the Palestinian ","Palestinian Prime Minister Ahmed Qurei pledged Saturday that presidential elections would be held within 60 days to replace late leader Yasser Arafat, while the Palestinian"
train_050589,0,World,"Former Iranian president says Iran has missiles with 2,000 km &lt;b&gt;...&lt;/b&gt;","Former Iranian president says Iran has missiles with 2,000 km ...","Former Iranian President Akbar Hashemi Rafsanjani announced in Tehran on Tuesday that Iran has now missiles with a range of 2,000 kilometers, saying there are  #39;next stages #39; to the capability, IRNA reported.","Former Iranian President Akbar Hashemi Rafsanjani announced in Tehran on Tuesday that Iran has now missiles with a range of 2,000 kilometers, saying there are 'next stages' to the capability, IRNA reported."
train_064860,3,Sci/Tech,Hefty savings on the Inova X1,Hefty savings on the Inova X1,&lt;strong&gt;Cash'n'Carrion&lt;/strong&gt; Lots of torch for not much cash,Cash'n'Carrion Lots of torch for not much cash
train_023876,0,World,Suspected Turkish al-Qaida leader reportedly killed in Iraq &lt;b&gt;...&lt;/b&gt;,Suspected Turkish al-Qaida leader reportedly killed in Iraq ...,"Turkish television stations broadcast a video Friday that claimed that Habib Akdas, suspected leader of the Turkish al-Qaida cell blamed for November suicide bombings in Istanbul, was killed this week in a US bombing raid in Iraq.","Turkish television stations broadcast a video Friday that claimed that Habib Akdas, suspected leader of the Turkish al-Qaida cell blamed for November suicide bombings in Istanbul, was killed this week in a US bombing raid in Iraq."
train_089650,3,Sci/Tech,Federal communications panel takes on oversight of internet phone &lt;b&gt;...&lt;/b&gt;,Federal communications panel takes on oversight of internet phone ...,WASHINGTON: The Federal Communications Commission seized regulatory control over Internet-based telephone services on Tuesday by issuing an order that sharply limited the role of state regulators.,WASHINGTON: The Federal Communications Commission seized regulatory control over Internet-based telephone services on Tuesday by issuing an order that sharply limited the role of state regulators.
train_080409,2,Business,Magna spinoffs pledge to keep to long-term strategies amid &lt;b&gt;...&lt;/b&gt;,Magna spinoffs pledge to keep to long-term strategies amid ...,TORONTO (CP) - Top executives at two Magna International spinoffs the the auto parts giant wants to take private reaffirmed Tuesday that independent committees will analyse the bids and denied that outcomes in Magna #39;s favour have been pre-determined.,TORONTO (CP) - Top executives at two Magna International spinoffs the the auto parts giant wants to take private reaffirmed Tuesday that independent committees will analyse the bids and denied that outcomes in Magna's favour have been pre-determined.
train_009834,2,Business,"Northwest, Sabre Tussle Heats Up","Northwest, Sabre Tussle Heats Up"," CHICAGO (Reuters) - A dispute between Northwest Airlines  Corp. &lt;A HREF=""http://www.investor.reuters.com/FullQuote.aspx?ticker=NWAC.O target=/stocks/quickinfo/fullquote""&gt;NWAC.O&lt;/A&gt; and Sabre Holdings Corp. &lt;A HREF=""http://www.investor.reuters.com/FullQuote.aspx?ticker=TSG.N target=/stocks/quickinfo/fullquote""&gt;TSG.N&lt;/A&gt; intensified on  Wednesday as the airline sued Sabre for changing the way it  displays fares on its computerized reservation system.",CHICAGO (Reuters) - A dispute between Northwest Airlines Corp. NWAC.O and Sabre Holdings Corp. TSG.N intensified on Wednesday as the airline sued Sabre for changing the way it displays fares on its computerized reservation system.
train_055981,0,World,Schumacher Storms to Sixth Japanese F1 Win,Schumacher Storms to Sixth Japanese F1 Win,"&lt;p&gt;&lt;/p&gt;&lt;p&gt; By Alastair Himmer&lt;/p&gt;&lt;p&gt; SUZUKA, Japan (Reuters) - Ferrari's Michael Schumacherpowered to an easy victory in the Japanese Grand Prix on Sundayfor his 13th win of the season.&lt;/p&gt;","By Alastair Himmer SUZUKA, Japan (Reuters) - Ferrari's Michael Schumacherpowered to an easy victory in the Japanese Grand Prix on Sundayfor his 13th win of the season."
train_114652,2,Business,U.S. Stocks Climb as Oracle Deal Lifts,U.S. Stocks Climb as Oracle Deal Lifts," NEW YORK (Reuters) - U.S. stocks rose on Monday after  software maker PeopleSoft Inc. &lt;A HREF=""http://www.investor.reuters.com/FullQuote.aspx?ticker=PSFT.O target=/stocks/quickinfo/fullquote""&gt;PSFT.O&lt;/A&gt; accepted rival Oracle  Corp.'s &lt;A HREF=""http://www.investor.reuters.com/FullQuote.aspx?ticker=ORCL.O target=/stocks/quickinfo/fullquote""&gt;ORCL.O&lt;/A&gt; buyout offer and data showed  better-than-expected November retail sales, signaling an uptick  in consumer spending.","NEW YORK (Reuters) - U.S. stocks rose on Monday after software maker PeopleSoft Inc. PSFT.O accepted rival Oracle Corp.'s ORCL.O buyout offer and data showed better-than-expected November retail sales, signaling an uptick in consumer spending."
train_008684,3,Sci/Tech,BOFH: How do you deal with authority?,BOFH: How do you deal with authority?,&lt;strong&gt;Episode 27&lt;/strong&gt; The Bastard wants to know,Episode 27 The Bastard wants to know
train_017778,2,Business,"Microsoft: Linux is a threat, it may mean prices cuts and less &lt;b&gt;...&lt;/b&gt;","Microsoft: Linux is a threat, it may mean prices cuts and less ...","Microsoft has filed a report with the Securities and Exchange Commission (SEC) - and it looks like the Redmond giant could be in for a lean year ahead, even going as far as to hint that Linux and other open-source rivals might be to blame.","Microsoft has filed a report with the Securities and Exchange Commission (SEC) - and it looks like the Redmond giant could be in for a lean year ahead, even going as far as to hint that Linux and other open-source rivals might be to blame."
train_105079,2,Business,Novartis withdraws application for EU approval of new arthritis &lt;b&gt;...&lt;/b&gt;,Novartis withdraws application for EU approval of new arthritis ...,The Swiss pharmaceutical group Novartis withdrew on Tuesday an application for EU approval of a new arthritis drug called Prexige to await a review of such treatments next year.,The Swiss pharmaceutical group Novartis withdrew on Tuesday an application for EU approval of a new arthritis drug called Prexige to await a review of such treatments next year.
train_036952,3,Sci/Tech,Sony Considers MP3 Support to Silence iPod Fans,Sony Considers MP3 Support to Silence iPod Fans,&lt;p&gt;\&lt;/p&gt;&lt;p&gt; By Bernhard Warner&lt;/p&gt;&lt;p&gt; LONDON (Reuters) - Consumer electronics giant Sony Corp.\said on Thursday it is mulling a major strategic shift to make\digital music devices that play MP3 song files.&lt;/p&gt;,By Bernhard Warner LONDON (Reuters) - Consumer electronics giant Sony Corp. said on Thursday it is mulling a major strategic shift to make digital music devices that play MP3 song files.
train_046904,2,Business,G-7 finance ministers meet in Washington; China agrees to work on &lt;b&gt;...&lt;/b&gt;,G-7 finance ministers meet in Washington; China agrees to work on ...,"The US administration, facing huge and politically sensitive trade deficits, secured China #39;s pledge Friday to work harder to move its currency toward a flexible exchange rate, which would make US goods more competitive abroad.","The US administration, facing huge and politically sensitive trade deficits, secured China's pledge Friday to work harder to move its currency toward a flexible exchange rate, which would make US goods more competitive abroad."
train_037124,2,Business,Halliburton May Separate KBR Unit,Halliburton May Separate KBR Unit," NEW YORK (Reuters) - Halliburton Co. &lt;A HREF=""http://www.investor.reuters.com/FullQuote.aspx?ticker=HAL.N target=/stocks/quickinfo/fullquote""&gt;HAL.N&lt;/A&gt;, beset by  controversy over its work in Iraq, plans to shed its KBR  engineering and construction unit if the oilfield services  company's share performance does not match its peers, it said  on Thursday.","NEW YORK (Reuters) - Halliburton Co. HAL.N, beset by controversy over its work in Iraq, plans to shed its KBR engineering and construction unit if the oilfield services company's share performance does not match its peers, it said on Thursday."
train_048760,3,Sci/Tech,"Sony of Japan abandons copy-control music CDs, adapting to &lt;b&gt;...&lt;/b&gt;","Sony of Japan abandons copy-control music CDs, adapting to ...","Sony Corp. #39;s music unit is abandoning its CDs that use built-in technology that limits copying them, after pushing the program for two years.","Sony Corp.'s music unit is abandoning its CDs that use built-in technology that limits copying them, after pushing the program for two years."
train_004842,3,Sci/Tech,China Mobile Suspends Chinadotcom Mobile Services,China Mobile Suspends Chinadotcom Mobile Services," NEW YORK (Reuters) - Chinadotcom &lt;A HREF=""http://www.reuters.co.uk/financeQuoteLookup.jhtml?ticker=CHINA.O qtype=sym infotype=info qcat=news""&gt;CHINA.O&lt;/A&gt; said on Friday  that its Go2joy mobile messaging unit has been sanctioned by  China Mobile &lt;A HREF=""http://www.reuters.co.uk/financeQuoteLookup.jhtml?ticker=CHL.N qtype=sym infotype=info qcat=news""&gt;CHL.N&lt;/A&gt;, as part of a broad crackdown on  aggressive marketing by it and 21 other companies.","NEW YORK (Reuters) - Chinadotcom CHINA.O said on Friday that its Go2joy mobile messaging unit has been sanctioned by China Mobile CHL.N, as part of a broad crackdown on aggressive marketing by it and 21 other companies."
train_069998,1,Sports,"Forget politics, lifting Curse of the Bambino is the Series &lt;b&gt;...&lt;/b&gt;","Forget politics, lifting Curse of the Bambino is the Series ...","ASK a Democrat in Massachusetts whether he would rather see John Kerry win the presidency or the Boston Red Sox take their first World Series since 1918, and chances are the answer will be easy.","ASK a Democrat in Massachusetts whether he would rather see John Kerry win the presidency or the Boston Red Sox take their first World Series since 1918, and chances are the answer will be easy."
train_069041,2,Business,"Ex-Citigroup execs may face SEC charges, banking company says in &lt;b&gt;...&lt;/b&gt;","Ex-Citigroup execs may face SEC charges, banking company says in ...","NEW YORK -- The Securities and Exchange Commission is considering recommending charges against a Citigroup executive whose departure was announced this week, the financial-services giant said Friday.","NEW YORK -- The Securities and Exchange Commission is considering recommending charges against a Citigroup executive whose departure was announced this week, the financial-services giant said Friday."
train_022990,3,Sci/Tech,Baby Bells See Rivals Taking Fewer Phones,Baby Bells See Rivals Taking Fewer Phones,&lt;p&gt;\&lt;/p&gt;&lt;p&gt; By Justin Hyde&lt;/p&gt;&lt;p&gt; WASHINGTON (Reuters) - Three of the nation's dominant local\telephone companies said on Thursday that they had seen a sharp\drop-off in new residential lines leased to competitors since\AT T Corp. &lt;T.N&gt; announced a retreat from residential service\in July due to changing federal rules.&lt;/p&gt;,By Justin Hyde WASHINGTON (Reuters) - Three of the nation's dominant local telephone companies said on Thursday that they had seen a sharp drop-off in new residential lines leased to competitors since AT T Corp. T.N announced a retreat from residential service in July due to changing federal rules.
train_051208,3,Sci/Tech,"MTV, Gamers  Hope Video Clicks With Young","MTV, Gamers Hope Video Clicks With Young","MTV and the gaming industry are hoping characters from the gaming world will be able to reach the double-click generation. The message is clear: Young people need to take voting  seriously.&lt;BR&gt;\&lt;FONT face=""verdana,MS Sans Serif,arial,helvetica"" size=""-2""\ color=""#666666""&gt;&lt;B&gt;-The Washington Post&lt;/B&gt;&lt;/FONT&gt;",MTV and the gaming industry are hoping characters from the gaming world will be able to reach the double-click generation. The message is clear: Young people need to take voting seriously. -The Washington Post
train_118715,1,Sports,No. 6 Stanford Advances To NCAA Championship With 3-1 Win Over &lt;b&gt;...&lt;/b&gt;,No. 6 Stanford Advances To NCAA Championship With 3-1 Win Over ...,"Senior Ogonna Nnamani leads the team with 33 kills, 21 digs and five blocks on the night. Long Beach, Calif. - Senior outside hitter Ogonna Nnamani had 33 kills, 21 digs and five blocks to lead the sixth-ranked ","Senior Ogonna Nnamani leads the team with 33 kills, 21 digs and five blocks on the night. Long Beach, Calif. - Senior outside hitter Ogonna Nnamani had 33 kills, 21 digs and five blocks to lead the sixth-ranked"
train_082682,2,Business,Dollar Plunges to Record Low Against Euro,Dollar Plunges to Record Low Against Euro,"&lt;p&gt;\&lt;/p&gt;&lt;p&gt; By John Parry&lt;/p&gt;&lt;p&gt; NEW YORK (Reuters) - The dollar dropped to record lows\against the euro on Friday, succumbing to negative sentiment\and erasing all of the U.S. currency's earlier gains following\a robust U.S. October employment report.&lt;/p&gt;","By John Parry NEW YORK (Reuters) - The dollar dropped to record lows against the euro on Friday, succumbing to negative sentiment and erasing all of the U.S. currency's earlier gains following a robust U.S. October employment report."
train_004023,3,Sci/Tech,"Nortel to Cut 3,500 Jobs to Boost Profit","Nortel to Cut 3,500 Jobs to Boost Profit","&lt;p&gt;&lt;/p&gt;&lt;p&gt; OTTAWA (Reuters) - Nortel Networks Corp. &lt;NT.TO&gt; &lt;NT.TO&gt;posted long-awaited preliminary results for the first half of2004 on Thursday, estimating first and second quarter earningsbetween nil and 1 cent per share.&lt;/p&gt;","OTTAWA (Reuters) - Nortel Networks Corp. NT.TO NT.TOposted long-awaited preliminary results for the first half of2004 on Thursday, estimating first and second quarter earningsbetween nil and 1 cent per share."
train_117318,3,Sci/Tech,Here #39;s what you will _ and won #39;t _ be able to see when searching &lt;b&gt;...&lt;/b&gt;,Here's what you will _ and won't _ be able to see when searching ...,"A few months from now, perhaps by mid-2005, Google will be adding thousands of library books from university collections to its searchable database.","A few months from now, perhaps by mid-2005, Google will be adding thousands of library books from university collections to its searchable database."
train_000889,3,Sci/Tech,On the Beastie Boys 'virus' CD,On the Beastie Boys 'virus' CD,"&lt;strong&gt;Review&lt;/strong&gt; Does not attempt world domination, but","Review Does not attempt world domination, but"
train_067519,0,World,"Fidel Castro falls after speech, breaking knee and causing &lt;b&gt;...&lt;/b&gt;","Fidel Castro falls after speech, breaking knee and causing ...","Cuban President Fidel Castro tripped on a step and tumbled to the ground after leaving the stage at a graduation ceremony, fracturing a knee and arm but quickly returning to say that he was  quot;all in one piece.","Cuban President Fidel Castro tripped on a step and tumbled to the ground after leaving the stage at a graduation ceremony, fracturing a knee and arm but quickly returning to say that he was quot;all in one piece."
train_054819,2,Business,Court Throws Out Hollinger Int'l Lawsuit,Court Throws Out Hollinger Int'l Lawsuit," NEW YORK (Reuters) - A U.S. court on Friday dealt a blow to  Hollinger International Inc.'s &lt;A HREF=""http://www.investor.reuters.com/FullQuote.aspx?ticker=HLR.N target=/stocks/quickinfo/fullquote""&gt;HLR.N&lt;/A&gt; efforts to recover \$1.25  billion from ex-chairman Conrad Black and others, dismissing  its racketeering lawsuit against them.","NEW YORK (Reuters) - A U.S. court on Friday dealt a blow to Hollinger International Inc.'s HLR.N efforts to recover $1.25 billion from ex-chairman Conrad Black and others, dismissing its racketeering lawsuit against them."
train_037412,2,Business,Cyberonics Gets FDA OK for Small Study,Cyberonics Gets FDA OK for Small Study," CHICAGO (Reuters) - U.S. regulators, who rejected  Cyberonics Inc.'s &lt;A HREF=""http://www.investor.reuters.com/FullQuote.aspx?ticker=CYBX.O target=/stocks/quickinfo/fullquote""&gt;CYBX.O&lt;/A&gt; device to treat depression in  August, cleared the therapy for use in a small study, the  company said on Thursday.","CHICAGO (Reuters) - U.S. regulators, who rejected Cyberonics Inc.'s CYBX.O device to treat depression in August, cleared the therapy for use in a small study, the company said on Thursday."
train_011362,1,Sports,Quinn relieved that goalie Ed Belfour #39;s back surgery was deemed a &lt;b&gt;...&lt;/b&gt;,Quinn relieved that goalie Ed Belfour's back surgery was deemed a ...,"TORONTO (CP) - Maple Leafs goaltender Ed Belfour is expected to make a complete recovery following back surgery Thursday, says GM John Ferguson.","TORONTO (CP) - Maple Leafs goaltender Ed Belfour is expected to make a complete recovery following back surgery Thursday, says GM John Ferguson."
train_036345,2,Business,Air Force's Roche Eyed Over Boeing Deal,Air Force's Roche Eyed Over Boeing Deal," WASHINGTON (Reuters) - White House officials have asked the  Justice Department to determine whether Air Force Secretary  James Roche engaged in possible misconduct over an initial  proposal to lease 100 Boeing Co. &lt;A HREF=""http://www.investor.reuters.com/FullQuote.aspx?ticker=BA.N target=/stocks/quickinfo/fullquote""&gt;BA.N&lt;/A&gt; refueling tankers,  sources familiar with the matter said on Wednesday.","WASHINGTON (Reuters) - White House officials have asked the Justice Department to determine whether Air Force Secretary James Roche engaged in possible misconduct over an initial proposal to lease 100 Boeing Co. BA.N refueling tankers, sources familiar with the matter said on Wednesday."
train_087919,3,Sci/Tech,Intel Readies Centrino-Style Push for Desktops,Intel Readies Centrino-Style Push for Desktops," SAN FRANCISCO (Reuters) - Intel Corp. &lt;A HREF=""http://www.reuters.co.uk/financeQuoteLookup.jhtml?ticker=INTC.O qtype=sym infotype=info qcat=news""&gt;INTC.O&lt;/A&gt; will unveil  next year a bundle of chips designed for home entertainment  computers, and support the move with a branding campaign  modeled on the successful launch of its Centrino chips for  notebook computers, a person briefed on the matter said.","SAN FRANCISCO (Reuters) - Intel Corp. INTC.O will unveil next year a bundle of chips designed for home entertainment computers, and support the move with a branding campaign modeled on the successful launch of its Centrino chips for notebook computers, a person briefed on the matter said."
train_041282,0,World,"Thailand confirms woman has bird flu, second case in latest &lt;b&gt;...&lt;/b&gt;","Thailand confirms woman has bird flu, second case in latest ...","A woman was confirmed Monday to be suffering from avian flu, the second known human victim of the disease in Thailand since July, but officials said there is no evidence it was the result of human-to-human transmission.","A woman was confirmed Monday to be suffering from avian flu, the second known human victim of the disease in Thailand since July, but officials said there is no evidence it was the result of human-to-human transmission."
train_088878,2,Business,Stocks to Watch,Stocks to Watch," DELL INC. &lt;A HREF=""http://www.investor.reuters.com/FullQuote.aspx?ticker=DELL.O target=/stocks/quickinfo/fullquote""&gt;DELL.O&lt;/A&gt;:",DELL INC. DELL.O:
train_064047,2,Business,USAir Details Plan to Be Low-Cost Carrier,USAir Details Plan to Be Low-Cost Carrier," WASHINGTON (Reuters) - Bankrupt US Airways &lt;A HREF=""http://www.investor.reuters.com/FullQuote.aspx?ticker=UAIRQ.OB target=/stocks/quickinfo/fullquote""&gt;UAIRQ.OB&lt;/A&gt;  detailed plans on Monday for becoming a low-cost carrier,  saying it will overhaul its flight schedule and sharply boost  aircraft turnaround times beginning in February.","WASHINGTON (Reuters) - Bankrupt US Airways UAIRQ.OB detailed plans on Monday for becoming a low-cost carrier, saying it will overhaul its flight schedule and sharply boost aircraft turnaround times beginning in February."
train_115499,3,Sci/Tech,Toshiba Leads Industry in Bringing Perpendicular Data Recording to &lt;b&gt;...&lt;/b&gt;,Toshiba Leads Industry in Bringing Perpendicular Data Recording to ...,"TOKYO --(Business Wire)-- Dec. 13, 2004 -- Perpendicular Recording Technology Achieves 1.8-Inch Drive That Holds the Industry Largest 80-Gigabytes of Information.","TOKYO --(Business Wire)-- Dec. 13, 2004 -- Perpendicular Recording Technology Achieves 1.8-Inch Drive That Holds the Industry Largest 80-Gigabytes of Information."
train_025182,2,Business,Oracle Ruling May Embolden Dealmakers,Oracle Ruling May Embolden Dealmakers," WASHINGTON (Reuters) - A federal judge may have sent a gift  to all merger-minded U.S. executives when he rejected the  government's request to block Oracle Corp.'s &lt;A HREF=""http://www.investor.reuters.com/FullQuote.aspx?ticker=ORCL.O target=/stocks/quickinfo/fullquote""&gt;ORCL.O&lt;/A&gt; bid for  PeopleSoft Inc. &lt;A HREF=""http://www.investor.reuters.com/FullQuote.aspx?ticker=PSFT.O target=/stocks/quickinfo/fullquote""&gt;PSFT.O&lt;/A&gt; last week.",WASHINGTON (Reuters) - A federal judge may have sent a gift to all merger-minded U.S. executives when he rejected the government's request to block Oracle Corp.'s ORCL.O bid for PeopleSoft Inc. PSFT.O last week.
train_036615,1,Sports,Reds score five runs off John Smoltz in ninth inning to beat &lt;b&gt;...&lt;/b&gt;,Reds score five runs off John Smoltz in ninth inning to beat ...,"John Smoltz is used to closing out games for the Atlanta Braves. Blowing saves is something he #39;s not accustomed to.  quot;It #39;s a shock to your system, quot; he said.","John Smoltz is used to closing out games for the Atlanta Braves. Blowing saves is something he's not accustomed to. quot;It's a shock to your system, quot; he said."
train_024044,1,Sports,"Compete against your friends, SI experts and celebrities in this &lt;b&gt;...&lt;/b&gt;","Compete against your friends, SI experts and celebrities in this ...","The Tennessee Titans will have a kicker on hand for Saturday #39;s season opener at Miami, and it won #39;t be the NFL #39;s career scoring leader Gary Anderson.","The Tennessee Titans will have a kicker on hand for Saturday's season opener at Miami, and it won't be the NFL's career scoring leader Gary Anderson."
train_081450,1,Sports,"Lecavalier signs with Russian team, says Richards headed there &lt;b&gt;...&lt;/b&gt;","Lecavalier signs with Russian team, says Richards headed there ...",Vincent Lecavalier signed with a Russian team Thursday to play during the NHL lockout and said Tampa Bay Lightning teammate Brad Richards will be joining him.,Vincent Lecavalier signed with a Russian team Thursday to play during the NHL lockout and said Tampa Bay Lightning teammate Brad Richards will be joining him.
train_044315,0,World,Canada considers fate of suspected NKorean refugees in China &lt;b&gt;...&lt;/b&gt;,Canada considers fate of suspected NKorean refugees in China ...,"Canada is facing a diplomatic headache after a group of suspected North Koreans broke into the Canadian Embassy in the Chinese capital, Beijing, on Wednesday.","Canada is facing a diplomatic headache after a group of suspected North Koreans broke into the Canadian Embassy in the Chinese capital, Beijing, on Wednesday."
train_025906,2,Business,Campbell Soup Co. Profit Falls 20 Percent,Campbell Soup Co. Profit Falls 20 Percent," CHICAGO (Reuters) - Campbell Soup Co. &lt;A HREF=""http://www.investor.reuters.com/FullQuote.aspx?ticker=CPB.N target=/stocks/quickinfo/fullquote""&gt;CPB.N&lt;/A&gt;, the world's  largest soupmaker, on Monday said quarterly net profit fell 20  percent as it increased spending on marketing and took a charge  related to job cuts.","CHICAGO (Reuters) - Campbell Soup Co. CPB.N, the world's largest soupmaker, on Monday said quarterly net profit fell 20 percent as it increased spending on marketing and took a charge related to job cuts."
train_021958,2,Business,Texas Instruments Trims Revenue Estimates,Texas Instruments Trims Revenue Estimates," SAN FRANCISCO (Reuters) - Texas Instruments Inc. &lt;A HREF=""http://www.investor.reuters.com/FullQuote.aspx?ticker=TXN.N target=/stocks/quickinfo/fullquote""&gt;TXN.N&lt;/A&gt;,  the largest maker of chips for cell phones, trimmed its  third-quarter revenue outlook on Wednesday as customers worked  off inventories of unsold chips, making it the second major  chip supplier to pare third-quarter expectations.","SAN FRANCISCO (Reuters) - Texas Instruments Inc. TXN.N, the largest maker of chips for cell phones, trimmed its third-quarter revenue outlook on Wednesday as customers worked off inventories of unsold chips, making it the second major chip supplier to pare third-quarter expectations."
train_026803,2,Business,Stocks to Watch,Stocks to Watch," ORACLE CORP. &lt;A HREF=""http://www.investor.reuters.com/FullQuote.aspx?ticker=ORCL.O target=/stocks/quickinfo/fullquote""&gt;ORCL.O&lt;/A&gt;:",ORACLE CORP. ORCL.O:
train_044999,3,Sci/Tech,Microsoft Asks Judge to Suspend Penalties,Microsoft Asks Judge to Suspend Penalties,"Microsoft Corp told a judge on Thursday that the European Commission must be stopped from\ordering it to give up secret technology to competitors. &lt;FONT face=""verdana,MS Sans Serif,arial,helvetica"" size=""-2""\ color=""#666666""&gt;&lt;B&gt;-Reuters&lt;/B&gt;&lt;/FONT&gt;",Microsoft Corp told a judge on Thursday that the European Commission must be stopped from ordering it to give up secret technology to competitors. -Reuters
train_097860,2,Business,"Big 6 banks poised for profit slowdown, but still expect double &lt;b&gt;...&lt;/b&gt;","Big 6 banks poised for profit slowdown, but still expect double ...","TORONTO (CP) - Canada #39;s big banks, reporting year-end results over the next two weeks, will show a definite deceleration in growth, but analysts say they are still poised to ring up double-digit profit increases.","TORONTO (CP) - Canada's big banks, reporting year-end results over the next two weeks, will show a definite deceleration in growth, but analysts say they are still poised to ring up double-digit profit increases."
train_117011,2,Business,YUKOS Gets Hearing as It Tries Stop Sale,YUKOS Gets Hearing as It Tries Stop Sale," HOUSTON (Reuters) - A U.S. bankruptcy judge will hear  arguments on Thursday in Russian oil company Yukos' &lt;A HREF=""http://www.investor.reuters.com/FullQuote.aspx?ticker=YUKO.MM target=/stocks/quickinfo/fullquote""&gt;YUKO.MM&lt;/A&gt;  request to stop the impending auction of its main production  unit.",HOUSTON (Reuters) - A U.S. bankruptcy judge will hear arguments on Thursday in Russian oil company Yukos' YUKO.MM request to stop the impending auction of its main production unit.
train_097710,2,Business,Huge US deficit emphasizes fragile world view of the American &lt;b&gt;...&lt;/b&gt;,Huge US deficit emphasizes fragile world view of the American ...,"International Forecaster Allyn Hunt writes: Bush #39;s re-election in contrast signals a period of increased efforts by Brazil #39;s widely popular President of Luiz Inacio Lula da Silva, Argentina #39;s Nestor Kirchner, Venezuela #39;s vigorously anti-Bush President ","International Forecaster Allyn Hunt writes: Bush's re-election in contrast signals a period of increased efforts by Brazil's widely popular President of Luiz Inacio Lula da Silva, Argentina's Nestor Kirchner, Venezuela's vigorously anti-Bush President"
train_110236,3,Sci/Tech,Mosaid Says Court Denies Samsung Sanction Appeals,Mosaid Says Court Denies Samsung Sanction Appeals," TORONTO (Reuters) - Mosaid Technologies Inc. &lt;A HREF=""http://www.reuters.co.uk/financeQuoteLookup.jhtml?ticker=MSD.TO qtype=sym infotype=info qcat=news""&gt;MSD.TO&lt;/A&gt; said  on Wednesday that a judge has denied an appeal by Samsung  Electronics Co. &lt;A HREF=""http://www.reuters.co.uk/financeQuoteLookup.jhtml?ticker=005930.KS qtype=sym infotype=info qcat=news""&gt;005930.KS&lt;/A&gt; of two remaining sanctions tied to  a patent infringement lawsuit.",TORONTO (Reuters) - Mosaid Technologies Inc. MSD.TO said on Wednesday that a judge has denied an appeal by Samsung Electronics Co. 005930.KS of two remaining sanctions tied to a patent infringement lawsuit.
train_071705,2,Business,Kellogg raises earnings forecast for year after third-quarter &lt;b&gt;...&lt;/b&gt;,Kellogg raises earnings forecast for year after third-quarter ...,"Cereal and snack maker Kellogg Co. increased its profit forecast for the rest of the year Monday, citing strong growth in its third-quarter sales and earnings.","Cereal and snack maker Kellogg Co. increased its profit forecast for the rest of the year Monday, citing strong growth in its third-quarter sales and earnings."
train_098926,3,Sci/Tech,Oracle: Let's get past this 'impasse',Oracle: Let's get past this 'impasse',"PeopleSoft needs to get over its stubbornness and accept a new reality following Friday's shareholder vote, Oracle's chairman says.\&lt;br /&gt; Oracle wins PeopleSoft shareholder vote","PeopleSoft needs to get over its stubbornness and accept a new reality following Friday's shareholder vote, Oracle's chairman says. Oracle wins PeopleSoft shareholder vote"
train_056455,1,Sports,Brees throws two touchdown passes to lead Chargers past Jaguars 34 &lt;b&gt;...&lt;/b&gt;,Brees throws two touchdown passes to lead Chargers past Jaguars 34 ...,"Wearing their powder-blue throwback jerseys and white helmets from the 1960s, the Chargers did almost everything right in beating the Jacksonville Jaguars 34-21 on Sunday.","Wearing their powder-blue throwback jerseys and white helmets from the 1960s, the Chargers did almost everything right in beating the Jacksonville Jaguars 34-21 on Sunday."
train_007011,1,Sports,Athletics: Crying shame for Radcliffe as marathon dream dies in &lt;b&gt;...&lt;/b&gt;,Athletics: Crying shame for Radcliffe as marathon dream dies in ...,ATHENS - Paula Radcliffe #39;s entrance to the Panathinaiko Stadium was not supposed to have been like this. For four years she has dreamed of setting the final garland on an honour-strewn career by arriving at ,ATHENS - Paula Radcliffe's entrance to the Panathinaiko Stadium was not supposed to have been like this. For four years she has dreamed of setting the final garland on an honour-strewn career by arriving at
train_085148,1,Sports,"Fresh off wedding, Canadian Jason Bay wins NL rookie award in &lt;b&gt;...&lt;/b&gt;","Fresh off wedding, Canadian Jason Bay wins NL rookie award in ...",(CP) - Canadian Jason Bay married longtime girlfriend Kristen on Saturday and picked up the National League Rookie of the Year Award on Monday.,(CP) - Canadian Jason Bay married longtime girlfriend Kristen on Saturday and picked up the National League Rookie of the Year Award on Monday.
train_064826,2,Business,Ameritrade Profit Up But Trading Slips,Ameritrade Profit Up But Trading Slips," NEW YORK (Reuters) - Internet brokerage Ameritrade Holding  Corp. &lt;A HREF=""http://www.investor.reuters.com/FullQuote.aspx?ticker=AMTD.O target=/stocks/quickinfo/fullquote""&gt;AMTD.O&lt;/A&gt; said Tuesday its quarterly profit rose from a  year earlier, though trading revenue fell as investors curbed  trading activity in recent weeks.","NEW YORK (Reuters) - Internet brokerage Ameritrade Holding Corp. AMTD.O said Tuesday its quarterly profit rose from a year earlier, though trading revenue fell as investors curbed trading activity in recent weeks."
train_077306,3,Sci/Tech,Secret Service busts suspected ID fraud ring,Secret Service busts suspected ID fraud ring,Federal agents and international allies arrest 28 suspects thought to have stolen credit card numbers and other financial information.\&lt;br /&gt; Photo: Shadowcrew site in federal custody ,Federal agents and international allies arrest 28 suspects thought to have stolen credit card numbers and other financial information. Photo: Shadowcrew site in federal custody
