row_id_1,row_id_2,similarity,label_1,label_2,title_clean_1,title_clean_2
train_099297,train_099300,0.9062,3,2,"U.S. Stocks, Bonds Rise, Oil, Dollar Fall (Reuters)","U.S. Stocks, Bonds Rise, Oil, Dollar Fall"
train_108252,train_108465,0.9453,0,3,"High Court to Hear ISP, Cable Dispute (AP)","Supreme Court to Hear ISP, Cable Dispute (AP)"
train_110217,train_110765,0.9688,0,0,"Cheers Greet Rescuers in Aceh, Children Suffer","Cheers Greet Rescuers in Aceh, Children Suffer"
train_046602,train_047449,0.9688,3,3,"2,500-Year-Old Pomegranate Found in Greece","2,500-Year-Old Pomegranate Found In Greece"
train_046602,train_046630,0.9453,3,3,"2,500-Year-Old Pomegranate Found in Greece","2,500-Year-Old Pomegranate Found in Greece"
train_088840,train_089084,0.9375,1,1,New Goodison contract for Moyes,Moyes signs new deal
train_061402,train_062979,0.9844,3,3,IBM tops off Power 5-based server line,IBM tops off Power 5-based server line
train_102996,train_104516,0.9453,1,1,Utah QB Smith to Turn Pro,Utah's Smith to Turn Pro
train_012120,train_012363,0.9219,1,1,Olympics Wrap: Another Doping Controversy Surfaces,Olympics Wrap: Another Doping Controversy Surfaces
train_021178,train_035177,1.0,3,3,iMac G5: Coolest Computer Ever,iMac G5: Coolest Computer Ever
train_016907,train_016992,0.9141,3,0,Dyslexia Not the Same in Every Culture (AP),Dyslexia Not the Same in Every Culture
train_011987,train_014490,0.9609,2,3,Sprint and SBC announce Wi-Fi roaming pact,"Sprint, SBC Announce Wi-Fi Roaming Pact"
train_062923,train_063091,0.9922,0,0,Some Detainees Said Returning to Terror,Some Detainees Said Returning to Terror
train_062923,train_062994,0.9219,0,0,Some Detainees Said Returning to Terror,Pentagon: Ex-Detainees Return to Terror
train_039880,train_039899,0.9141,2,2,Rate Plunge May Soften Fed Tightening (Reuters),Rate Plunge May Soften Fed Tightening
train_053390,train_053921,0.9688,2,2,UPDATE 2-US pension agency chief warns of solvency risk,UPDATE 3-US pension agency chief warns of solvency risk
train_118117,train_118122,0.9531,2,2,ADVISORY: Levi Strauss Story Withdrawn (Reuters),ADVISORY: Levi Strauss Story Withdrawn
train_019018,train_019082,0.9297,0,0,"Frances Strikes, Knocks Out Power to 4M","Frances Strikes, Knocks Out Power to 4M"
train_053299,train_053346,0.9531,0,0,Judge in London gives okay to let premature baby die,Judge in London gives okay to let premature baby die
train_116076,train_116092,0.9609,2,2,Nortel Has Third-Quarter Loss of 6 Cents on Costs (Update2),Nortel Has Third-Quarter Loss of 6 Cents on Costs (Update3)
train_002870,train_109072,0.9219,0,0,"Report: Palestinians, Israel Back Peace Plan","Report: Palestinians, Israel Back Peace Plan"
train_002870,train_002965,0.9609,0,0,"Report: Palestinians, Israel Back Peace Plan","Report: Palestinians, Israel Back Peace Plan"
train_044129,train_044133,0.9219,2,2,Oil Ends Below $50 on Nigerian Cease-Fire,Oil Ends Below $50 on Nigerian Ceasefire
train_044129,train_044516,0.9453,2,2,Oil Ends Below $50 on Nigerian Cease-Fire,Oil Ends Below $50 on Nigerian Cease-Fire (Reuters)
train_101320,train_101337,0.9766,1,1,Gunners go to Liverpool stung by more negative headlines,Gunners go to Liverpool stung by more negative headlines
train_098364,train_098365,0.9062,3,2,BearingPoint Leader Plans Shake-Up,BearingPoint Leader Plans Shake-Up
train_111797,train_112093,0.9922,0,0,"Khartoum, Darfur Rebels Split on Peace Chances (Reuters)","Khartoum, Darfur Rebels Split on Peace Chances (Reuters)"
train_092770,train_092785,0.9922,1,1,Phillies Keep Lidle Around for Two More Years,Phillies keep Lidle around for two more years
train_107366,train_107429,0.9531,1,1,Grizzlies name Fratello head coach,Grizzlies Name Fratello Head Coach
train_032807,train_032810,0.9531,0,0,Millions of Indonesians Vote in Landmark Election (Reuters),Millions of Indonesians Vote in Landmark Election
train_003452,train_005634,0.9219,2,2,2 Big Carriers at O'Hare to Cut Flights,2 Big Carriers at O'Hare to Cut Flights
train_084150,train_106914,0.9297,3,3,"Nintendo sells 500,000 DS handhelds in first week","Nintendo sells 500,000 DS Handhelds in First Week"
train_072079,train_072182,0.9141,3,3,Sun Delivers NetBeans 4.1 Access Release,Sun Delivers NetBeans 4.1 Access Release (InfoWorld)
train_002549,train_002550,0.9375,2,2,Mortgage Applications Jump in Aug 13 Week (Reuters),Mortgage Applications Jump in Aug 13 Week
train_005621,train_006780,0.9375,3,3,Helicopter Stunt Pilots to Snag Stardust for NASA (Reuters),Helicopter Stunt Pilots to Snag Stardust for NASA
train_046717,train_049259,0.9688,2,3,Judge Challenges EU Position on Microsoft,Judge Challenges EU Position on Microsoft
train_034252,train_034254,0.9453,2,2,U.S. Oil Holds Above $46 on Supply Fears (Reuters),U.S. Oil Holds Above $46 on Supply Fears
train_064242,train_076660,0.9453,0,0,"A Look at Lawsuits, Voting Problems (AP)","A Look at Lawsuits, Voting Problems (AP)"
train_016799,train_016995,0.9531,0,0,Florida Calls for Hurricane Evacuations,"As Frances Nears, Fla. Urges Evacuations"
train_021564,train_021816,0.9766,3,3,Smart Phone Market Growing More Crowded,Smart Phone Market Growing Rapidly
train_097997,train_098008,0.9688,1,1,"Reese, Meshiai share Champions Tour qualifying lead","Reese, Meshiai Lead Champions Tour Quals"
train_052793,train_055021,0.9766,3,3,Space Tourism Faces Safety Regulations (AP),Space Tourism Faces Safety Regulations (AP)
train_064282,train_065911,0.9219,3,3,"Sony to Open More Stores, Worrying Others (AP)","Sony to Add Stores, Worrying Retailers (AP)"
train_002303,train_002317,0.9375,2,2,Asian Shares Mixed as Oil Steady Near $47,Asian Shares Mixed as Oil Steady Near $47 (Reuters)
train_048410,train_048412,0.9297,3,3,PluggedIn: DVD Lagging TV in Recorders Race (Reuters),PluggedIn: DVD Lagging TV in Recorders Race
train_012217,train_012250,0.9062,2,0,PM Pledges Russia Will Meet Oil Goals,PM Pledges Russia Will Meet Oil Goals (AP)
train_012217,train_012288,0.9609,2,2,PM Pledges Russia Will Meet Oil Goals,Update 1: PM Pledges Russia Will Meet Oil Goals
train_056319,train_056321,0.9375,2,2,Gas Hits 4-Month High of $1.99/gallon (Reuters),Gas Hits 4-Month High of $1.99/gallon
train_010969,train_011055,0.9844,2,2,"Deutsche Bank, Weisel to Pay $100 Mln to End Probe (Update1)","Deutsche Bank, Weisel to Pay $100 Mln to End Probe (Update2)"
train_044133,train_044516,0.9375,2,2,Oil Ends Below $50 on Nigerian Ceasefire,Oil Ends Below $50 on Nigerian Cease-Fire (Reuters)
train_046658,train_047193,0.9531,0,0,Springsteen to Kick Off 'Vote for Change',Springsteen Kicks Off 'Vote for Change'
train_100034,train_100057,0.9141,2,2,Euro Near New High; Asian Stocks Gain (Reuters),Euro Near New High; Asian Stocks Gain
train_085567,train_085628,0.9688,3,0,Firefox browser takes on Microsoft,New browser takes on Microsoft
train_043911,train_043951,0.9453,0,0,44 N.Koreans Break Into Canada's Beijing Embassy,44 N.Koreans Break Into Canada's Beijing Embassy
train_019916,train_019919,0.9609,0,0,Sudan Talks in Nigeria Said Deadlocked (Reuters),Sudan Talks in Nigeria Said Deadlocked
train_019916,train_020013,0.9297,0,0,Sudan Talks in Nigeria Said Deadlocked (Reuters),Sudan Talks in Nigeria Said Deadlocked
train_069389,train_105463,0.9375,3,3,Mobile Operators Seek Higher Sound Quality (Reuters),PluggedIn: Mobile Operators Seek Higher Sound Quality (Reuters)
train_002864,train_109080,0.9297,2,3,Intel Says It's Recovered from Missteps,Intel Says It's 'Recovered' from Costly Missteps
train_113575,train_113577,0.9297,0,0,Blast at Market in Southern Philippines Kills 13 (Reuters),Blast at Market in Southern Philippines Kills 13
train_038541,train_038587,0.9609,1,1,Report: Dolphins win grievance against Williams,Report: Dolphins Win Grievance Against Williams
train_032786,train_032798,0.9453,3,3,Sen. McCain Seeks $1 Billion to Speed Digital TV Shift,Sen. McCain Seeks $1 Billion to Speed Digital TV Shift (Reuters)
train_043095,train_108684,0.9609,3,3,Breeding Captive Elephants Is Difficult (AP),Studies: Captive Elephant Breeding Hard (AP)
train_058799,train_058985,0.9453,3,3,IBM brings high-end storage functions to midrange,IBM brings high-end storage functions to midrange (InfoWorld)
train_060213,train_060245,0.9062,0,0,Explosions in Baghdad's Green Zone Kill 8 (AP),Explosions in Baghdad's Green Zone Kill 8
train_030954,train_033293,0.9609,3,3,Arrest made in Cisco source code theft,Update: Arrest made in Cisco source code theft
train_109151,train_110050,0.9297,2,3,HP Board Pondered Breaking Up the Company,HP Board Pondered Breaking Up the Company
train_115665,train_115922,0.9219,3,3,"Gaudi's Cathedral Gets Help from Dassault, IBM (Reuters)","Gaudi's Cathedral Gets Help from Dassault, IBM"
train_004700,train_005830,0.9844,2,2,Waiting For Google,Waiting For Google
train_074590,train_074602,0.9297,0,0,U.S. Official: Lebanese Govt. 'Made in Damascus' (Reuters),U.S. Official: Lebanese Govt. 'Made in Damascus'
train_052811,train_059131,0.9219,0,0,Bolivians Vote in Municipal Elections,Bolivians Vote in Municipal Elections (AP)
train_105605,train_105625,0.9453,3,3,Q A: OMG member talks up UML 2.0 (InfoWorld),Q A: OMG member talks up UML 2.0
train_027000,train_027043,0.9609,2,2,Hurricanes Hit Office Depot Profit,"Office Depot Warns, Blames Hurricanes"
train_026184,train_026304,0.9297,2,3,"Sendo, Microsoft settle smart phone lawsuit","Sendo, Microsoft settle smart phone lawsuit"
train_018171,train_018244,0.9375,0,0,China Criticizes Chen for Remark on Taiwan's Name (Reuters),China Criticizes Chen for Remark on Taiwan's Name
train_020541,train_020600,0.9453,3,3,Samsung to Launch Phone with Mini Hard Drive (Reuters),Samsung to Launch Phone with Mini Hard Drive
train_069296,train_069652,0.9609,1,1,Boston Hopes to Make Believers Out of Skeptics,Boston Hopes to Make Believers Out of Skeptics
train_002558,train_002727,0.9844,0,0,Arafat Admits Palestinians Made Mistakes,Arafat Admits Palestinians Made Mistakes
train_062962,train_063052,0.9531,0,0,Sudan Needs Help to End Darfur Crisis - Egypt,Sudan Needs Help to End Darfur Crisis - Egypt (Reuters)
train_065772,train_065862,0.9609,3,3,Cisco brings IT skills to UK prisoners,Cisco brings IT skills to UK prisoners
train_058813,train_059682,0.9766,2,2,Sola Agrees to Be Sold for $815 Mln,Sola Says Agrees to Be Sold for $815 Mln
train_046279,train_046475,0.9297,0,0,Suicide Bomber Kills at Least 18 in Pakistani Mosque,Suicide Bomber Kills at Least 21 in Pakistani Mosque
train_041320,train_041481,0.9219,2,2,Airline Stocks Sink on Gloomy Outlook,Update 1: Airline Stocks Sink on Gloomy Outlook
train_104311,train_104323,0.9453,0,0,Aznar Denies Madrid Bombs Were Linked to Iraq War (Reuters),Aznar Denies Madrid Bombs Were Linked to Iraq War
train_031528,train_031801,0.9766,1,1,NL Wrap: Jones Leads Braves Closer to Division Title,NL Wrap: Jones Leads Braves Closer to Division Title
train_050079,train_050420,0.9766,0,0,"Chiefs Beat Ravens 27-24, End Winlessness",Chiefs Beat Ravens 27-24 for First Win
train_043886,train_043890,0.9375,3,3,Apple Plans EU Expansion of iTunes Next Month (Reuters),Apple Plans EU Expansion of iTunes Next Month
train_049348,train_049420,0.9375,2,2,Treasuries Dip But Selling Momentum Slows,Treasuries Dip But Selling Momentum Slows (Reuters)
train_033996,train_034468,0.9141,3,3,Microsoft Board Cut in Size as a Director Retires,Microsoft Board Cut in Size as a Director Retires (Reuters)
train_101761,train_101809,0.9297,2,2,"Oil Edges Higher, Watches Weather","Oil Edges Higher, Watches Weather (Reuters)"
train_067624,train_067629,0.9453,3,3,Photo gallery: Microsoft revs car Windows,Photo 4: Microsoft revs car Windows
train_002413,train_002471,0.9688,2,2,Update 1: Philippine Shares Close Lower,Update 2: Philippine Shares Close Lower
train_011325,train_011345,0.9766,1,1,Pavin Hits 62 to Charge Into Three-Shot Buick Lead,Pavin Hits 62 to Charge Into Three-Shot Buick Lead
train_022720,train_022798,0.9141,0,0,"Israel Kills 4, Including 9-Year-Old, in Gaza","Israel Kills 5, Including 9-Year-Old, in Gaza"
train_097364,train_097431,0.9453,0,0,Report: Peru Would Refuse to Free Berenson (AP),Report: Peru Would Refuse to Free Berenson
train_066316,train_066337,0.9922,2,2,XM Satellite in $650 Mln Baseball Deal,XM Satellite in $650 Million Baseball Deal
train_001867,train_002078,0.9688,0,0,Britain Charges 8 Terrorist Suspects,Britain Charges Eight Terrorist Suspects
train_082433,train_082446,0.9141,2,2,Treasuries Plunge on Huge Payrolls Rise,Treasuries Plunge on Huge Payrolls Rise (Reuters)
train_110508,train_110747,0.9141,0,0,Iraqis May Extend Election Amid Violence,Iraqis may extend election amid violence
train_006848,train_006874,0.9453,2,2,Tokyo Stocks Open Higher,Tokyo Stocks Open Higher
train_102798,train_103029,0.9688,1,1,Wiltord helps leaders Lyon beat Auxerre,UPDATE 1-Wiltord helps leaders Lyon beat Auxerre
train_053333,train_053870,0.9766,3,3,Word mangled by unpatched security hole,Word mangled by unpatched security hole
train_050288,train_050424,0.9453,3,3,"Nokia, Intel Join Forces on Symbian Phones","Nokia, Intel Join Forces to Develop Symbian Phones"
train_114961,train_114965,0.9453,0,0,Sexual Violence Hit 2 in 3 Liberians in War-Report (Reuters),Sexual Violence Hit 2 in 3 Liberians in War-Report
train_047852,train_047931,0.9375,0,0,"Dodgers Beat Giants 7-3, Win NL West","Dodgers Stun Giants 7-3, Capture NL West"
train_083033,train_083159,0.9922,0,0,S.Korea Asks Bush to Focus on N.Korea Nuclear Crisis,Seoul Asks Bush to Focus on N.Korea Nuclear Crisis
train_066972,train_066976,0.9688,0,0,"Armed Men Attack Baghdad Bus, at Least 4 Dead (Reuters)","Armed Men Attack Baghdad Bus, at Least 4 Dead"
train_004739,train_004740,0.9766,2,2,Oil Near $49 as Iraq Violence Escalates,Oil Near $49 as Iraq Violence Escalates
train_076110,train_076134,0.9688,1,1,Henman Battles Into Basel Quarterfinals,Henman Battles Into Basel Quarter-Finals
train_067187,train_067424,0.9844,3,3,OQO pocket-size Windows XP PC clever but could be better (USATODAY.com),Edward C. Baig: Personal Tech - OQO pocket-size Windows XP PC clever but could be better (USATODAY.com)
train_116850,train_116851,0.9453,2,2,Sara Lee Raising Retail Coffee Prices (Reuters),Sara Lee Raising Retail Coffee Prices
train_013092,train_013156,0.9531,2,2,Investors Take a Holiday,Investors Take a Holiday (Reuters)
train_104641,train_105326,0.9453,3,3,Hollywood Steps Into Video Format Fight (AP),Hollywood Steps Into DVD Format Fight (AP)
train_109122,train_109566,0.9297,0,0,Egypt Sees Move Towards Israel-Palestinian Peace,Egypt Sees Move Towards Israel-Palestinian Peace (Reuters)
train_012028,train_012154,0.9531,0,0,Greenspan Warns on Baby Boomer Benefits,Greenspan Cautions on Baby Boomer Benefits
train_001177,train_001185,0.9062,0,1,Thorpedo Sinks Phelps' Shot at Spitz Mark,Thorpedo Sinks Phelps' Shot at Spitz Mark (AP)
train_110437,train_110441,0.9453,1,1,New Orleans' Gleason no Saint; fined by NFL,New Orleans' Gleason No Saint; Fined by NFL
train_082393,train_084445,0.9453,3,3,Nokia sues over patent and registered designs,Nokia sues over patent and registered designs
train_091928,train_091955,0.9375,2,2,Pension Agency's Deficit Hits Record,Pension Agency's Deficit Hits Record
train_117651,train_117654,0.9375,0,0,Gunmen Kill Senior Iraqi Ministry Official (Reuters),Gunmen Kill Senior Iraqi Ministry Official
train_049021,train_049152,0.9922,3,3,Bye-bye blueprint: 3D modeling catches on,"Bye-bye, blueprint: 3D modeling catches on"
train_033846,train_035816,0.9844,2,3,Sun sets sights on Linux vendors,Sun Sets Sights on Low-End Market
train_033846,train_035699,0.9297,2,3,Sun sets sights on Linux vendors,Sun Sets Sights on Low-End Market (AP)
train_004593,train_004594,0.9453,3,3,'Madden' Week No. 1 Game Sales Top 1.3 Million (Reuters),'Madden' Week No. 1 Game Sales Top 1.3 Million
train_005261,train_005325,0.9609,0,0,Sadr Militia Still Controls Iraq Shrine - Witness,Sadr Militia Still Controls Iraq Shrine -- Witnesses
train_005261,train_005289,0.9531,0,0,Sadr Militia Still Controls Iraq Shrine - Witness,Sadr Militia Still Controls Iraq Shrine -- Witness
train_067233,train_067241,0.9219,0,0,Husband of Aid Worker Seized in Iraq Pleads for Release (Reuters),Husband of Aid Worker Seized in Iraq Pleads for Release
train_098667,train_098706,0.9453,2,2,Krispy Kreme Posts Net Loss After Charges,Krispy Kreme Posts Net Loss After Charges
train_031339,train_032747,0.9062,3,3,Apple Ships Security Patch For iChat,Apple ships security patch for iChat
train_061856,train_061913,0.9141,0,0,Army Probes if Iraq Unit Refused Mission,"Unit Refused Duty in Iraq, Military Says"
train_061856,train_061977,0.9062,0,0,Army Probes if Iraq Unit Refused Mission,"Unit Refused Iraq Mission, Military Says"
train_014277,train_014303,0.9766,2,2,INTERVIEW: Gwalia Has Been Approached By Gold Ops Buyers,INTERVIEW: Gwalia Approached By Gold Ops Buyers -2-
train_091516,train_091982,0.9688,2,2,FLYi Soars After Amending Airbus Deal,FLYi Shares Up After Amending Airbus Deal
train_091516,train_091969,0.9531,2,2,FLYi Soars After Amending Airbus Deal,FLYi Shares Advance After Amending Deal
train_005771,train_005834,0.9766,0,0,Judging Error Gave Hamm Gold,Judging Error Led to Paul Hamm's Gold
train_036361,train_036376,0.9141,3,3,Researchers Study Real Viruses to Thwart Virtual (Reuters),Researchers Study Real Viruses to Thwart Virtual
train_061903,train_061960,0.9297,0,0,Bush Considering Tougher Syria Sanctions-Officials,Bush Considering Tougher Syria Sanctions-Officials (Reuters)
train_025092,train_025126,0.9531,0,0,Iran Says It Won't Halt Nuclear Technology Drive,Iran Says It Won't Halt Nuclear Technology Drive (Reuters)
train_071738,train_071746,0.9219,2,2,Citigroup Gets Record Fine for Fund Sales,Citigroup Gets Record Fine for Fund Sales (Reuters)
train_058197,train_058201,0.9219,2,2,Johnson Johnson Profit Up on Drug Sales (Reuters),Johnson Johnson Profit Up on Drug Sales
train_049639,train_050290,0.9219,0,3,US volcano belches more steam,US volcano spews out more steam
train_102331,train_103587,0.9766,3,3,U.S. Opposed Passport Privacy Protections (AP),U.S. Opposes Passport Privacy Protections (AP)
train_058573,train_058631,0.9375,1,1,Barry Bonds Undergoes Knee Surgery,Barry Bonds Undergoes Knee Surgery
train_077229,train_077262,0.9062,3,3,Web Site Helps Undecided Voters Choose,Web Site Helps Undecided Voters Choose (PC World)
train_054458,train_054886,0.9375,2,2,J J: Arthritis Drug Has Blood Cancer Risk (Reuters),J J: Arthritis Drug May Hike Cancer Risk
train_044535,train_044536,0.9922,0,0,Alaska Judge Orders Ballots Reprinted,Alaska Judge Orders Ballots Reprinted
train_026786,train_026814,0.9531,0,0,Blast in Baghdad Rebel District Kills at Least 47 (Reuters),Blast in Baghdad Rebel District Kills at Least 47
train_065598,train_066010,0.9375,0,0,Hungary PM Set for Victory Over Citizenship Vote,Hungary PM Set for Victory Over Citizenship Vote
train_003920,train_003964,0.9844,2,2,Retailer's Share Up on Wal-Mart Interest (AP),Retailer's Shares Up on Wal-Mart Interest (AP)
train_073485,train_073913,0.9141,0,0,Russia's Putin Lauds Ukraine PM in TV Appearance (Reuters),Russia's Putin Lauds Ukraine PM in TV Appearance
train_073485,train_073490,0.9688,0,0,Russia's Putin Lauds Ukraine PM in TV Appearance (Reuters),Russia's Putin Lauds Ukraine PM in TV Appearance
train_089398,train_089457,0.9297,3,3,Judge to Rule on Georgia Evolution Disclaimers,Judge to Rule on Georgia Evolution Disclaimers (Reuters)
train_025195,train_027319,0.9609,0,0,"Syria, Lebanon Reject Foreign Criticism of Ties","Syria, Lebanon Reject Foreign Criticism of Ties (Reuters)"
train_088866,train_089040,0.9375,3,3,AOL Aims to Lead Internet Travel Purchases,AOL Aims to Lead Internet Travel Purchases (AP)
train_028275,train_028471,0.9844,1,1,Cardiff to host FA Cup semi-finals,Cardiff to host FA Cup semi-finals
train_093773,train_093793,0.9375,0,0,Brazil Official Eyes Secret Military Files (AP),Brazil Official Eyes Secret Military Files
train_067918,train_068179,0.9609,3,3,Microsoft: 1Q Earnings Up 11 Percent (AP),Microsoft: 1Q Earnings Up 11 Percent (AP)
train_019467,train_019521,0.9375,2,2,"Asian Stocks Rise, Report Lifts Nikkei","Asian Stocks Rise, Report Lifts Nikkei (Reuters)"
train_003230,train_003446,1.0,1,1,Earl Snyder Called Up to Help Red Sox (AP),Snyder Called Up to Help Red Sox (AP)
train_038289,train_038341,0.9297,2,2,Durable Goods Fall as Aircraft Orders Off (Reuters),Durable Goods Fall as Aircraft Orders Off (Reuters)
train_030592,train_032652,0.9219,3,3,Open Source Software Goes to Work,Open Source Software Goes to Work
train_077583,train_077995,0.9062,2,2,"Oil: Oil rebounds on supply woes, election jitters","Oil Up on Supply Woes, Election Jitters"
train_093536,train_093544,0.9375,2,2,European Shares Shrug Off Record Euro,European Shares Shrug Off Record Euro (Reuters)
train_088429,train_088457,0.9141,3,3,Fossil Indicates Brown Bears Went South (AP),Fossil Indicates Brown Bears Went South
train_062992,train_063274,0.9609,0,0,Car Bomb Kills at Least Seven in Baghdad,Car Bomb Kills at Least Six in Baghdad
train_094828,train_095158,0.9844,3,3,Microsoft Warns Asian Governments of Linux Lawsuits,Microsoft Warns Asian Govts of Linux Lawsuits
train_094828,train_095131,0.9297,3,3,Microsoft Warns Asian Governments of Linux Lawsuits,Microsoft Warns Asian Governments of Linux Lawsuits (Reuters)
train_055080,train_055721,0.9688,3,3,Review: GPS in Cell Phones Performs Well (AP),Review: GPS in Cell Phones Performs Well (AP)
train_017799,train_017859,0.9219,1,1,Czech Republic Crushes Germany in World Cup Hockey,Czech Republic Crushes Germany in World Cup Hockey
train_101395,train_101576,0.9297,2,2,Oil prices rise in Europe,Oil Prices Rise in Europe
train_087849,train_088323,0.9609,0,0,Dignitaries Expected at Arafat's Funeral (AP),Dignitaries Expected at Arafat's Funeral (AP)
train_112295,train_112435,0.9688,3,3,In Brief: Cisco acquires startup BCN Systems,In Brief: Cisco acquires startup BCN Systems (InfoWorld)
train_105289,train_105393,0.9297,0,0,Brazil's Economy Expands 6.1 Percent in 3Q,Brazil's Economy Expands in 3Q on Exports
train_097246,train_097271,0.9531,0,0,Ukraine's Kuchma Calls for Calm on Eve of Poll,Ukraine's Kuchma Calls for Calm on Eve of Poll (Reuters)
train_070849,train_070866,0.9688,2,0,Nikkei Dips 2 Percent on Exporters,Nikkei Dips 2 Percent on Exporters (Reuters)
train_089007,train_089021,0.9453,2,2,New York's Spitzer Says May Sue Insurer,New York's Spitzer Says May Sue Insurer
train_082515,train_082553,0.9766,2,2,United Says It Needs $2 Bln More in Cost Cuts,United Needs $2 Bln More in Cost Cuts
train_105012,train_106009,0.9609,2,2,"Walgreen Profit Rises 30.5 Pct, Shares Up",Walgreen Qtrly Profit Rises 30.5 Pct
train_114683,train_114710,0.9531,1,1,Neeskens sacked as NEC Nijmegen coach,Neeskens sacked as NEC coach
train_045362,train_045515,0.9922,3,2,IBM to pay $320M to partially settle pension case,IBM to pay $320M to partially settle pension case
train_088107,train_088211,1.0,3,3,Gap's garment gadget blasts your favorite tunes,Gap's gadget garment blasts your favorite tunes
train_076125,train_076180,0.9531,2,2,Shrek Maker Dreamworks Charms Wall Street,DreamWorks Animation Charms Wall Street
train_061646,train_062224,0.9531,0,2,US Airways Gets OK to Cut Workers' Pay,US Airways gets OK to cut workers' pay
train_096482,train_096489,0.9375,0,0,Protests Target Bush at Summit in Chile (AP),Protests Target Bush at Summit in Chile
train_097803,train_098306,0.9766,3,3,Microsoft Targets Older People for Web Via TV,Microsoft Targets Older People for Web Via TV
train_071340,train_071923,0.9766,2,2,"Mittal to Buy ISG, Create World's Largest Steelmaker (Update1)","Mittal to Buy ISG, Create World's Largest Steelmaker (Update3)"
train_059076,train_059134,0.9219,0,0,Israeli Missile Kills Hamas Militant in Gaza-Medics,Israeli Missile Kills Hamas Militant in Gaza-Medics (Reuters)
train_015906,train_018418,0.9766,3,3,HDTV 'Starter' Kit for PC Comes with Some Kinks,PluggedIn: HDTV 'Starter' Kit for PC Comes with Some Kinks
train_006520,train_006540,0.9609,3,3,EA Video Game 'Madden' Tops 1.3 Million First Week,EA Video Game 'Madden' Tops 1.3 Million First Week
train_032801,train_032817,0.9141,0,0,Colombia Says Marxist Rebels Killed Venezuelans,Colombia Says Marxist Rebels Killed Venezuelans
train_062252,train_062253,0.9297,2,2,Santomero Says Rates 'Still Stimulative' (Reuters),Santomero Says Rates 'Still Stimulative'
train_071294,train_071511,0.9766,3,3,Mind those IMs--your cubicle's walls have ears,Mind those IMs--your cubicle's walls have eyes
train_076367,train_076417,0.9531,1,1,"Cubs Cut Loose Alou, Grudzielanek","Cubs cut loose Alou, Grudzielanek"
train_067856,train_067857,0.9141,2,2,Coke Profit Hurt by Sluggish Global Sales (Reuters),Coke Profit Hurt by Sluggish Global Sales
train_001216,train_001218,0.9453,2,0,Nikkei Rises by Midday,Nikkei Rises by Midday (Reuters)
train_069923,train_070050,0.9922,3,3,Man Ordered to Disable Spyware Programs (AP),'Spam King' Ordered to Disable Spyware (AP)
train_034481,train_034616,0.9609,2,2,Oil Holds Above $46 Supply Worries Linger,Oil Holds Above $46 Supply Worries Linger
train_001267,train_003267,0.9688,3,3,Study: Global Warming Could Change Calif. (AP),Study: Global Warming Could Affect Calif. (AP)
train_044970,train_045023,0.9453,0,0,Gurkha Soldiers Win Right to British Citizenship,Gurkha Soldiers Win Right to British Citizenship (Reuters)
train_094829,train_094855,0.9688,2,2,Reuters Up on Report Instinet Up for Sale,Reuters Up on Report Instinet Up for Sale (Reuters)
train_046203,train_046313,0.9062,3,2,Microsoft Tells Judge of Harm in Changing Windows,Microsoft Fears Changing Windows
train_040694,train_040726,0.9531,2,2,Nikkei Extends Losing Streak,Nikkei Extends Losing Streak
train_028634,train_028651,0.9531,0,3,Human genome hits halfway mark,Human genome hits halfway mark
train_067629,train_067973,0.9609,3,3,Photo 4: Microsoft revs car Windows,Photo 6: Microsoft revs car Windows
train_006723,train_006790,0.9609,0,0,Munch's Iconic 'Scream' Stolen in Norway,Thieves Grab 'The Scream' From Museum
train_107839,train_108073,0.9297,0,0,China Landslide Leaves 65 Villagers Missing - Xinhua,China Landslide Leaves 65 Villagers Missing - Xinhua
train_023341,train_023428,0.9688,2,0,Japan Lowers April-June Economic Data (AP),Japan Revises April-June Economic Data (AP)
train_000090,train_000554,0.9062,3,3,"Science, Politics Collide in Election Year (AP)",Science and President Bush Collide in Election Year
train_001938,train_001977,0.9062,0,0,Thrilling Relay Win Gets Phelps Third Gold,Thrilling Relay Win Gets Phelps Third Gold
train_068583,train_068643,0.9922,2,2,UK economy slows in third quarter,economy slows in third quarter
train_080840,train_080893,0.9531,2,2,Ailing smokers ask Florida justices to restore $145 billion award,Ailing smokers ask Florida justices to restore $145-billion class ...
train_038547,train_038548,0.9375,2,2,Fannie Mae Slides on Accounting Issues (Reuters),Fannie Mae Slides on Accounting Issues
train_075696,train_075851,0.9688,2,2,Dow Chemical Third-Quarter Profit Surges,Dow Chemical Profit Surges 86 Percent
train_075696,train_075743,0.9922,2,2,Dow Chemical Third-Quarter Profit Surges,Dow Chemical Third-Quarter Profit Surges
train_032959,train_032977,0.9219,3,3,Eight Georgians Abducted In Georgian Breakaway Region: Police,Eight Georgians abducted in Georgian breakaway region: police
train_070815,train_071478,0.9141,3,3,Brazil launches first rocket since accident,Brazil Launches First Test Rocket Since Accident (Reuters)
train_084236,train_084524,0.9375,2,2,Gas Prices Drop As Crude Oil Supply Rises,Gas Prices Drop As Crude Oil Supply Rises
train_062365,train_062424,0.9375,0,0,Thousands Queue for Dwindling Flu Shots,Thousands Line Up for Dwindling Flu Shots
train_045676,train_045725,0.9062,2,2,Justice Dept Opens Fannie Mae Probe,Justice Dept Opens Fannie Mae Probe (Reuters)
train_068724,train_068725,0.9062,1,1,10th World Series Title Beckoning for St. Louis (Reuters),10th World Series Title Beckoning for St. Louis
train_047335,train_047528,0.9375,1,1,NL Wrap: Rueter Sharp as Giants Stay in Division,NL Wrap: Rueter Sharp as Giants Stay in Race
train_008641,train_008777,0.9766,2,2,Foster's Counts Cost of Poor Wine Market,Fosters counts cost of poor wine market
train_105916,train_107786,0.9688,2,2,Pace of Factory Growth Climbs,Pace of U.S. Factory Growth Climbs in Dec
train_113895,train_114141,0.9609,1,1,NFL Wrap: Manning Near Record as Colts Beat Texans,NFL Wrap-Manning Near Record as Colts Beat Texans
train_071402,train_071404,0.9297,2,3,Cingular/AWE Deal to Get Conditional OK,Cingular/AWE Deal to Get Conditional OK (Reuters)
train_117983,train_117989,0.9219,0,0,Plans Under Way for Exiled Iraqis to Vote -IOM (Reuters),Plans Under Way for Exiled Iraqis to Vote -IOM
train_032359,train_032426,0.9453,0,0,China's Jiang Turns Over Last Post to Hu,Chinese Ex-President Turns Over Last Post
train_004983,train_007515,0.9141,3,3,Scientists Say Risk of Water Wars Rising,Scientists Say Risk of Water Wars Rising (Reuters)
train_111501,train_111504,0.9297,2,2,Consumer Reports Adds Drugs to Price Comparison (Reuters),Consumer Reports Adds Drugs to Price Comparison
train_116979,train_117136,0.9531,1,1,Erickson staying in San Fran after talks with Ole Miss,Erickson Staying in SF After Talks with Ole Miss
train_085833,train_088157,0.9922,3,3,Microsoft Sees $100 Million First Day for 'Halo 2' (Reuters),Microsoft Sees $100 Million First Day for 'Halo 2' Game (Reuters)
train_040017,train_040036,0.9375,0,0,Bomb Alert Prompts Greek Plane to Land in London,Bomb Alert Prompts Greek Plane to Land in London
train_052955,train_053031,0.9375,2,2,Reuters Makes Bangalore Biggest Info Hub,Reuters Makes Bangalore Biggest Info Hub (Reuters)
train_011994,train_014199,0.9062,3,3,VeriSign dealt another legal blow in ICANN suit,VeriSign dealt another legal blow in ICANN suit
train_076611,train_078965,0.9609,3,3,"Microsoft, Others File More Anti-Spam Lawsuits","Microsoft, Others File More Anti-Spam Lawsuits"
train_051766,train_051985,0.9844,2,2,Update 1: Computer Associates to Acquire Netegrity,Update 2: Computer Associates to Acquire Netegrity
train_051766,train_055026,0.9062,2,2,Update 1: Computer Associates to Acquire Netegrity,Computer Associates to acquire Netegrity in $430 million all-cash ...
train_027661,train_027810,0.9688,1,1,Vikings add depth in secondary; ink Shaw and Brown,Vikings Add Depth in Secondary; Ink Shaw and Brown
train_063708,train_063918,0.9688,2,2,"UPDATE 2-Odyssey warns of weak quarter, CEO resigns","UPDATE 4-Odyssey warns of weak quarter, CEO resigns"
train_095695,train_095926,0.9219,2,2,Rayovac to Buy United Industries (Reuters),Rayovac to Buy United Industries
train_033880,train_034275,0.9531,3,3,AOL to Sell Secure ID Tags to Fight Hackers (Reuters),AOL to Sell Secure ID Tags to Fight Hackers (Reuters)
train_033880,train_033984,0.9531,3,3,AOL to Sell Secure ID Tags to Fight Hackers (Reuters),AOL to Sell Secure ID Tags to Fight Hackers
train_006221,train_006224,0.9375,0,0,Bangladesh in Shock as Blast Toll Hits 17 (Reuters),Bangladesh in Shock as Blast Toll Hits 17
train_025322,train_025324,0.9766,0,0,"Ivan Batters Caymans, Heads for Cuba",Hurricane Ivan Batters Grand Cayman
train_098701,train_098979,0.9297,0,0,Benazir Bhutto's husband granted bail,Benazir Bhutto's husband granted bail
train_035300,train_035301,0.9375,2,2,U.S. Oil Clings Near $47 (Reuters),U.S. Oil Clings Near $47
train_005256,train_005285,0.9453,2,2,"UAL, Creditors Agree to Extend Exclusivity 30 Days","UAL, Creditors Agree to 30 Day Extension (Reuters)"
train_005256,train_005270,0.9531,2,2,"UAL, Creditors Agree to Extend Exclusivity 30 Days","UAL, Creditors Agree to 30 Day Extension"
train_058328,train_058504,0.9453,0,3,Reeve Championed Spinal Cord Research,Christopher Reeve Put Super Effort Toward Research
train_003732,train_003778,0.9531,0,0,Maoist rebel blockade begins to pinch Nepal capital (Reuters),Maoist Rebel Blockade Begins to Pinch Nepal Capital
train_096445,train_096650,0.9531,2,2,Oracle's PeopleSoft Bid Deadline Nears,Oracle's PeopleSoft Bid Deadline Nears
train_028040,train_031846,0.9141,2,3,Software tackles digital photo proliferation,PluggedIn: Software Tackles Digital Photo Proliferation
train_088859,train_089465,0.9688,1,1,No. 3 Auburn Downs Tennessee for SEC Title,No. 3 Auburn Tops Tennessee for SEC Title
train_061636,train_063742,0.9609,3,3,Paris Weighs Shift to Linux from Microsoft,Paris Weighs Shift to Linux from Microsoft
train_095777,train_099150,0.9688,3,3,Taipei to Cloak City in World's Largest Wi-Fi Grid (Reuters),Taipei to Cloak City in World's Largest Wi-Fi Grid
train_093215,train_093256,0.9844,2,2,"DC Tops Nation In Women's Pay, Equity With Men","D.C. Tops Nation In Women's Pay, Equity With Men"
train_119174,train_119180,0.9688,2,2,Bad Day for Drug Companies - and Patients (Reuters),Bad Day for Drug Companies - and Patients
train_077544,train_078503,0.9766,2,2,Economy Grows at 3.7 Percent Annual Rate,Summer growth carries economy
train_099313,train_099358,0.9297,2,2,Oracle to PeopleSoft: Drop Poison Pill,Oracle to PeopleSoft: Drop Poison Pill (Reuters)
train_066371,train_066502,0.9688,2,2,"Lofty Fuel, Low Fares Batter Airlines","Fuel Prices, Low Fares Batter Airlines"
train_066371,train_066401,0.9453,2,2,"Lofty Fuel, Low Fares Batter Airlines","Lofty Fuel, Low Fares Batter Airlines (Reuters)"
train_099869,train_100483,0.9219,3,3,FCC: 8M Wireless Users Keep Cell Numbers (AP),FCC: 8M Wireless Users Keep Cell Numbers
train_082488,train_082504,0.9922,3,3,IBM to take supercomputing crown,IBM set to take supercomputing crown
train_037411,train_037689,0.9141,2,2,Halliburton to Restructure KBR Unit,Halliburton to Restructure KBR Unit
train_015244,train_015340,0.9062,1,1,"NL Wrap: Maddux, Sosa Lead Cubs to Victory Over Expos","NL Wrap: Maddux, Sosa Lead Cubs to Victory Over Expos"
train_069083,train_069243,0.9922,1,0,Ferrari on top in practice for Brazilian GP,Ferrari on Top in Practice for Brazil GP
train_033428,train_034612,0.9219,0,3,India Launches First Education Satellite,India Launches First Education Satellite (Reuters)
train_086139,train_086169,0.9219,2,2,Int'l Paper to Sell Woodlands for $250M,Int'l Paper to Sell Woodlands for $250M
train_111565,train_112003,0.9062,0,0,Militant Chief Wounded in Israeli Strike in Gaza (Reuters),Militant chief wounded in Israeli strike in Gaza
train_015826,train_018352,0.9766,3,3,HDTV 'Starter' Kit for PC Comes with Some Kinks (Reuters),PluggedIn: HDTV 'Starter' Kit for PC Comes with Some Kinks (Reuters)
train_003056,train_003109,0.9609,2,2,"Stocks End Higher, Dow Back Above 10,000","Stocks End Higher, Dow Back Above 10,000"
train_003056,train_003103,0.9531,2,2,"Stocks End Higher, Dow Back Above 10,000","Stocks Close Higher, Dow Above 10,000"
train_083812,train_083916,0.9688,0,0,"Iraq Declares Martial Law, 23 Police Killed","Iraq Declares Martial Law, 22 Police Killed"
train_114003,train_114047,0.9062,3,2,Wish you were here,Wish you were here
train_040288,train_040897,0.9531,3,3,Spy Imagery Agency Watching Inside U.S. (AP),U.S. Spy Agency Turns Eye on America (AP)
train_039629,train_039920,0.9531,0,0,Top-Ranked USC Holds Back Stanford 31-28,Top-Ranked USC Holds Back Stanford 31-28
train_001062,train_001064,0.9062,3,3,HP's Software Woe Has Bigger Industry Implication (Reuters),HP's Software Woe Has Bigger Industry Implication
train_037736,train_037753,0.9531,1,1,Green to Sit Out Dodgers Game for Yom Kippur,Green to Sit Out Dodgers Game for Yom Kippur
train_023572,train_023586,0.9297,3,3,Tech Firms Announce Video Anti-Piracy Technology,Tech Firms Announce Video Anti-Piracy Technology (Reuters)
train_088948,train_089005,0.9609,2,2,FedEx Ordered to Repay U.S. $29 Million,FedEx Ordered to Repay U.S. $29M
train_025885,train_025904,0.9531,2,2,WPP Buys Grey Global for $1.31 Billion (Reuters),WPP Buys Grey Global for $1.31 Billion
train_044016,train_045267,0.9297,0,0,U.N. Wants African Monitors in Darfur Camps,U.N. Wants African Monitors in Darfur Camps (Reuters)
train_114104,train_114149,0.9531,0,0,N.Korea Says Reconsidering Place at Nuclear Talks (Reuters),N.Korea Says Reconsidering Place at Nuclear Talks
train_062355,train_062378,0.9297,0,0,Russia Wins Permanent Military Base in Tajikistan,Russia Wins Permanent Military Base in Tajikistan
train_106868,train_106870,0.9609,2,2,Dollar Crumbles to Record Low Vs Euro (Reuters),Dollar Crumbles to Record Low Vs Euro
train_003469,train_003481,0.9922,1,1,Astros' Clemens Leaves Game Against Phillies,"Astros' Clemens Strains Calf, Leaves Game Against Phillies"
train_035642,train_035659,0.9219,2,2,FedEx Quarterly Earnings More Than Double (Reuters),FedEx Quarterly Earnings More Than Double
train_035642,train_036011,0.9141,2,2,FedEx Quarterly Earnings More Than Double (Reuters),FedEx Earnings More Than Double (Reuters)
train_069675,train_070430,0.9375,3,3,"PluggedIn: Wireless Companies Chat Up Teens, Young Adults","Wireless Companies Chat Up Teens, Young Adults"
train_087782,train_087832,0.9688,1,0,Only Injury Can Stop Peerless Federer at Masters Cup,Only Injury Can Stop Peerless Federer at Masters Cup
train_018890,train_018914,0.9297,0,0,Pope Celebrates Mass Near Hilltop Shrine (AP),Pope Celebrates Mass Near Hilltop Shrine
train_071585,train_071593,0.9453,3,3,Survey: Porn to Boost Wireless Web Services,Survey: Porn to Boost Wireless Web Services (Reuters)
train_071585,train_071586,0.9688,3,3,Survey: Porn to Boost Wireless Web Services,Porn to Boost Wireless Web Services-Survey
train_000642,train_000643,0.9375,1,1,NL Wrap: Johnson Fans 14 Mets as Arizona Snaps Slide (Reuters),NL Wrap: Johnson Fans 14 Mets as Arizona Snaps Slide
train_085076,train_085092,0.9297,3,3,Video Game 'Halo 2' to Make Killing for Microsoft,Video Game 'Halo 2' to Make Killing for Microsoft (Reuters)
train_045118,train_045119,0.9453,2,2,"US Jobless Claims Up, Consumption Flat (Reuters)","US Jobless Claims Up, Consumption Flat"
train_000369,train_000809,0.9141,3,3,FCC mobile spam rule doesn't cover some SMS,FCC mobile spam rule doesn't cover some SMS (MacCentral)
train_063395,train_063400,0.9219,0,0,North Korea's No. 2 Leader Visits China,North Korea's No. 2 Leader Visits China
train_023828,train_025879,0.9375,3,3,Microsoft Sees Music Opportunity in Cell Phones,Microsoft sees music opportunity in cell phones
train_093414,train_096397,0.9922,1,0,Revelations Only Confirm Suspicions About Drugs,Revelations Only Confirm Suspicions About Drugs
train_030627,train_030646,0.9375,2,3,Miners Help European Stocks Turn Around,Miners Help European Stocks Turn Around (Reuters)
train_087459,train_087491,0.9375,2,2,"Oil Below $49, Fears of U.S. Cold Snap","Oil Below $49, Fears of U.S. Cold Snap (Reuters)"
train_082089,train_082218,0.9375,2,2,Dollar Struggles Before U.S. Jobs Report,Dollar Struggles Before U.S. Jobs Report (Reuters)
train_035939,train_036014,0.9766,2,2,"Morgan Stanley Profit Falls, Shares Drop","Morgan Stanley Profit Drops, Shares Fall"
train_026079,train_026129,0.9609,0,0,Putin Moves to Strengthen Kremlin's Power,Putin Moves to Strengthen Kremlin's Power
train_105058,train_105301,0.9141,2,2,Global economy to hit headwinds next year: OECD,Global economy to hit headwinds next year: OECD (AFP)
train_063559,train_063588,0.9844,3,3,Advertisements Insinuated Into Video Games,Advertisements Inserted Into Video Games
train_049494,train_049504,0.9531,2,2,Update 2: Freddie Mac Announces Changes in Division,Freddie Mac Announces Changes in Division
train_062184,train_062216,0.9375,2,2,Away on Business: Recipe for Success (Reuters),Away on Business: Recipe for Success
train_039799,train_041174,0.9922,0,0,The Tragedy of Sudan,The Tragedy of Sudan
train_039443,train_039470,0.9062,3,2,Insurers Use Satellite Data to Study Risk (AP),Insurers Use Satellite Data to Study Risk
train_094864,train_095569,0.9141,3,3,Microsoft's Gates Is World's Most 'Spammed' Person,Microsoft boss the world's most 'spammed' person
train_100000,train_100026,0.9141,0,0,"Venezuelan Car-Bomb Suspect Killed, Weapons Found","Venezuelan Car-Bomb Suspect Killed, Weapons Found"
train_052582,train_052584,0.9141,3,3,"IBM to Widen Use of Mainframes in China, Elsewhere (Reuters)","IBM to Widen Use of Mainframes in China, Elsewhere"
train_097956,train_098922,0.9531,3,3,Electronic Passports Might Not Measure Up (AP),Electronic Passports Might Not Measure Up
train_018920,train_019053,0.9453,2,2,World Needs More Oil Capacity -Watchdog (Reuters),World Needs More Oil Capacity -Watchdog
train_068112,train_068230,0.9375,1,1,Lewis fires spectacular 62 to take Funai lead,UPDATE 1-Lewis fires spectacular 62 to take Funai lead
train_042809,train_042816,0.9766,0,0,"Italy's 'Two Simonas' Freed, Jubilation at Home (Reuters)","Italy's 'Two Simonas' Freed, Jubilation at Home"
train_038840,train_038963,0.9688,1,1,"U.S., France on Top in Davis Cup Semis","U.S., France on Top in Davis Cup Semis"
train_016934,train_017166,0.9766,1,1,NL Wrap: Baseball-Cubs Edge Expos to Maintain Wild-Card Pace,NL Wrap: Cubs Edge Expos to Maintain Wild-Card Pace
train_089911,train_090080,0.9844,0,0,Barghouti to Run for Palestinian Leader (AP),Jailed Palestinian to Run for President (AP)
train_053034,train_053090,0.9766,2,2,Wal-Mart September Sales Up 2.4 Percent,Wal-Mart September Sales Rise 2.4 Percent
train_075137,train_075733,0.9297,3,3,PayPal Makes Amends for Recent Outage (AP),PayPal Makes Amends for Recent Outage
train_021086,train_021305,0.9531,3,0,Noah's Ark plan from top Moon man,Noah's Ark plan from Moon man
train_097422,train_097905,0.9297,3,3,PeopleSoft's Board Rejects Oracle Bid (AP),PeopleSoft's Board Rejects Oracle Bid
train_093789,train_093803,0.9531,3,3,"Microsoft, Dassault Systemes in Strategic Alliance","Microsoft, Dassault Systemes in Strategic Alliance (Reuters)"
train_106770,train_106969,0.9766,0,0,Sharon Battles to Save Government from Collapse,Sharon Battles to Save Government from Collapse
train_034022,train_034031,0.9375,0,0,Floods Kill at Least 241 in Haiti (AP),Floods Kill at Least 241 in Haiti
train_101469,train_102104,0.9688,3,3,Study: Dead Cicadas Help the Soil (AP),Study: Dead Cicadas Boost Soil Nutrients (AP)
train_042107,train_042111,0.9375,2,2,EU Court Overturns Bar on Merger (Reuters),EU Court Overturns Bar on Merger
train_093594,train_093625,0.9453,3,2,Vivendi Universal Raises Profit Forecast (Reuters),Vivendi Universal Raises Profit Forecast
train_043709,train_043720,0.9453,0,0,"Typhoon Meari Hits South Japan, Triggers Floods","Typhoon Meari Hits South Japan, Triggers Floods"
train_069584,train_069595,0.9062,0,0,Myanmar Says Constitution Talks to Restart Soon,Myanmar Says Constitution Talks to Restart Soon
train_064034,train_064085,0.9141,0,0,Police Kill India's Most Wanted Bandit (Reuters),Police Kill India's Most Wanted Bandit
train_027314,train_027738,0.9844,0,0,Tropical Storm Jeanne Forms in Atlantic (AP),Tropical Storm Jeanne Forms in Atlantic (AP)
train_015129,train_015142,0.9141,0,3,Heart Attacks More Likely in Cold Weather,Heart Attacks More Likely to Occur in Cold Weather
train_011862,train_012070,0.9062,3,3,U.N.: N. Korean Environment in Poor Shape (AP),UN: N. Korean Environment in Poor Shape
train_059515,train_059523,0.9297,2,2,Dollar Lifted by Slipping Oil Prices (Reuters),Dollar Lifted by Slipping Oil Prices
train_014636,train_014650,0.9609,2,2,Atlas Copco to Sell Electric Tool Business,Atlas Copco to sell electric tool business
train_086869,train_087046,0.9375,3,3,Photos: Sony's pocket-size PC,Photos: Pocket-size PCs
train_014605,train_014904,0.9297,2,2,European Shares Drift Down in Thin Trade (Reuters),European Shares Drift Down in Thin Trade
train_014204,train_014609,0.9375,3,3,"World Wide Web Turns 35, But is Still a Work in Progress","Internet Turns 35, Still Work in Progress"
train_061334,train_061402,0.9297,3,3,IBM tops off Power 5-based server line (InfoWorld),IBM tops off Power 5-based server line
train_086434,train_086437,0.9141,2,2,"Oil Fades Toward $47, Awaits U.S. Data (Reuters)","Oil Fades Toward $47, Awaits U.S. Data"
train_047370,train_047375,0.9531,0,0,"Bomb Blasts in Northeast India Kill 10, Wound 35 (Reuters)","Bomb Blasts in Northeast India Kill 10, Wound 35"
train_088077,train_088093,0.9688,1,1,Pirates agree to terms with Mesa and Torres,Pirates Agree to Terms with Mesa and Torres
train_037739,train_037833,0.9219,2,2,Gov't Set to Make Oil Loans to Refiners (Reuters),Gov't Set to Make Oil Loans to Refiners
train_029148,train_029539,0.9375,2,3,chipmaker Infineon admits price fixing,German Chipmaker Admits Price Fixing
train_033266,train_033963,0.9844,3,3,VMWare reveals Ace in the hole,VMWare reveals Ace in the hole
train_015778,train_015855,0.9375,1,1,Sweden Opens Hockey World Cup with Win Over Germany,Sweden Opens Hockey World Cup with Win Over Germany
train_013929,train_013938,0.9219,1,1,Baldini Triumph in Marathon Marred by Intruder,Baldini Triumph in Marathon Marred by Intruder
train_061693,train_061748,0.9297,3,3,Backward drawings may have doomed Genesis,Backward Drawings May Have Doomed Genesis (AP)
train_043080,train_043696,0.9062,3,3,Dolly Creator Applies for Cloning License (AP),Dolly Creator Applies for Human Cloning License
train_034880,train_034934,0.9531,2,3,"Sun woos Wall Street with pricing, features","Sun woos Wall Street with pricing, features"
train_115442,train_115460,0.9297,0,0,Congo Says Its Troops Are Fighting Rwandan Forces (Reuters),Congo Says Its Troops Are Fighting Rwandan Forces
train_042594,train_042662,0.9688,2,2,All 50 States Post Personal Income Growth,All 50 States Post Personal Income Growth
train_095016,train_095073,0.9922,0,3,"Russia Ratifies Kyoto, Starts on Feb. 16 (Reuters)","Russia Ratifies Kyoto, Starts on Feb 16 (Reuters)"
train_095016,train_095018,0.9219,0,0,"Russia Ratifies Kyoto, Starts on Feb. 16 (Reuters)","Russia Ratifies Kyoto, Starts on Feb. 16"
train_095016,train_095053,0.9141,0,2,"Russia Ratifies Kyoto, Starts on Feb. 16 (Reuters)","Russia Ratifies Kyoto, Starts on Feb 16"
train_018640,train_018734,0.9844,3,2,"TiVo, Cable or Satellite? Choose That Smart TV Wisely","TiVo, Cable or Satellite? Choose That Smart TV Wisely"
train_095455,train_095926,0.9688,2,2,Rayovac to Buy United Ind. for $476 Mln,Rayovac to Buy United Industries
train_016645,train_016681,0.9141,3,3,Microsoft Wins a High-Definition DVD Battle (Reuters),Microsoft Wins a High-Definition DVD Battle
train_062775,train_062781,0.9531,2,2,Deluge of Big Earnings to Dominate (Reuters),Deluge of Big Earnings to Dominate
train_023311,train_023344,0.9375,1,1,NL Wrap: Perez Strikes Out 14 as Pirates End Astros Run,NL Wrap: Perez Strikes Out 14 as Pirates End Astros Run (Reuters)
train_006672,train_006717,0.9297,0,1,"Evocative, and Steamy, Marathon Goes to Japanese Woman","Evocative, and Steamy, Marathon Goes to Japanese Woman"
train_070092,train_070211,0.9531,3,3,Two Back on Earth After Year on Space Station,Two Back on Earth After Six Months on Space Station
train_070092,train_071093,0.9453,3,3,Two Back on Earth After Year on Space Station,Two Back on Earth After Six Months on Space Station
train_021236,train_021380,0.9297,2,2,OPEC May Decide Oil Price Target in Sept.,OPEC May Decide Oil Price Target in Sept.
train_045599,train_046382,0.9453,3,3,"Web Sites Spoof Bush, Kerry With Parodies (AP)","Web Sites Spoof Bush, Kerry With Parodies"
train_064898,train_065209,0.9297,0,0,Social Security Gets 2.7 Percent Boost,Social Security to Rise 2.7 Pct. in 2005
train_063104,train_063259,0.9375,2,2,Dollar Closes in on Lows After Weak Data,Dollar Slips Toward Lows After Weak Data
train_019652,train_019683,0.9219,3,3,Britain Creates New Numbers for Internet Phone Users (Reuters),UK creates new numbers for Internet phone users
train_082775,train_082833,0.9688,1,1,"Haas Holds Halfway Lead, Woods Lurks","Haas Holds Halfway Lead at Tour Championship, Woods Lurks"
train_019806,train_019991,0.9531,0,0,"Kerry on Iraq: Wrong War, Wrong Place, Wrong Time (Reuters)","Kerry on Iraq: 'Wrong War, Wrong Place, Wrong Time' (Reuters)"
train_077715,train_077716,0.9141,0,0,Ailing Arafat Faces Days of Medical Tests (Reuters),Ailing Arafat Faces Days of Medical Tests
train_092439,train_092525,0.9844,2,2,Update 4: Wal-Mart 3Q Earnings Rise on Higher Sales,Update 7: Wal-Mart 3Q Earnings Rise on Higher Sales
train_017747,train_020009,0.9297,2,3,"Microsoft: Linux may mean price cuts, fewer sales",Microsoft says Linux may mean price cuts
train_047182,train_047185,0.9219,3,3,Gates undaunted by Linux,Gates undaunted by Linux (InfoWorld)
train_006707,train_006710,0.9688,1,1,Gatlin Takes 100 Meter Gold,Gatlin Takes 100 Meters Gold
train_071144,train_071239,0.9219,2,3,Internet users seen having few safeguards,Internet users seen having few safeguards
train_004855,train_006087,0.9141,3,3,Global LCD Oversupply to Peak -Report,Global LCD Oversupply to Peak -Report
train_010624,train_010824,0.9766,0,0,Russia Air Crash Flight Recorders May Not Help,Russian Air Crash Flight Recorders May Not Help
train_104255,train_104318,0.9609,1,1,USC strengthens BCS No. 1 hold; Oklahoma still No. 2,USC Strengthens BCS No. 1 Hold; Oklahoma No. 2
train_089015,train_089070,0.9219,0,0,Activists Storm Parliament in Rebel Georgia Region,Activists Storm Parliament in Rebel Georgia Region
train_064103,train_064862,0.9453,3,3,"IBM Third-Quarter Earnings, Revenue Rise (AP)","IBM Third-Quarter Earnings, Revenue Rise"
train_053803,train_053805,0.9375,3,3,Photo 7 of 8: Global gamers clash for cash,Photo 4 of 8: Global gamers clash for cash
train_046285,train_046548,0.9688,2,2,Cytec to Buy UCB Chemicals Business for EU1.5 Billion (Update2),Cytec to Buy UCB Chemicals Business for EU1.5 Billion (Update3)
train_064521,train_064522,0.9531,3,3,Digital Agenda: Homeland security--Companies profiting from fear (page 2),Digital Agenda: Homeland security--Companies profiting from fear
train_032367,train_032389,0.9375,0,0,Serbs Vote for Councils and Belgrade Super-Mayor,Serbs Vote for Councils and Belgrade Super-Mayor
train_066995,train_067022,0.9766,2,2,Citigroup ousts three after banking scandal,Citigroup ousts three after banking scandal
train_026166,train_026339,0.9375,0,0,Karzai Set to Be Afghan President in Ring of Steel,Karzai Set to Be Afghan President in Ring of Steel
train_026166,train_026546,0.9766,0,0,Karzai Set to Be Afghan President in Ring of Steel,Karzai Set to Be Afghan President in Ring of Steel (Reuters)
train_074533,train_074721,0.9297,2,2,"Blockbuster Posts Big Loss, COO Resigns",Blockbuster Posts Loss. Shares Plunge
train_060993,train_061985,0.9688,2,3,F.C.C. Clears Internet Access by Power Lines,F.C.C. Clears Internet Access by Power Lines
train_013807,train_013815,0.9531,0,0,"Three Americans, Two Afghans Killed in Kabul Blast","Three Americans, Two Afghans Killed in Kabul Blast"
train_106741,train_106772,0.9453,0,0,EU Peace Force to Take Over NATO Bosnia Peacekeeping (Reuters),EU Peace Force to Take Over NATO Bosnia Peacekeeping
train_063221,train_063561,0.9844,0,0,Red Sox Beat Yankees 6-4 in 12 Innings,Red Sox Beat Yankees 6-4 in 12 Innings
train_058160,train_058724,0.9688,3,3,Report Faults Military Technology in Iraq War,Report Faults Military Technology in Iraq War
train_062214,train_062781,0.9609,2,2,Deluge of Big Earnings to Dominate,Deluge of Big Earnings to Dominate
train_062214,train_062775,0.9141,2,2,Deluge of Big Earnings to Dominate,Deluge of Big Earnings to Dominate (Reuters)
train_010979,train_011063,0.9375,3,3,Russian Oil Project to Be Vetted for Whale Threat,Russian Oil Project to Be Vetted for Whale Threat (Reuters)
train_095794,train_095796,0.9141,0,0,N.Korea Says Kim Portrait Reports a 'U.S. Plot' (Reuters),N.Korea Says Kim Portrait Reports a 'U.S. Plot'
train_105255,train_105282,1.0,2,2,Average Price of U.S. House Rises 8.5 Pct,Price of Average U.S. House Rises 8.5 Pct
train_046973,train_046992,0.9531,2,3,Kerry Gets Post-Debate Bounce in Election Futures,Kerry Gets Post-Debate Bounce in Election Futures (Reuters)
train_114095,train_115151,0.9844,3,3,"Blog Creation, Readership Rise in 2004 (AP)","Blog Creation, Readership Rises in 2004 (AP)"
train_118751,train_118780,0.9844,2,2,Russia to Hold YUKOS Auction,Russia to Hold YUKOS Auction
train_102092,train_104137,0.9453,3,3,Sony Unprepared for Flat TV Demand (Reuters),Sony Unprepared for Flat TV Demand
train_090467,train_090490,0.9141,0,0,Banned Basque Party Calls for Peace Talks,Banned Basque Party Calls for Peace Talks
train_110071,train_110701,0.9844,0,0,Australia to Upgrade Embassy Security (AP),Australia to Upgrade Embassy Security (AP)
train_068272,train_068333,0.9922,2,2,Dollar Gains Ground on Yen,Dollar Gains Ground on Yen
train_023622,train_025271,0.9531,3,3,Microsoft's New Mice Get Touchy,Microsoft's new mice get touchy
train_093057,train_093206,0.9609,3,3,TiVo backer Aslop to leave VC firm,TiVo backer Alsop to leave VC firm
train_054768,train_054886,0.9219,2,2,J J Says Arthritis Drug May Hike Blood Cancer Risk,J J: Arthritis Drug May Hike Cancer Risk
train_001298,train_001314,0.9297,2,3,Motorola Expects Strong Sales Growth,Motorola Expects Strong Sales Growth (Reuters)
train_003154,train_004022,0.9219,3,3,Review: Robovacs No Match for Normal Vacuum Cleaners,Review: Robovacs No Match for Vacuum
train_052038,train_052154,0.9922,0,0,Tiger Woods Marries Swede Model in Barbados,Woods Marries Swedish Model in Barbados
train_096490,train_096903,0.9766,0,0,"Bomb Kills Venezuela Prosecutor, Gov't Swipes at US","Bomb Kills Venezuela Prosecutor, Gov't Swipes at U.S."
train_107824,train_107830,0.9453,2,3,IBM Puts Its PC Business Up for Sale -NYT,IBM Puts Its PC Business Up for Sale -NYT (Reuters)
train_019825,train_019921,0.9609,0,0,Hurricane Ivan Threatens Barbados,Hurricane Ivan Churns Toward Caribbean
train_005503,train_006781,0.9375,3,3,E-Commerce Sales Rise in Second Quarter,US e-commerce sales rise in second quarter
train_015550,train_015583,0.9375,2,2,"Treasuries Up on Consumer, Industry Data (Reuters)","Treasuries Up on Consumer, Industry Data"
train_075939,train_075942,0.9375,1,1,Red Sox Fans Exult at End of World Series 'Curse',Red Sox Fans Exult at End of World Series 'Curse' (Reuters)
train_050898,train_050918,0.9609,3,3,Sony abandons copy-control CDs,Sony Abandons Copy-Control Music CDs
train_119966,train_119977,0.9375,2,2,"Despite Mega-Deals, Small Mergers Rule (Reuters)","Despite Mega-Deals, Small Mergers Rule"
train_066161,train_066417,0.9766,1,1,Red Sox Look to Reverse the Curse with Game 7 Win,Red Sox Look to Reverse the Curse with Game 7 Win
train_057198,train_057629,0.9297,3,3,Oracle May Drop Its PeopleSoft Bid Lower (AP),Oracle May Drop PeopleSoft Bid (AP)
train_067565,train_067690,0.9062,0,0,Prince Harry Scuffles With Photographer,Prince Harry scuffles with photographer
train_043391,train_043407,0.9297,2,2,Getting back in the game,Getting back in the game
train_092363,train_092411,0.9609,0,0,Iranian Hardliners Unhappy with Nuclear Deal,Iranian Hardliners Unhappy with Nuclear Deal (Reuters)
train_047041,train_047051,0.9141,1,1,US Captain Reyna Left Out of World Cup Squad,U.S. Captain Reyna Left Out of World Cup Squad
train_010621,train_010650,0.9141,2,2,Jobless Claims Rise on Back of Hurricane,Jobless Claims Rise on Back of Hurricane (Reuters)
train_083760,train_083786,0.9453,0,0,Police Surprised So Many Survive British Rail Crash,Police Surprised So Many Survive British Rail Crash (Reuters)
train_059284,train_059399,0.9375,3,3,EU asks four countries to justify call for Intel chips,EU asks four countries to justify call for Intel chips
train_014437,train_014751,0.9531,0,0,U.S. Envoy Slams Serb PM on War Crimes Handovers,U.S. Envoy Slams Serb PM on War Crimes Handovers (Reuters)
train_107767,train_107815,0.9375,0,0,Venezuela's Chavez Says Bush Knew of Coup,Venezuela's Chavez Says Bush Knew of Coup (AP)
train_100565,train_100574,0.9922,0,3,Minors held in Spanish porn swoop,Minors held in Spain porn swoop
train_045117,train_045905,0.9219,3,3,Inventor of the World Wide Web Promotes Future Cooperation,Web Founder Promotes Future Cooperation (AP)
train_110276,train_110617,0.9766,1,1,Cavs' Traylor Out With Broken Finger (AP),Cavs' Traylor Out With Broken Finger (AP)
train_063017,train_063086,0.9766,1,1,Record-Tying Beltran Blasts Astros Into Series Tie,Record-Tying Beltran Blasts Astros Into Tie
train_030737,train_030794,0.9375,3,2,Sony to Launch Smaller PS2 Console Oct. 26-Report,Sony to Launch Smaller PS2 Console Oct. 26-Report
train_030737,train_030738,0.9531,3,3,Sony to Launch Smaller PS2 Console Oct. 26-Report,Sony to Launch Smaller PS2 Console Oct. 26-Report (Reuters)
train_050469,train_050527,0.9219,2,2,U.S. Job Cuts at 8-Month High in Sept.,U.S. Job Cuts at 8-Month High in Sept. (Reuters)
train_109901,train_109910,0.9688,0,0,UK to Seek Bush Support on G8 Poverty Goals (Reuters),UK to Seek Bush Support on G8 Poverty Goals
train_002038,train_002697,0.9688,3,3,XP security update delayed,Windows XP Security Update Delayed
train_107880,train_107915,0.9453,0,0,Rwanda Entered Congo Briefly -- Diplomatic Sources (Reuters),Rwanda Entered Congo Briefly -- Diplomatic Sources
train_095801,train_095832,0.9062,1,1,NBA Wrap: Duncan Notches Season-High as Spurs Win (Reuters),NBA Wrap: Duncan Notches Season-High as Spurs Win
train_110208,train_110211,0.9297,3,3,"2004 Was Year of Netsky Worm, Web Firm Sophos Says (Reuters)","2004 Was Year of Netsky Worm, Web Firm Sophos Says"
train_022684,train_022717,0.9531,0,0,Russia Slams West for Double Standards on Beslan (Reuters),Russia Slams West for Double Standards on Beslan
train_058782,train_058783,0.9453,3,3,Picture 5 of 8: Microsoft's new Media Center push,Picture 6 of 8: Microsoft's new Media Center push
train_058782,train_058784,0.9609,3,3,Picture 5 of 8: Microsoft's new Media Center push,Picture 8 of 8: Microsoft's new Media Center push
train_017634,train_018964,0.9453,0,0,"Iraq's Survival Still at Stake, Report Warns","Iraq's Survival Still at Stake, Report Warns (Reuters)"
train_064240,train_065088,0.9219,3,2,Businesses keep Q3 PC growth on track,Businesses keep Q3 PC growth on track
train_064240,train_064419,0.9766,3,2,Businesses keep Q3 PC growth on track,Businesses keep Q3 PC growth on track
train_040185,train_040213,0.9531,2,2,Fannie CEO May Not Withstand Challenge,Fannie CEO May Not Withstand Challenge (Reuters)
train_027840,train_028446,0.9141,2,2,"Studio Mogul Kerkorian And MGM, Off Again","Kerkorian and MGM, Off Again"
train_054281,train_054284,0.9688,3,3,IBM Chief Sees Global Tech Spending Rise (Reuters),IBM Chief Sees Global Tech Spending Rise
train_091104,train_091394,0.9297,3,3,Sun unleashes Solaris 10,Sun unleashes Solaris 10 (InfoWorld)
train_032116,train_032209,0.9688,1,1,AL Wrap: Lieber Dominates as Yankees Thump Red Sox,AL Wrap: Lieber Dominates as Yankees Thump Red Sox
train_002021,train_002069,0.9688,2,2,Google Stock Sale Delayed as SEC Doesn't Act on IPO (Update1),Google Stock Sale Delayed as SEC Doesn't Act on IPO (Update1)
train_066447,train_066451,0.9453,0,0,UN Turns to U.S. Troops to Guard Its Staff in Iraq (Reuters),UN Turns to U.S. Troops to Guard Its Staff in Iraq
train_044604,train_044703,0.9375,3,2,Search Upstart Launches New Site (AP),Search upstart launches new site
train_110274,train_110359,0.9922,0,0,UN Investigating Reports of Rwandan Violations in Congo,UN Investigating Reports of Rwandan Rights Violations in Congo
train_062869,train_062877,0.9453,0,0,"Loud Blast Shakes Baghdad, Casualties Feared (Reuters)","Loud Blast Shakes Baghdad, Casualties Feared"
train_014880,train_014929,0.9922,0,0,GOP Sharpens Attacks As Convention Opens,GOP Sharpens Attacks As Convention Opens
train_067696,train_067706,0.9922,3,3,Grand theft intellectual property,'Grand Theft' of intellectual property
train_071611,train_071661,0.9375,2,2,Oil Slips Under $55 a Barrel,Oil Slips as Norway Moves to End Strike
train_005036,train_005042,0.9922,3,0,Holes found in Windows XP update,Holes found in Windows update
train_114218,train_114221,0.9219,0,0,Russia Defense Minister in China Cooperation Talks (Reuters),Russia Defense Minister in China Cooperation Talks
train_056880,train_057007,0.9062,1,1,Former MVP Caminiti Dies of Heart Attack at 41,Former MVP Caminiti Dies of Heart Attack at 41 (Reuters)
train_034254,train_034299,0.9297,2,2,U.S. Oil Holds Above $46 on Supply Fears,US Oil Holds Above $46 on Supply Concerns
train_064885,train_064962,0.9531,2,2,Ford Posts Profit; Loses Money in Autos,Ford Posts Profit But Loses Money in Cars
train_014796,train_014803,0.9375,0,0,Saboteurs Hit Iraq Internal Oil Pipeline (Reuters),Saboteurs Hit Iraq Internal Oil Pipeline
train_014927,train_014979,0.9844,0,0,"New Chechen Leader Vows Peace, Poll Criticized","New Chechen Leader Vows Peace, Poll Criticized"
train_002575,train_002629,0.9609,3,0,Home users get key Windows update,Home users get Windows update
train_107222,train_107272,0.9297,1,1,League Cup still last on Benitez's trophy list,League Cup still last on Benitez's trophy list
train_053479,train_056448,0.9766,3,3,"Opportunity Rover Stumbles Upon Rocky, Maybe Watery, Find","Opportunity rover stumbles upon rocky, maybe watery, find"
train_061605,train_061606,0.9688,3,3,Photo 2 of 2: End (table) game for Microsoft,Photo 1 of 2: End (table) game for Microsoft
train_005053,train_005115,0.9844,1,1,Greek Athlete Tests Positive for Drugs,Greek Athlete Tests Positive for Drugs
train_058915,train_058918,0.9219,2,2,Intel Fuels Asian Stocks; Oil Down (Reuters),Intel Fuels Asian Stocks; Oil Down
train_113290,train_113420,0.9531,1,1,Pavano chooses Yankees,Pavano Chooses Yankees
train_119309,train_119448,1.0,2,2,Celebrex Lifts Heart Attack Risk in Trial,Pfizer's Celebrex Lifts Heart Attack Risk in Trial
train_119309,train_119630,0.9453,2,2,Celebrex Lifts Heart Attack Risk in Trial,Pfizer's Celebrex Lifts Heart Attack Risk in Trial (Reuters)
train_082761,train_082831,1.0,2,2,U.S. Stocks Extend Post-Election Rally,Stocks Extend Post-Election Rally
train_011106,train_011300,0.9375,0,0,Top Russian Official: Plane Terror Likely,Top Russian Official: Plane Terror Likely
train_071834,train_071862,0.9922,2,2,"Oil Ends Lower, Norway Ends Strike","Oil Ends Lower, Norway to End Strike"
train_070126,train_070195,0.9141,0,0,"Japan Quake Kills 18, Aftershocks Strike Fear","Japan Quake Kills 18, Aftershocks Strike Fear"
train_000735,train_000818,0.9766,0,0,Israel Turns Up Heat on Palestinian Hunger Strike,Israel Turns Up Heat on Palestinian Hunger Strike
train_004441,train_004563,0.9688,3,3,Microsoft Patches the Patch,Microsoft Patches the Patch
train_082589,train_082875,0.9844,0,0,Machine Error Gives Bush Extra Ohio Votes (AP),Ohio Machine Error Gives Bush Extra Votes (AP)
train_049824,train_049870,0.9609,2,2,Japan Stocks Edge Down on Profit-Taking,Japan Stocks Edge Down on Profit-Taking (Reuters)
train_035731,train_035897,1.0,2,2,FedEx Earnings More Than Double,FedEx Quarterly Earnings More Than Double
train_099087,train_101354,0.9531,3,3,Life-changing video format gets last rites,Last Rites Sounded for Life-Changing Video Format
train_115543,train_115562,0.9297,0,3,"Japanese snap up 200,000 PSP video-game consoles in two days (AFP)","Japanese snap up 200,000 PSP video-game consoles in two days"
train_063880,train_063967,0.9297,3,3,Handset Makers Raising Virus Defenses,Mobile Handset Makers Raising Virus Defenses
train_104517,train_105536,0.9766,3,3,IBM Unveils Latest 'On-Demand' Tech Center,IBM Unveils Latest 'On-Demand' Tech Center
train_049785,train_049826,0.9688,2,2,"UPDATE 3-Temple-Inland Inc. says to cut 1,500 jobs","UPDATE 2-Temple-Inland Inc. says to cut 1,500 jobs"
train_112124,train_112156,1.0,2,3,EU probes mobile phone call costs,EU probes mobile phone call costs
train_102159,train_102203,0.9297,1,1,Raptors Increase Security After Threat (AP),Raptors increase security after threat made against Carter
train_045566,train_045643,0.9375,0,0,Court Doctors Examine Pinochet for Trial,Court Doctors Examine Pinochet for Trial (Reuters)
train_085844,train_089766,0.9375,2,3,FCC further deregulates Net calls,This week in VoIP news
train_052086,train_052221,0.9609,0,0,U.S. Report Finds No Evidence of Iraq WMD,U.S. Report Finds No Evidence of Iraq WMD
train_104359,train_104444,0.9219,2,2,Saudi Arabia insists high oil prices no threat to world economic growth (AFP),Saudi Arabia insists high oil prices no threat to world economic ...
train_084847,train_084848,0.9844,3,3,Disney Expanding Video Game Investment,Disney Says Expanding Video Game Investment
train_099465,train_099472,0.9219,1,1,Report: Gamecocks to Name Spurrier New Head Coach Tuesday,Report: Gamecocks to name Spurrier new head coach Tuesday
train_013789,train_015180,0.9062,1,1,Rooney hovers between Manchester United and Newcastle,Wonder Wayne hovers between Man United and Newcastle
train_030219,train_031238,0.9844,3,3,Sun-Microsoft deal raises Open Office questions,Sun-Microsoft deal raises Open Office questions
train_112517,train_112581,0.9297,0,0,16 Killed in Venezuelan Plane Crash (AP),16 Killed in Venezuelan Plane Crash
train_035835,train_035937,0.9062,0,0,Politicans Killed in Indian Chopper Crash,Politicans Killed in Indian Chopper Crash
train_088988,train_089007,0.9531,2,2,New York's Spitzer Says May Sue Insurer (Reuters),New York's Spitzer Says May Sue Insurer
train_004789,train_004792,0.9453,0,0,Iraq's Sadr Prepares to Hand Over Najaf Shrine (Reuters),Iraq's Sadr Prepares to Hand Over Najaf Shrine
train_001314,train_001348,0.9062,3,3,Motorola Expects Strong Sales Growth (Reuters),Motorola Expects Strong Sales Growth
train_098233,train_099312,0.9688,1,1,"For Artest, Today's Troubles Took Root Years Ago","For Artest, Today's Troubles Took Root Years Ago"
train_025221,train_025916,0.9453,3,3,Array of Innovations at Mobile Tech Show (AP),Array of Innovations at Mobile Tech Show
train_028726,train_028730,0.9375,3,3,Livewire: Back to School Means Back to Advergames (Reuters),Livewire: Back to School Means Back to Advergames
train_025101,train_025982,0.9453,0,0,Pakistani Forces Attack Militant Hideouts; 10 Killed (Reuters),Pakistani Forces Attack Militant Hideouts; 10 Killed
train_047092,train_048530,0.9375,0,0,A Daily Look at U.S. Iraq Military Deaths (AP),Look at U.S. Military Deaths in Iraq (AP)
train_102712,train_102722,0.9766,2,2,Wal-Mart Sees Nov. US Sales Up 0.7 Pct,Wal-Mart Sees November Sales Up 0.7 Pct
train_048234,train_049134,0.9922,3,3,Billy Joel Marries 23-Year-Old Fiancee (AP),Billy Joel Marries 23-Year-Old (AP)
train_005272,train_005351,0.9766,2,2,Treasuries Edge Down as Oil Retreat,U.S. Treasury Prices Edge Lower
train_078103,train_078215,0.9766,1,1,Ashado wins Distaff in opening Breeders' Cup race,Ashado Wins Opening Breeders' Cup Race
train_003727,train_021833,0.9531,3,2,Debit Cards Give Plastic Edge Over Paper,Debit Cards Give Plastic Edge Over Paper
train_108106,train_108177,1.0,2,2,IBM Puts PC Unit Up for Sale - NY Times,IBM Puts PC Unit Up for Sale - NY Times
train_090178,train_090329,0.9375,1,1,NBA Wrap: Lakers Rally to Beat Rockets (Reuters),NBA Wrap: Lakers Rally to Beat Rockets
train_032738,train_032810,0.9531,0,0,Indonesians Begin Voting in Landmark Election,Millions of Indonesians Vote in Landmark Election
train_032738,train_032791,0.9062,0,0,Indonesians Begin Voting in Landmark Election,Indonesians go to the polls
train_032127,train_032128,0.9297,1,1,NL Wrap: Padres Ease Past Giants Despite Bonds Homer (Reuters),NL Wrap: Padres Ease Past Giants Despite Bonds Homer
train_028703,train_028796,0.9141,2,2,UK OKs Taser Stun Guns for Some Police,UK OKs Taser Stun Guns for Some Police
train_113859,train_114140,0.9375,0,0,Spanish Leader Faces Grilling on Train Bombings (Reuters),Spanish Leader Faces Grilling on Train Bombings
train_023003,train_023740,0.9531,3,3,Nokia to offer phones with 'old-world' styling,Nokia to offer phones with 'old world' styling
train_111123,train_111133,0.9453,2,2,BoE Holds UK Rates at 4.75 Percent,BoE Holds UK Rates at 4.75 Percent (Reuters)
train_029350,train_030187,1.0,2,2,Manufacturing accelerates,Manufacturing accelerates
train_031526,train_031585,0.9219,1,1,NL Wrap: Jones Leads Braves Closer to Division Title (Reuters),Leads Braves Closer to Division Title (Reuters)
train_031526,train_031528,0.9453,1,1,NL Wrap: Jones Leads Braves Closer to Division Title (Reuters),NL Wrap: Jones Leads Braves Closer to Division Title
train_044447,train_044824,0.9219,1,1,Tiger Woods' Back an Issue at Amex,Tiger's Back an Issue at American Express (AP)
train_020186,train_020190,0.9297,0,0,Brazil Government Criticizes New York Times Report (Reuters),Brazil Government Criticizes New York Times Report
train_065573,train_065689,0.9609,2,2,Yen Eases Against Dollar,Yen Eases Against Dollar as Stocks Sag
train_035891,train_035913,0.9609,2,2,Oil Tops $48 After U.S. Inventories Dive,Oil Tops $48 After U.S. Inventories Dive
train_027385,train_027838,0.9219,0,3,"Blair Fears Climate Change Disaster, Challenges U.S.","Blair Fears Climate Change Disaster, Challenges U.S. (Reuters)"
train_083369,train_083371,0.9062,3,3,Whooping Cranes' Migration Interrupted (AP),Whooping Cranes' Migration Interrupted
train_037428,train_039684,0.9375,2,2,SEC says General Electric violated law over Welch perks,Update 3: SEC Says GE Violated Law Over Welch Perks
train_044919,train_044928,0.9531,2,2,Lehman in Talks to Buy UK Hedge Fund -WSJ,Lehman in Talks to Buy UK Hedge Fund-WSJ
train_092671,train_093048,0.9219,3,3,Film Industry Files Anti-Piracy Suits (AP),Film Trade Group Files Anti-Piracy Suits (AP)
train_036138,train_039251,0.9688,2,2,"Former CA chief indicted, company reaches accord",Former CA chief indicted; company reaches accord
train_119984,train_119994,0.9375,0,0,Syria Redeploys Some Security Forces in Lebanon (Reuters),Syria Redeploys Some Security Forces in Lebanon
train_102342,train_102756,0.9141,0,0,"Grief, Rage in Argentine Protest Over Fatal Fire",Argentine Protesters on Streets Over Fatal Fire
train_054276,train_054307,0.9531,3,2,Google Used to Identify 1993 Victim (AP),Google Used to Identify 1993 Victim
train_044610,train_044919,0.9141,2,2,Lehman in Talks to Buy UK Hedge Fund -WSJ,Lehman in Talks to Buy UK Hedge Fund -WSJ
train_044610,train_044910,0.9531,2,2,Lehman in Talks to Buy UK Hedge Fund -WSJ,Lehman in Talks to Buy UK Hedge Fund-WSJ
train_026989,train_027104,0.9141,3,3,Yahoo to Buy Musicmatch for $160M in Cash (AP),Yahoo to Buy Musicmatch for $160M in Cash
train_005897,train_006323,0.9453,1,1,Olympic Soccer: Euphoric Iraq Reaches Semifinals,Olympic Soccer: Euphoric Iraq Reaches Semifinals
train_071023,train_071357,0.9609,1,1,Baseball-Stitched-Up Schilling Makes World Series History,Stitched-Up Schilling Makes World Series History
train_010922,train_010927,0.9297,3,3,Almost Half of Video Gamers Cutting TV Use --Study (Reuters),Almost Half of Video Gamers Cutting TV Use --Study
train_059686,train_059774,0.9766,2,2,Hurricane Damage to Hit Allstate Profits,Hurricane Damage to Hurt Allstate Profit
train_074388,train_074416,0.9609,2,2,Durable Goods Orders Up 0.2 Percent,Durable Goods Orders Edge Up in September
train_105562,train_106095,0.9297,1,1,Pacers to be Charged,Pacers will be charged
train_041444,train_041548,0.9609,3,3,Intel drops plans for Wi-Fi access point in Grantsdale,Intel drops plans for Wi-Fi access point in Grantsdale
train_116766,train_116771,0.9453,0,0,Pressure Grows on Romanian Left to Give Up Power (Reuters),Pressure Grows on Romanian Left to Give Up Power
train_024218,train_024289,0.9531,3,3,Court Rejects Child Porn Internet Law,Court Rejects Child Porn Internet Law
train_031025,train_031068,0.9453,2,2,"Circuit City Cuts Loss, Stock Soars","Circuit City Cuts Quarterly Loss,Stock Up"
train_060036,train_060109,0.9062,2,2,Merck: Successor pill safer than Vioxx,Merck: Successor pill safer than Vioxx
train_009780,train_009973,0.9062,1,1,Dirrell Boosts American Title Hopes in Boxing,Dirrell Boosts American Title Hopes in Boxing
train_046910,train_047506,0.9531,3,3,"Greek archaeologists find 2,500-year-old pomegranates preserved in ...","Greek archaeologists find 2,500-year-old pomegranates preserved in ..."
train_113617,train_113638,0.9375,2,2,Las Vegas Sands Looks for a Jackpot,Las Vegas Sands Looks for a Jackpot (Reuters)
train_035645,train_037157,0.9062,3,3,Russia Plans Space Station Launch on Oct. 11,Russia Plans Space Station Launch on Oct. 11 (Reuters)
train_014291,train_014608,0.9609,2,2,UBS to Buy Schwab Units - WSJ,UBS Reportedly to Buy Schwab Units
train_014291,train_014388,0.9375,2,2,UBS to Buy Schwab Units - WSJ,UBS to Buy Schwab Units - WSJ (Reuters)
train_067660,train_067732,0.9141,3,3,"Start-up crafts nanoparticles for energy, explosions","Nanoparticles for energy, explosions"
train_045044,train_045047,0.9297,2,2,"Consumption Flat, Durable Spending Sinks (Reuters)","Consumption Flat, Durable Spending Sinks"
train_108175,train_108250,0.9141,0,0,"Germany Says Thwarts Attack on Iraq PM, 3 Arrested","Germany Says Thwarts Attack on Iraq PM, 3 Arrested (Reuters)"
train_014260,train_014261,0.9141,1,1,"NL Wrap: Pujols Boosts Cards, Giants Delight for Bonds (Reuters)","NL Wrap: Pujols Boosts Cards, Giants Delight for Bonds"
train_071694,train_071755,0.9453,0,0,Full Sudanese peace talks get off to a shaky start (AFP),Full Sudanese peace talks get off to a shaky start
train_002228,train_002229,0.9531,0,0,China Hints U.S. Must Return Guantanamo Separatists (Reuters),China Hints U.S. Must Return Guantanamo Separatists
train_018664,train_018666,0.9375,0,0,South Korean Lab Says Uranium Test Repeated 3 Times (Reuters),South Korean Lab Says Uranium Test Repeated 3 Times
train_085877,train_085889,0.9453,1,1,Schilling has successful ankle surgery,Schilling Has Successful Ankle Surgery
train_024766,train_026157,0.9922,3,3,"SP2 Fights Worms, Has Bugs","News: SP2 Fights Worms, Has Bugs"
train_092010,train_092036,0.9062,3,3,Top Researchers Ask Web Users to Join Science Grid,Top Researchers Ask Web Users to Join Science Grid (Reuters)
train_029282,train_029285,0.9453,2,2,Report: Japan May Sanction Citibank (Reuters),Report: Japan May Sanction Citibank
train_000448,train_000533,0.9141,1,0,"Phelps, Thorpe Advance in 200 Freestyle (AP)","Phelps, Thorpe Advance in 200 Freestyle"
train_051367,train_052316,0.9922,3,3,"Save the Trees, Save the Apes, Expert Says","Save the trees, save the apes, expert says"
train_063029,train_063196,0.9609,2,2,Ford to Offer Sirius Radio as an Option in More Cars,Ford to Offer Sirius Radio as an Option in More Cars
train_071964,train_072363,0.9453,3,3,Sony launches music players with MP3 support,Sony launches music players with MP3 support
train_075434,train_075448,0.9375,3,3,"Disaster Toll Tripled in 2003 Amid Quakes, Heatwave (Reuters)","Disaster Toll Tripled in 2003 Amid Quakes, Heatwave"
train_077643,train_077729,0.9766,1,1,Boston Expects Millions at Red Sox Parade (AP),Boston Expects Millions at Red Sox Parade (AP)
train_073637,train_073705,0.9141,2,2,ATA Files for Bankruptcy,ATA Files for Bankruptcy Protection
train_073637,train_073681,0.9297,2,2,ATA Files for Bankruptcy,ATA Files for Bankruptcy
train_045171,train_045226,0.9531,3,3,Munich migrates to Linux despite EU debate (InfoWorld),Munich migrates to Linux despite EU debate
train_047679,train_047927,0.9219,0,0,U.S.-Led Forces Widen Control in Rebel Iraqi City,U.S.-Led Forces Widen Control in Rebel Iraqi City (Reuters)
train_067590,train_067622,0.9453,3,3,Beat Hackers and Learn to Spy at Italy Tech Fair (Reuters),Beat Hackers and Learn to Spy at Italy Tech Fair
train_061913,train_061977,0.9609,0,0,"Unit Refused Duty in Iraq, Military Says","Unit Refused Iraq Mission, Military Says"
train_058030,train_058051,0.9375,0,0,Sources: Body of Briton Bigley Dumped Near Baghdad (Reuters),Sources: Body of British Hostage Dumped Near Baghdad
train_095135,train_095154,0.9141,2,2,Philly Fed: Factories Slowed in November,Philly Fed: Factories Slowed in November (Reuters)
train_062846,train_071630,0.9453,2,2,Spitzer Strikes,Spitzer Strikes Again
train_117413,train_117414,0.9609,2,2,"Nikkei Drops, Exporters Hurt by Yen (Reuters)","Nikkei Drops, Exporters Hurt by Yen"
train_005857,train_005868,0.9531,1,1,Basketball: Lithuania Shoots Down United States,Lithuania Shoots Down U.S. in Men's Olympic Basketball
train_059779,train_060043,0.9453,3,3,Mobile Phones Increase Tumor Risk - Swedish Study,"Mobile Phones Increase Tumor Risk, Study Says"
train_026533,train_026575,0.9688,2,2,U.S.: High Oil Price Due to Supply Fears,U.S.: High Oil Price Due to Supply Fears
train_031277,train_031304,0.9375,2,2,U.S. Treasury Debt Prices Slip,U.S. Treasury Debt Prices Slip (Reuters)
train_024802,train_024812,0.9766,0,0,Reports May Indicate N.Korea Nuclear Test-NY Times,Reports May Indicate N.Korea Nuclear Test-NY Times (Reuters)
train_116178,train_116188,0.9219,0,0,At Least Five Dead in Another India Train Accident,At Least Five Dead in Another India Train Accident
train_076810,train_076887,0.9141,2,2,CNN to shut down its CNNfn network,Financial network to end after nine years
train_019226,train_020144,0.9766,2,2,"Nikkei Opens Higher, Lifted by Survey","Nikkei Opens Higher, Lifted by Survey"
train_011909,train_011924,0.9844,2,2,Second-Quarter GDP Is Downgraded,U.S. Second-Quarter GDP Downgraded
train_030658,train_030663,0.9375,2,2,EIA Says Heating Oil Bills to Rise (Reuters),EIA Says Heating Oil Bills to Rise
train_014201,train_014333,0.9531,2,2,"Tokyo Stocks Dip, Focus on Data","Tokyo Stocks Dip, Focus on Data"
train_036412,train_037393,0.9531,3,3,Calif. Panel Weighs Greenhouse Gas Plan for Cars,Calif. Panel Weighs Greenhouse Gas Plan for Cars (Reuters)
train_023961,train_024104,0.9609,0,0,AP Poll: Bush Holds Lead Over Kerry (AP),AP Poll: Bush Holds Slight Lead on Kerry (AP)
train_023673,train_023726,0.9453,3,3,Phone Firms Rush to Get TV on Mobile Phones (Reuters),Phone Firms Rush to Get TV on Mobile Phones
train_091724,train_091728,0.9062,3,3,Apache Geronimo readied as Java app server (InfoWorld),Apache Geronimo readied as Java app server
train_091724,train_091799,0.9688,3,3,Apache Geronimo readied as Java app server (InfoWorld),Update: Apache Geronimo readied as Java app server (InfoWorld)
train_081774,train_081881,0.9141,2,2,United Airlines Seeks Staff Concessions,United Airlines Seeks Staff Concessions (Reuters)
train_073526,train_073607,0.9531,1,1,"Federer Pulls Out; Dent, Srichaphan Lose (AP)",Federer Pulls Out of Swiss Indoors (AP)
train_087422,train_087434,0.9609,0,0,Chile Issues Report on Pinochet Torture,Chile Issues Report on Pinochet Torture (AP)
train_069743,train_069751,0.9219,2,0,"GM Europe May Create New Company, Move HQ","GM Europe May Create New Company, Move HQ (Reuters)"
train_030046,train_030052,0.9062,1,1,"Bonds 3-For-3 But No Homer, Remains at 699","Bonds 3-For-3 But No Homer, Remains at 699 (Reuters)"
train_028856,train_028866,0.9141,3,3,Airespace Wins IBM Partnership for WiFi Service,Airespace Wins IBM Partnership for WiFi Service (Reuters)
train_033984,train_034275,0.9141,3,3,AOL to Sell Secure ID Tags to Fight Hackers,AOL to Sell Secure ID Tags to Fight Hackers (Reuters)
train_036250,train_036261,0.9531,0,0,Israeli Helicopter Fires Missile in Gaza -Witnesses (Reuters),Israeli Helicopter Fires Missile in Gaza -Witnesses
train_019322,train_019361,0.9609,3,3,"Bob Evans, mainframe pioneer, dies at 77","Bob Evans, IBM mainframe pioneer, dies at 77"
train_018207,train_026281,0.9062,0,0,Ukraine Still in Turmoil Despite Concessions,No End Yet to Ukraine Turmoil Despite Concessions
train_021584,train_022215,0.9375,2,2,Ion Appoints Outside Managers After Banks Cut Credit (Update4),Ion Appoints Outside Managers After Banks Cut Credit (Update3)
train_068501,train_072934,0.9297,1,1,Lincicome: Woe are the Red Sox? Maybe next week,Woe are the Red Sox? maybe next week
train_018622,train_115310,0.9297,2,2,Interest rates on short-term T-bills mixed,Rates mixed on T-bills
train_094490,train_094545,0.9844,1,1,NBA Wrap: Returning Trio Help Pistons End Skid,NBA Wrap: Returning Trio Help Pistons End Losing Skid
train_073090,train_073277,0.9609,2,2,Marsh to Scrap Fees Spitzer Faulted,Marsh to Scrap Fees Spitzer Faulted
train_002181,train_002227,0.9766,1,1,Still No Movement in N.H.L. labor Talks,Still No Movement in N.H.L. Labor Talks
train_112832,train_113140,0.9922,1,1,Diamondbacks Keep Busy; Ortiz Heading Home,Diamondbacks Keep Busy; Ortiz Heading Home
train_053441,train_053460,0.9219,2,2,"Oil Hits $53 on Winter Worries, Nigeria","Oil Hits $53 on Winter Worries, Nigeria"
train_038016,train_038086,0.9141,3,3,Sony to Launch Latest Gran Turismo Software in Dec,Sony to Launch Latest Gran Turismo Software in Dec (Reuters)
train_021196,train_021563,0.9062,3,3,"Netflix, TiVo Aim to Offer Online Service (AP)","Netflix, TiVo Aim to Offer Online Service"
train_019238,train_020610,1.0,3,3,Back-To-School Shopping Now Includes Electronics,Back-To-School Now Includes Electronics
train_062968,train_062970,0.9922,0,2,Tokyo Stocks Seen Moving Little (Reuters),Tokyo Stocks Seen Moving Little
train_091885,train_091915,0.9297,2,2,SEC Charges Black with Fraud,SEC Charges Black with Fraud (Reuters)
train_039520,train_039532,0.9453,0,0,Egypt's Mufti Approves Synchronized Call to Prayer,Egypt's Mufti Approves Synchronized Call to Prayer
train_081264,train_081283,0.9062,3,3,Mystery behind the origin of cosmic rays unravelled,Mystery behind the origin of cosmic rays unraveled
train_037488,train_037558,0.9141,0,0,U.S. Worries Over Election Terror Threat,U.S. Worries Over Election Terror Threat
train_011484,train_015661,0.9375,2,2,"Lenovo, IBM may soon reveal PC unit deal","Lenovo, IBM May Soon Reveal PC Unit Deal"
train_116799,train_116822,0.9453,0,0,Body of Turk Engineer Found in Afghanistan,Body of Turk Engineer Found in Afghanistan (AP)
train_015092,train_015634,0.9062,3,3,Microsoft Taking on Apple's Music Store (AP),Microsoft Taking on Apple's Music Store
train_047513,train_047536,0.9531,0,0,Blair's Exit Strategy Sparks Succession Fever,Blair's Exit Strategy Sparks Succession Fever (Reuters)
train_027549,train_027616,0.9531,3,3,A Game Boy for $200?,The new Game Boy for $200?
train_088592,train_088758,0.9688,2,3,Laptops drive Dell profits boost,Laptops drive Dell profits boost
train_042998,train_043178,0.9688,2,2,Cendant Near Deal to Buy Orbitz,Cendant Near Deal to Buy Orbitz -Source
train_008379,train_008689,0.9297,2,3,RealNetworks to offer discounted music,RealNetworks to Offer Discounted Music
train_008379,train_008488,0.9297,2,2,RealNetworks to offer discounted music,RealNetworks offers discounts to students
train_086264,train_086375,0.9531,2,2,Dollar Edges Up After Euro Talked Down,Dollar Edges Up After Euro Talked Down
train_096850,train_096918,0.9844,1,1,Santa Clara Shocks 4th-Ranked North Carolina,Santa Clara Shocks 4th-Ranked North Carolina
train_044192,train_045160,0.9453,3,3,Toxic Algae Bloom Seen Off Washington State Coast,Toxic Algae Bloom Seen Off Washington State Coast (Reuters)
train_104040,train_104131,0.9609,3,3,Toshiba Wins Support for HD DVD from 4 Film Studios (Reuters),Toshiba Wins Support for HD DVD from 4 Film Studios
train_004697,train_005086,0.9609,2,2,US: Time Running Out in Airbus-Boeing Row,US: Time Running Out in Airbus-Boeing Row (Reuters)
train_104809,train_104820,0.9141,0,3,"Officials Stumped by Australia, NZ Whale Beachings","Officials Stumped by Australia, NZ Whale Beachings (Reuters)"
train_020633,train_020668,0.9766,2,2,"Oil Extends Falls, Supply Fears Lessen","Oil Extends Falls, Supply Fears Lessen (Reuters)"
train_069218,train_069346,0.9062,2,2,Marsh Stock Jumps on Talk of CEO Change,Marsh Stock Jumps on Talk of CEO Change (Reuters)
train_024731,train_024749,0.9297,1,1,NL Wrap: Cubs Rally to Beat Marlins (Reuters),NL Wrap: Cubs Rally to Beat Marlins
train_071332,train_071333,0.9375,2,2,Oil Scales New High as Norway Strike Hits,Oil Scales New High as Norway Strike Hits (Reuters)
train_019004,train_019852,0.9219,2,0,"ASEAN, Australia, N.Zealand See 2007 Deal","ASEAN, Australia, N.Zealand See 2007 Deal"
train_036768,train_036842,0.9062,2,2,Suit Alleges Racial Bias Against Wal-Mart (AP),Suit Alleges Racial Bias Against Wal-Mart
train_118711,train_118733,0.9688,0,0,EU Expects Turkey to Initial Deal on Cyprus Friday,EU Expects Turkey to Initial Deal on Cyprus Friday
train_053905,train_053953,0.9531,1,1,The Red Sox Are Passing Baseball's Chemistry Test,The Red Sox Are Passing Baseball's Chemistry Test
train_025502,train_025514,0.9297,1,1,Gibbs Returns with Win as Redskins Edge Buccaneers (Reuters),Gibbs Returns with Win as Redskins Edge Buccaneers
train_093764,train_093776,0.9453,0,0,Palestinians Head to Paris to Probe Arafat's Death,Palestinians Head to Paris to Probe Arafat's Death
train_049031,train_049125,0.9062,2,2,PeopleSoft Sees Revenue Above Views (Reuters),PeopleSoft Sees Revenue Above Views
train_011069,train_014724,0.9531,3,3,"Intel updates wireless chips, software","Intel updates Centrino wireless chips, software"
train_116552,train_116579,0.9062,0,0,Australia Warns of Possible Indonesia Hotel Attack (Reuters),Australia Warns of Possible Indonesia Hotel Attack
train_065642,train_065665,0.9375,3,3,Toshiba to Launch HD DVD Notebook PCs in Q4 2005 (Reuters),Toshiba to Launch HD DVD Notebook PCs in Q4 2005
train_065642,train_065648,0.9375,3,3,Toshiba to Launch HD DVD Notebook PCs in Q4 2005 (Reuters),Toshiba to Launch HD DVD Notebook PCs in Q4 2005
train_053799,train_053803,0.9453,3,3,Photo 2 of 8: Global gamers clash for cash,Photo 7 of 8: Global gamers clash for cash
train_053799,train_053805,0.9609,3,3,Photo 2 of 8: Global gamers clash for cash,Photo 4 of 8: Global gamers clash for cash
train_053799,train_053801,0.9688,3,3,Photo 2 of 8: Global gamers clash for cash,Photo 6 of 8: Global gamers clash for cash
train_053799,train_053800,0.9531,3,3,Photo 2 of 8: Global gamers clash for cash,Photo 5 of 8: Global gamers clash for cash
train_006787,train_007339,0.9297,1,1,AL Wrap: Molina Leads Angels to Sweep of Yankees,A.L. Wrap: Molina Leads Angels to Sweep of Yankees
train_072433,train_072545,0.9609,2,2,Murdoch Wins Vote to Shift News Corp.,Murdoch Wins Vote to Shift News Corp.
train_072333,train_072421,0.9688,1,1,Upset Loss Costs Zook His Job at Florida,Upset Loss Costs Zook His Job at Florida
train_086297,train_086402,0.9766,2,3,Digital Subscribers Help Cablevision Cut Loss,Digital Subscribers Help Cablevision Cut Loss
train_106836,train_106861,0.9141,1,1,"No. 22 Alabama 114, East Tennessee St. 77",No. 22 Alabama Tops East Tennessee State
train_056515,train_056539,0.9297,2,2,Dollar Steadies After Fall on Jobs,Dollar Steadies After Fall on Jobs (Reuters)
train_077194,train_077443,0.9531,2,2,"Bristol-Myers Profit Down, So Are Shares","Bristol-Myers Profit Lower, So Are Shares"
train_001219,train_001228,0.9531,2,2,A Texan's Race for the House That Could Lead to the F.C.C.,A Texan's Race Could Lead to the F.C.C.
train_118120,train_118286,0.9609,2,2,Symantec to Buy Veritas for $13.5 Billion,Symantec to Buy Veritas for $13.5 Billion
train_025916,train_025945,0.9688,3,3,Array of Innovations at Mobile Tech Show,Array of Cool Innovations Showcased at Mobile Tech Show
train_118028,train_118645,0.9297,0,0,"Saddam, Defense Lawyer Meet for 1st Time (AP)","Hussein, Defense Lawyer Meet for 1st Time"
train_085714,train_085726,0.9922,2,2,Oil Price Dive Deepens as Supplies Swell,Oil Price Dive Deepens as Supplies Swell
train_097161,train_097183,0.9609,2,2,Identity Theft Woes Grow for Consumers,Identity Theft Woes Grow for Consumers (Reuters)
train_010825,train_011083,0.9062,0,0,"Darfur Rebels Say Power Deal First, Disarming Later","Darfur Rebels Say Power Deal First, Disarming Later"
train_077391,train_077496,0.9766,3,3,Secret Service Busts Cyber Gangs,Secret Service Busts Cyber Gangs
train_055525,train_055537,0.9141,1,1,England captain Beckham breaks a rib,England Captain Beckham Breaks a Rib (AP)
train_093585,train_093943,0.9688,3,3,Seagate ships 400GB PC hard disk drive,Seagate ships 400GB PC hard disk drive
train_053800,train_053803,0.9297,3,3,Photo 5 of 8: Global gamers clash for cash,Photo 7 of 8: Global gamers clash for cash
train_053800,train_053805,0.9453,3,3,Photo 5 of 8: Global gamers clash for cash,Photo 4 of 8: Global gamers clash for cash
train_053800,train_053801,0.9609,3,3,Photo 5 of 8: Global gamers clash for cash,Photo 6 of 8: Global gamers clash for cash
train_000533,train_000582,0.9609,0,0,"Phelps, Thorpe Advance in 200 Freestyle","Phelps, Rival Thorpe in 200M-Free Semis"
train_010995,train_010997,0.9609,3,3,Black Eyed Peas to Produce Music for 'Urbz' Game,Black Eyed Peas to Produce Music for 'Urbz' Game (Reuters)
train_032605,train_032733,0.9297,0,0,14 People Hurt in Bomb Blast at Turkish Concert,14 people hurt in bomb blast at Turkish concert
train_036648,train_036659,0.9688,1,1,Keane on assault charge,Keane on assault charge
train_057202,train_057232,0.9453,0,0,EU Ends Libya Sanctions Despite Bulgaria Worries (Reuters),EU Ends Libya Sanctions Despite Bulgaria Worries
train_045438,train_045513,0.9609,3,3,"AT T, Vonage Cut Prices on Internet Calling","AT T, Vonage Cut Prices on Internet Calling"
train_067946,train_067974,0.9922,3,3,Two IBM services units acquired by GXS owners,Two IBM services units acquired by GXS owner
train_026876,train_027110,0.9141,3,3,Sony Closer to Content/Gadget Vision with MGM Deal,MGM Deal Brings Sony Closer to Its Vision
train_021043,train_021151,0.9297,2,2,"Invesco, AIM Agree to $450 Mln Settlement","Invesco, AIM Agree to $450 Mln Settlement (Reuters)"
train_094241,train_094324,0.9062,0,1,Brazil Upset in Ecuador; China Eliminated,Brazil Upset in Ecuador; China Eliminated (AP)
train_040578,train_040620,0.9531,0,0,Threats trail man organizing Gaza withdrawal,Threats trail man organizing Gaza withdrawal
train_077029,train_077088,0.9609,2,2,Avon Profit Up on International Sales,Avon Profit Rises on International Sales
train_078897,train_078906,0.9922,0,0,Deadline Set for Hostages in Afghanistan,Friday deadline set for hostages in Afghanistan
train_065525,train_065960,0.9219,3,3,Intel CEO: Candidates Ignore Tech Debate (AP),Intel CEO: Candidates Ignore Tech Debate
train_080020,train_080107,0.9297,2,2,Gateway to repurchase stock from America Online,Computer maker Gateway to repurchase stock from America Online
train_063816,train_063899,0.9531,2,2,"UPDATE 2-Star Gas suspends payout, may seek bankruptcy","UPDATE 3-Star Gas suspends payout, may seek bankruptcy"
train_087990,train_088097,0.9453,0,0,"After Arafat Death, Sharon Vows to Pursue Gaza Plan","After Arafat Death, Sharon Vows to Pursue Gaza Plan (Reuters)"
train_081878,train_082358,0.9141,3,3,Trio of Hot New Games Victimized by Piracy (AP),Trio of Hot New Games Victimized by Piracy
train_081878,train_084758,0.9922,3,3,Trio of Hot New Games Victimized by Piracy (AP),Trio of New Games Victimized by Piracy (AP)
train_058783,train_058784,0.9688,3,3,Picture 6 of 8: Microsoft's new Media Center push,Picture 8 of 8: Microsoft's new Media Center push
train_061879,train_061975,0.9844,2,2,Pfizer Warns of Risks From Its Painkiller,Pfizer Warns of Risks From Its Painkiller
train_093034,train_093947,0.9609,2,3,Motorola to acquire MeshNetworks,Update: Motorola to acquire MeshNetworks
train_096289,train_096292,0.9531,2,2,Greenspan Rate Warning Spooks Treasuries (Reuters),Greenspan Rate Warning Spooks Treasuries
train_108080,train_108081,0.9688,0,0,Documents Show CIA Knew of Venezuela Coup,CIA Documents: U.S. Knew of Venezuela Coup
train_063308,train_063310,0.9922,1,1,The dream stays alive,The dream stays alive
train_039961,train_039989,0.9453,3,3,Savvy Web Surfers Catch New Wave of Browsers,Savvy Web Surfers Catch New Wave of Browsers (Reuters)
train_072280,train_072283,0.9766,2,0,Rebound in Banks Helps Nikkei Stabilize,Rebound in Banks Helps Nikkei Stabilize (Reuters)
train_013302,train_013427,0.9609,3,3,Kerry Debate Shows Fickleness of Memories (AP),Kerry Debate May Show Fickleness of Memory (AP)
train_074825,train_075089,0.9219,3,3,Yahoo search goes mobile,Yahoo Search Goes Mobile
train_105128,train_105134,0.9453,0,0,Ukraine's Isolated PM Repeats Offer to Opposition (Reuters),Ukraine's Isolated PM Repeats Offer to Opposition
train_040559,train_040683,0.9062,3,3,India's unmanned moon mission going smoothly: official,India's unmanned moon mission going smoothly: official
train_061582,train_061586,0.9375,0,0,FDA Orders Strong Antidepressant Warnings,FDA Orders Strong Antidepressant Warnings
train_106362,train_106485,0.9766,3,3,Lycos Antispam Screensaver Draws Fire,Lycos' anti-spam screensaver draws fire
train_090431,train_090436,0.9531,0,0,Kidnappers Free Women Relatives of Iraqi PM -TV (Reuters),Kidnappers Free Women Relatives of Iraqi PM -TV
train_066450,train_066589,0.9766,2,2,Siebel Systems Posts Quarterly Profit,Siebel Systems Posts Profit
train_003697,train_003833,0.9688,1,0,Harris' pinch double off Gagne leads Marlins past Dodgers,Harris' Double Leads Marlins Past Dodgers
train_094011,train_094032,0.9688,2,2,KMart to Buy Sears in $11.5 Billion Deal,Kmart to Buy Sears in $11.5 Billion Deal
train_110554,train_110569,0.9766,1,1,Harrison signs new $66 million deal with Colts,Harrison signs $66M deal with Colts
train_075662,train_108606,0.9688,3,3,Former cybersecurity czar: Code-checking tools needed,Former cybersecurity czar: Code-checking tools needed
train_111748,train_111796,0.9531,2,2,"Dollar Inches Up, Market Eyes Fed, Tankan (Reuters)","Dollar Inches Up, Market Eyes Fed, Tankan"
train_070636,train_079404,0.9688,2,2,"Startup no more, Netflix girds for DVD rental price war","Startup no more, Netflix girds for DVD rental price war"
train_070636,train_070697,0.9844,2,2,"Startup no more, Netflix girds for DVD rental price war",Netflix Girds for DVD Rental Price War
train_011047,train_011052,0.9453,2,2,American to Test Onboard Food Sales (Reuters),American to Test Onboard Food Sales
train_003207,train_109250,0.9297,0,0,"Soldier, 4 Militants Die in Renewed Gaza Fighting","Soldier, 4 Militants Die in Renewed Gaza Fighting"
train_061107,train_070785,0.9453,3,3,PluggedIn: Mobile Operators Seek Higher Sound Quality,Mobile Operators Seek Higher Sound Quality
train_085460,train_085498,0.9297,0,0,Bomb Explosion in Nepal's Capital Wounds 38,Bomb Explosion in Nepal's Capital Wounds 38 (Reuters)
train_006016,train_006028,0.9766,2,2,McDonald's: CEO Resting After New Surgery,McDonald's: CEO Resting After New Surgery
train_017633,train_017702,0.9297,2,2,Oil Holds Firm as Dealers Digest Iraq,Oil Holds Firm as Dealers Digest Iraq
train_017633,train_017690,0.9375,2,2,Oil Holds Firm as Dealers Digest Iraq,Oil Firm as Dealers Digest Iraq Sabotage
train_077620,train_077639,0.9531,3,3,Sources: Sony Eyes File-Sharing Venture,Sources: Sony Eyes File-Sharing Venture
train_069684,train_069820,0.9688,2,2,Saboteurs Bomb Iraqi Pipelines to Baghdad,Saboteurs Bomb Iraqi Pipelines to Baghdad
train_116277,train_116310,0.9453,3,0,Mexican Lawmakers Approve Controversial GM Law (Reuters),Mexican Lawmakers Approve Controversial GM Law
train_090430,train_091030,0.9219,3,3,Trial Shows How Spammers Operate (AP),Trial Shows How Spammers Operate
train_014253,train_014300,0.9297,2,2,Credit Suisse to Move to One Brand Name,Credit Suisse to Move to One Brand Name (Reuters)
train_044086,train_044133,0.9297,2,2,Oil Ends Below $50 on Nigerian Ceasefire,Oil Ends Below $50 on Nigerian Ceasefire
train_044086,train_044516,0.9375,2,2,Oil Ends Below $50 on Nigerian Ceasefire,Oil Ends Below $50 on Nigerian Cease-Fire (Reuters)
train_044086,train_044129,0.9922,2,2,Oil Ends Below $50 on Nigerian Ceasefire,Oil Ends Below $50 on Nigerian Cease-Fire
train_068012,train_068152,0.9141,2,2,"Amazon Posts Profit, Outlook Disappoints (Reuters)","Amazon Posts Profit, Outlook Disappoints (Reuters)"
train_018702,train_018725,0.9375,2,2,Slowing Housing Market May Stir Inflation,Slowing Housing Market May Stir Inflation (Reuters)
train_115807,train_115878,0.9609,2,2,Trade Gap Widens to Record $55.5 Billion,"Trade Gap Widens, Industrial Output Up"
train_067703,train_067746,0.9219,1,1,"Start Spreading the News, New York Loses to Red Sox","Start Spreading the News, New York Loses to Red Sox"
train_052958,train_052985,0.9141,2,2,Oil prices reach new record highs past 52 dollars,Oil prices reach new record highs past 52 dollars
train_009836,train_009917,0.9609,2,2,Washington Post Editor Stepping Down,Washington Post Managing Editor Stepping Down
train_055362,train_055373,0.9219,3,3,Hollywood Asks Top Court to Weigh File Trading,Hollywood Asks Top Court to Weigh File Trading (Reuters)
train_002631,train_002779,0.9766,2,2,Google Slashes the Size of Its IPO,Google Slashes IPO's Size
train_002631,train_002855,0.9219,2,2,Google Slashes the Size of Its IPO,"Google Slashes IPO, SEC OK Expected Today"
train_063120,train_063325,0.9062,1,1,Els Wins World Match Play Title,Els gets a grand birthday present
train_053142,train_053276,0.9531,2,2,EU-US Plane Fight May Turn to Peace Deal,EU-US Plane Fight May Find Peaceful Deal
train_026058,train_026298,0.9141,2,2,Oil Up $1 as Hurricane Ivan Threatens,Oil Up a Dollar as Ivan Threatens
train_006834,train_006863,0.9141,1,1,NL Wrap: Ramirez Lifts Cubs Over Astros After Wood Exit,NL Wrap: Ramirez Lifts Cubs Over Astros After Wood Exit
train_006834,train_007413,0.9297,1,1,NL Wrap: Ramirez Lifts Cubs Over Astros After Wood Exit,N.L. Wrap: Ramirez Lifts Cubs Over the Astros
train_063108,train_063557,0.9766,2,3,Liberal Praise Drawn From Unlikely Source,Liberal Praise Drawn From Unlikely Source
train_011973,train_012032,0.9219,3,3,Big shuttle repairs not possible,Big shuttle repairs not possible
train_085728,train_085824,0.9531,3,3,"Photos: Halo 2, the adventure begins","Photos: 'Halo 2,' the adventure begins"
train_034471,train_034551,0.9453,3,3,"Nintendo, Sony Square Off in Handheld Game Market (Reuters)","Nintendo, Sony Square Off in Handheld Game Market"
train_068690,train_068722,0.9297,3,3,EU to Rule on Oracle's Bid for PeopleSoft (AP),EU to Rule Tuesday on Oracle's Bid for PeopleSoft
train_092807,train_092813,0.9375,0,0,Bush Tries to Help U.S. Firms Invest in Libya,Bush Tries to Help U.S. Firms Invest in Libya (Reuters)
train_067628,train_067695,0.9688,3,3,IBM expands China research site in mid-market push,IBM expands China research site in midmarket push
train_110068,train_110335,0.9219,2,2,"Toro Earnings Rise, Dividend Doubled",Toro Earnings Rise; Dividend Doubled
train_021771,train_022793,0.9453,2,2,Bill Clinton Helps Launch Search Engine,Bill Clinton Helps Launch Search Engine
train_021771,train_022738,0.9375,2,3,Bill Clinton Helps Launch Search Engine,Bill Clinton Helps Launch Search Engine (AP)
train_012203,train_012318,0.9141,0,0,Stocks Up Despite Sluggish GDP Reading,Stocks Climb on GDP Reading in 2Q
train_050947,train_050997,0.9453,3,3,AT T looks into closing Windows,AT T looks into closing its Windows
train_045413,train_045607,0.9922,2,2,General Mills Cereals All Going Whole Grain,General Mills Cereals Going Whole Grain
train_110811,train_110942,0.9688,2,2,Oil Prices Rise for Second Day in a Row,Oil Prices Rise for Second Day in a Row
train_089008,train_089016,0.9062,2,2,Consumer Sentiment Improves in November,Consumers More Upbeat in Early November
train_005013,train_005018,0.9219,0,0,Japan Court Ex-Chess Champ Fischer Can Be Deported (Reuters),Japan Court Ex-Chess Champ Fischer Can Be Deported
train_077151,train_077476,0.9375,0,0,Ukraine challenger predicts mass cheating in vote,Ukraine Challenger Predicts Mass Cheating in Vote
train_012310,train_012319,0.9219,1,0,Argentina Completes Dream Team's Downfall (AP),Argentina Completes Dream Team's Downfall
train_112757,train_113199,0.9062,3,3,"Sprint, Nextel Stocks Up on Merger Reports (AP)","Sprint, Nextel Reportedly to Merge (AP)"
train_017161,train_017309,0.9297,1,1,"Lockout Looms as NHL, Players' Union Deadlocked","Lockout Looms as NHL, Players' Union Deadlocked"
train_008972,train_009101,0.9453,3,3,Polish Cops Bust 100-Member Computer Piracy Gang,Polish Cops Bust 100-Member Computer Piracy Gang
train_008972,train_009152,0.9375,3,3,Polish Cops Bust 100-Member Computer Piracy Gang,Polish Cops Bust 100-Member Computer Piracy Gang (Reuters)
train_091298,train_091616,0.9609,2,2,Ex-Boeing CFO Pleads Guilty,Former Boeing CFO Pleads Guilty
train_012435,train_012639,0.9922,3,3,Microsoft to Release New Windows in '06 (AP),Microsoft to Release Next Windows in '06 (AP)
train_018365,train_018426,0.9297,0,0,Suicide Car Bomb in Iraq's Kirkuk Kills 17 - Police,Suicide Car Bomb in Iraq's Kirkuk Kills 17 - Police
train_002113,train_003104,0.9688,3,3,"Charley Shows Progress, Pitfalls in Forecasting (Reuters)","CORRECTED: Charley Shows Progress, Pitfalls in Forecasting (Reuters)"
train_088867,train_088972,1.0,0,0,Hopes for Eid Solution to Afghan Hostage Crisis,Hopes for Solution to Afghan Hostage Crisis
train_005800,train_006048,0.9609,0,0,Latin America on Alert for Terror,Al-Qaida Said to Recruit in Latin America
train_080272,train_085735,0.9297,1,1,Pistons 87 Rockets 79,Tuesday's NBA summary
train_043587,train_043589,0.9609,2,2,Relief for Euro Disney; Challenges Loom (Reuters),Relief for Euro Disney; Challenges Loom
train_052066,train_052344,0.9688,3,0,House Passes DNA Testing Bill (AP),House Passes DNA Testing Bill (AP)
train_068396,train_068425,0.9609,2,2,China's economic boom slows down,China's economic boom slows down
train_068396,train_068422,0.9062,2,0,China's economic boom slows down,China's economic boom slows down
train_089403,train_089451,0.9453,3,3,"Interview: Dell's Rollins lays out a road map, from services to AMD","Interview: Dell's Rollins lays out a road map, from services to AMD (InfoWorld)"
train_070997,train_071356,0.9141,1,1,Baseball-Schilling Gives Red Sox 2-0 World Series Lead,Schilling Gives Red Sox 2-0 World Series Lead
train_070997,train_071018,0.9688,1,1,Baseball-Schilling Gives Red Sox 2-0 World Series Lead,Baseball-Schilling Gives Red Sox 2-0 World Series Lead
train_107502,train_108204,0.9141,3,3,Comcast Plans Music Video-Web Offering (AP),Comcast Plans Music Video-Web Offering
train_057204,train_057214,0.9219,2,0,DirecTV Consolidates LatAm Satellite Ops,DirecTV Consolidates LatAm Satellite Ops
train_034253,train_034556,0.9375,3,3,Ask Jeeves Hoping to Outshine Google (AP),Ask Jeeves Hoping to Outshine Google
train_008215,train_008217,0.9609,0,0,"Taiwan Braces for Typhoon Aere, Markets Close (Reuters)","Taiwan Braces for Typhoon Aere, Markets Close"
train_078579,train_078587,0.9766,1,1,Schilling delivers for Bush; team execs shill for Kerry,Schilling delivers for Bush; team execs shill for Kerry
train_069040,train_071668,0.9219,3,3,AMD offering blueprint for $249 PC,AMD offering blueprint for $185 PC
train_064879,train_064884,0.9141,2,2,McDonald's Profits In-Line with Estimates (Reuters),McDonald's Profits In-Line with Estimates
train_059212,train_059541,0.9531,3,3,EU Expands Probe Into Intel Favortism,Update 5: EU Expands Probe Into Intel Favortism
train_068787,train_068791,0.9453,0,0,EU Set to Announce Funding for AU Darfur Force (Reuters),EU Set to Announce Funding for AU Darfur Force
train_065432,train_065884,0.9062,3,3,Update 1: Microsoft to Debut 'Istanbul' Application,Microsoft to Debut 'Istanbul' Application
train_062867,train_062875,0.9219,0,0,Settlers Say Gaza Meeting with Sharon a 'Disgrace' (Reuters),Settlers Say Gaza Meeting with Sharon a 'Disgrace'
train_093843,train_093853,0.9766,0,0,"US Pounds Falluja Diehards, Violence in North","U.S. Pounds Falluja Diehards, Violence in North"
train_051142,train_051553,0.9062,3,3,Satellite Mishap Blamed on Human Error (AP),Satellite Mishap Blamed on Human Error
train_031990,train_032366,0.9453,0,0,"Fear keeps Darfur people in camps or town, says UK minister (AFP)",Fear keeps Darfur people in camps or town: British minister (AFP)
train_005371,train_005380,0.9141,2,2,Ex-Enron CEO Seeks Separate Trial,Ex-Enron CEO Seeks Separate Trial (Reuters)
train_060392,train_060524,0.9453,2,2,NY AG to Sue Insurers for Manipulation,NY to Sue Some Insurers for Manipulation
train_041469,train_041521,0.9297,1,1,Charlton climb to seventh with 1-0 win over Blackburn,UPDATE 1-Charlton climb to seventh with 1-0 win
train_006062,train_006065,0.9297,0,0,Two French Journalists Missing in Iraq - Ministry (Reuters),Two French Journalists Missing in Iraq - Ministry
train_051971,train_051976,0.9062,3,3,Google Steals a Page from Amazon's Book Search (Reuters),Google Steals a Page from Amazon's Book Search
train_089212,train_089545,0.9531,3,2,Novell Files Additional Antitrust Suit Against Microsoft,Novell Files Another Suit Against Microsoft
train_029288,train_029489,0.9766,1,1,Big Unit Becomes All-Time Lefty Strikeout King,Arizona's Johnson Becomes All-Time Lefty Strikeout King
train_000606,train_000653,0.9609,0,0,Venezuelans Throng to Polls in Chavez Referendum,Venezuela Voters Crowd Polls in Chavez Referendum
train_062173,train_062183,0.9609,0,0,India's Congress Wins Polls in Key Industrial State,India's Congress Wins Polls in Key Industrial State (Reuters)
train_060872,train_060873,0.9453,3,3,Screenshot 4 of 4: Google Desktop Search tool,Screenshot 3 of 4: Google Desktop Search tool
train_060872,train_060874,0.9453,3,3,Screenshot 4 of 4: Google Desktop Search tool,Screenshot 1 of 4: Google Desktop Search tool
train_054543,train_054797,0.9141,2,2,Investcorp to buy Thomson Media for $350M,Investcorp to buy Thomson Media for $350M
train_024467,train_024815,0.9219,0,0,Australia: Second Cell Poised for Indonesia Attack,Australia: Second Cell Poised for Indonesia Attack (Reuters)
train_073663,train_073778,0.9844,1,1,Foster to Miss Four to Six Weeks (AP),Pacers' Foster to Miss Four to Six Weeks (AP)
train_067723,train_068404,0.9453,3,3,Ancient baby bird fossil found in China,Ancient bird fossil found
train_049938,train_049942,0.9531,2,2,"Visa, MasterCard Lose Supreme Court Appeal","Visa, MasterCard Lose Supreme Court Appeal"
train_105588,train_105619,0.9297,3,3,Lycos Offers Program to Attack Spammers (AP),Lycos Offers Program to Attack Spammers
train_046150,train_046153,0.9766,0,0,Blair to Undergo 'Routine' Heart Procedure,Blair to Undergo 'Routine' Heart Procedure
train_032168,train_032169,0.9688,0,2,Japan Shares Seen Moving in Narrow Range (Reuters),Japan Shares Seen Moving in Narrow Range
train_026590,train_026596,0.9297,2,2,U.S. Company Hiring Seen Up from Year Ago (Reuters),U.S. Company Hiring Seen Up from Year Ago
train_038206,train_038620,0.9141,2,2,ID Biomedical Gets U.S. Flu Drug Deal (Reuters),ID Biomedical Gets U.S. Flu Drug Deal
train_095584,train_095597,0.9766,1,1,No. 19 North Carolina State Pounds Elon,No. 19 North Carolina State Pounds Elon
train_052088,train_052121,0.9609,2,2,Colombia Eyes Banks in Drug Money Hunt,Colombia Eyes Banks in Drug Money Hunt (Reuters)
train_028498,train_028519,0.9375,2,2,OPEC Lifts Oil Quotas,OPEC Lifts Oil Quotas to Drop Crude Price
train_041809,train_041954,0.9219,2,2,"Union, D.C. Hotels Recess Negotiations","Union, DC Hotels Recess Negotiations"
train_071989,train_072104,0.9844,2,2,Flextronics Has Profit; Stock Lower,Flextronics Has Profit; Stock Lower
train_074052,train_074065,0.9766,0,0,India test-fires nuclear-capable ballistic missile (AFP),India test-fires nuclear-capable ballistic missile (AFP)
train_100651,train_100687,0.9453,2,2,Sirius Shares Fall on Analyst Downgrade,Sirius Shares Fall on Analyst Downgrade
train_010066,train_010190,0.9688,1,1,NL Wrap: Patterson's Homer Keeps Cubs in NL Wildcard Lead,NL Wrap: Patterson Homer Keeps Cubs in NL Wildcard Lead
train_039601,train_039976,0.9844,0,0,Soldier Blogs Detail Life in Iraq,Soldiers' War Blogs Detail Life in Iraq
train_080749,train_080787,0.9375,2,2,Update 1: Orbitz Profit Soars on Revenue Surge,Orbitz Profit Soars on Revenue Surge
train_047794,train_047797,0.9219,0,0,Ariel Sharon Calls for Expansion of Army's Gaza Raid (Reuters),Ariel Sharon Calls for Expansion of Army's Gaza Raid
train_114117,train_114145,0.9219,2,2,China to Impose Tariffs on Some Textiles,China to Impose Tariffs on Some Textiles (Reuters)
train_072369,train_072375,0.9297,2,2,Asian Shares Edge Up as Oil Eases,Asian Shares Edge Up as Oil Eases (Reuters)
train_003022,train_003321,1.0,1,1,Toronto Raptors Sign Center Loren Woods (AP),Raptors Sign Center Loren Woods (AP)
train_038011,train_038075,0.9531,0,2,Airbus Drops Microsoft Ruling Objections (Reuters),Airbus Drops Microsoft Ruling Objections
train_113448,train_113880,0.9453,3,3,Sony PSP Draws Crowds and Lines on First Day (Reuters),Sony PSP Draws Crowds and Lines on First Day
train_037312,train_037395,0.9141,2,2,Bush Set to Open Oil Reserve Spigot,Bush Set to Open Oil Reserve Spigot
train_033849,train_034610,0.9531,3,3,Terror Attacks Spur Israel Road Deaths Spike-Study,Terror Attacks Spur Israel Road Deaths Spike-Study (Reuters)
train_081334,train_081914,0.9062,3,3,Scientists Close in on Source of Cosmic Rays,Scientists Close in on Source of Cosmic Rays (Reuters)
train_075265,train_107076,0.9141,0,0,Philippine flood victims lose hope as storm nears,Philippine Flood Victims Lose Hope as Storm Nears (Reuters)
train_010118,train_011554,0.9922,3,3,"U.S. Searches Computers, Trying to Disrupt Piracy","U.S. Searches Computers, Trying to Disrupt Piracy"
train_095938,train_096113,0.9062,0,0,Venezuela Govt. Believes Car Blast Kills Prosecutor,Venezuela Govt. Believes Car Blast Kills Prosecutor
train_018688,train_018689,0.9531,1,1,NL Wrap: Giants Rally for Big Win (Reuters),NL Wrap: Giants Rally for Big Win
train_071572,train_071930,0.9219,3,3,Astronaut candidates taste of zero gravity,Astronaut Candidates Taste Zero G
train_029069,train_029129,0.9688,2,2,Dollar Firm After Upbeat U.S. Data,Dollar Firm After Upbeat U.S. Data (Reuters)
train_072925,train_072992,0.9219,2,2,FCC Approves Cingular's AT T Wireless Bid,FCC OKs Cingular Bid for AT T Wireless
train_085392,train_085448,0.9531,0,0,Iran Says Can Mass Produce Medium-Range Missiles,Iran Says Can Mass Produce Medium-Range Missiles (Reuters)
train_102964,train_102965,0.9297,1,1,NBA Wrap: James Sets New Milestone as Cavaliers Keep Winning (Reuters),NBA Wrap: James Sets New Milestone as Cavaliers Keep Winning
train_025956,train_026545,0.9766,2,2,Stocks Slightly Higher as Profit Worries Ease,Stocks End Slightly Higher as Profit Worries Ease
train_025089,train_025101,0.9453,0,0,Pakistani Forces Attack Militant Hideouts; 10 Killed,Pakistani Forces Attack Militant Hideouts; 10 Killed (Reuters)
train_043211,train_044594,0.9688,2,3,"Google Shares, Once Devalued, Just May Be Winners After All",Google Shares Just May Be Winners After All
train_074053,train_108982,0.9141,2,2,The Tax Man May Bite,The Tax Man May Take a Bite
train_075976,train_076366,0.9766,2,2,Exxon Mobil Profit Up 56 Percent,Exxon Mobil Profit Soars
train_042285,train_042405,0.9062,3,3,Anti-Spam Effort Killed Amid Patent Row,Microsoft's Anti-Spam Effort Killed Amid Patent Row
train_045501,train_045544,0.9453,2,2,Oil Ends Up as Nigeria Worries Persist,Oil Ends Up as Nigeria Worries Persist
train_102558,train_102621,0.9453,1,1,Johnson Set for New York Yankees Trade,Johnson Set for New York Yankees Trade (Reuters)
train_105848,train_105906,0.9531,0,0,International Mediators Try to End Ukraine Crisis,International Mediators Try to End Ukraine Crisis (Reuters)
train_105848,train_105998,0.9922,0,0,International Mediators Try to End Ukraine Crisis,International Mediators Try to End Ukraine Crisis
train_047496,train_047554,0.9531,0,0,"U.S., Iraqis Battle Resistance in Samarra","U.S., Iraqis Battle Resistance in Samarra"
train_080194,train_080637,0.9688,3,3,Internet Explorer keeps losing market share,Internet Explorer keeps losing market share
train_108117,train_108207,0.9375,3,3,Report: IBM Selling Personal Computer Unit (AP),Report: IBM Selling Personal Computer Unit
train_037533,train_037833,0.9688,2,2,Gov't Set to Make Oil Loans to Refiners,Gov't Set to Make Oil Loans to Refiners
train_060873,train_060874,0.9609,3,3,Screenshot 3 of 4: Google Desktop Search tool,Screenshot 1 of 4: Google Desktop Search tool
train_089953,train_089987,0.9219,0,0,France's Raffarin sticks to optimistic growth forecast (AFP),France's Raffarin sticks to optimistic growth forecast
train_037606,train_037608,0.9609,1,1,AL Wrap: Texas Completes Sweep of Oakland (Reuters),AL Wrap: Texas Completes Sweep of Oakland
train_037606,train_037983,0.9453,1,1,AL Wrap: Texas Completes Sweep of Oakland (Reuters),AL Wrap: Texas Completes Sweep of West-Leading Oakland (Reuters)
train_007666,train_007834,1.0,1,1,The U.S. Grabs the Gold in Softball,U.S. Grabs the Gold in Softball
train_107827,train_108199,0.9062,3,3,Napster Creator Touts Legal File Sharing (AP),Napster Creator Touts Legal File Sharing
train_011367,train_011369,0.9297,1,1,"NL Wrap: Sosa Hits 568th Homer, Cubs Eclipse Astros (Reuters)","NL Wrap: Sosa Hits 568th Homer, Cubs Eclipse Astros"
train_020565,train_020940,0.9922,0,0,"Israel Hits Hamas Training Camp in Gaza, Killing 14","Israel Hits Hamas Training Camp in Gaza, Killing 14"
train_035135,train_035163,0.9453,0,0,Haiti Flood Death Toll Passes 700,Haiti Flood Death Toll Passes 700 (Reuters)
train_018758,train_018785,0.9609,0,0,Center of Eye of Frances Makes Landfall,Center of Eye of Frances Makes Landfall
train_112941,train_113055,0.9141,0,0,Penalties Stiff for Slander in Venezuela (AP),Penalties Stiff for Slander in Venezuela
train_036844,train_036944,0.9375,3,3,Sony Considers MP3 Support to Silence iPod Fans,Sony Considers MP3 Support to Silence iPod Fans
train_040414,train_040418,0.9688,2,2,INTERVIEW: Australia's Cochlear To Ramp Up Output,INTERVIEW: Australia's Cochlear To Ramp Up Output -2-
train_067777,train_067780,0.9141,2,2,Connecticut Begins Insurance Probe,Connecticut Begins Insurance Probe (Reuters)
train_035054,train_035078,0.9297,3,3,EMusic to Launch Revamped Service (Reuters),EMusic to Launch Revamped Service
train_080058,train_080081,0.9609,2,2,Update 5: Tentative Deal Reached in Casino Strike,Update 6: Tentative Deal Reached in Casino Strike
train_007363,train_007376,0.9688,0,0,Straw leaves for Darfur visit (AFP),British FM leaves for Darfur visit (AFP)
train_106673,train_106674,0.9453,2,2,"ECB Rates Seen Steady as Euro, Oil Weigh","ECB Rates Seen Steady as Euro, Oil Weigh (Reuters)"
train_010572,train_010740,0.9688,3,3,"Vodafone, Nokia Team Up for Simpler Mobile Software","Vodafone, Nokia Team Up to Simplify Mobile Software"
train_029125,train_029128,0.9453,2,2,"Nikkei Dips Techs, Steel Makers Fall","Nikkei Dips Techs, Steel Makers Fall (Reuters)"
train_003770,train_006371,0.9453,2,2,Workplace beware,Workplace beware
train_059775,train_060106,0.9844,3,3,Putting Your PC in a Pocket,Fitting Your PC in a Pocket
train_030205,train_030213,0.9375,0,0,"Iraq Allies, Countering Annan, Insist War Was Legal (Reuters)","Iraq Allies, Countering Annan, Insist War Was Legal"
train_021353,train_022444,0.9453,0,0,Sharon Demands Syria Curb Militants Before Talks (Reuters),Sharon Demands Syria Curb Militants Before Talks
train_003540,train_003562,0.9688,0,0,China Says Taiwan President's U.S. Stop 'A Trick',China Says Taiwan President's US Stop 'A Trick'
train_094563,train_094575,0.9297,2,2,Dollar Hits New Euro Low; Nikkei Falls,Dollar Hits New Euro Low; Nikkei Falls (Reuters)
train_087965,train_087993,0.9297,2,2,Jones Apparel to Buy Barneys in $400 Mln Deal,Jones Apparel to Buy Barneys in $400 Mln Deal
train_015635,train_016359,0.9766,3,3,"Hitachi, Matsushita, Toshiba in LCD Venture","Hitachi, Matsushita, Toshiba in Venture"
train_106698,train_106878,0.9219,3,3,Microsoft debuts MSN Spaces for bloggers,Microsoft Debuts MSN Spaces for Bloggers (AP)
train_076519,train_076629,0.9531,3,3,Average techie starting salaries to remain stable,Techie starting salaries to remain stable
train_049287,train_049423,0.9844,2,2,Freddie Mac Restructuring Some Operations,Freddie Mac Restructuring Mortgage-Securities Operations
train_021954,train_022225,1.0,2,2,U.S. Stocks Slip as Profit Warnings Weigh,Stocks Slip as Profit Warnings Weigh
train_067887,train_067896,0.9453,2,3,PeopleSoft Posts Third-Quarter Profit,PeopleSoft Posts Third-Quarter Profit (Reuters)
train_067887,train_067923,0.9453,2,2,PeopleSoft Posts Third-Quarter Profit,PeopleSoft Posts Profit
train_103646,train_103658,1.0,2,2,"Oil Eases After Holiday, Wary of Winter","US oil eases after holiday, wary of winter"
train_054776,train_055149,0.9375,1,1,Dodgers say Bradley won't be disciplined,Notebook: Dodgers say Bradley won't be disciplined
train_082762,train_083064,0.9219,2,2,U.S. Judge Approves Citigroup Settlement,Judge OKs Citigroup Settlement (Reuters)
train_047597,train_048258,0.9297,2,2,"Oil, Profit Reports to Weigh on Stocks (Reuters)","Oil, Profit Reports to Weigh on Stocks"
train_054911,train_055362,1.0,3,3,Hollywood Asks Top U.S. Court to Weigh File Trading,Hollywood Asks Top Court to Weigh File Trading
train_054911,train_055373,0.9219,3,3,Hollywood Asks Top U.S. Court to Weigh File Trading,Hollywood Asks Top Court to Weigh File Trading (Reuters)
train_013831,train_013902,0.9453,1,1,Gymnast Goes to Court,Tae-young goes to court
train_104214,train_104766,0.9141,2,2,Retailers Seen Posting Modest Nov. Sales (Reuters),Retailers Seen Posting Modest Nov. Sales
train_104214,train_104215,0.9062,2,2,Retailers Seen Posting Modest Nov. Sales (Reuters),Retailers Seen Posting Modest Nov. Sales
train_062994,train_063091,0.9297,0,0,Pentagon: Ex-Detainees Return to Terror,Some Detainees Said Returning to Terror
train_024452,train_024461,0.9062,2,2,Earning Reports Keep Investors on Edge (Reuters),Earning Reports Keep Investors on Edge
train_021860,train_025136,0.9531,3,3,Land of Potatoes Aims to Be High-Tech Hot,Land of Potatoes Aims to Be High-Tech Hotbed
train_007358,train_007396,0.9141,1,1,Gatlin Turns Sprinting Into Art,Gatlin Turns Sprinting Into Art
train_038017,train_038072,0.9609,0,0,Japan to Seek Missile Info at Talks with N.Korea,Japan to Seek Missile Info at Talks with N.Korea
train_107168,train_107171,0.9531,2,2,Retailers' Nov. Same-Store Sales Rise (Reuters),Retailers' Nov. Same-Store Sales Rise
train_041361,train_041681,0.9688,2,2,Fannie Mae Will Keep More Cash on Hand,Fannie Mae to Keep More Cash on Hand
train_033552,train_033949,0.9453,2,2,Fortress to Buy Stelmar Shipping,Fortress to Acquire Stelmar Shipping
train_084954,train_085086,0.9766,2,2,"Merck Named in SEC, DOJ Probes Over Vioxx (Reuters)","Merck Named in SEC, DOJ Probes Over Vioxx (Reuters)"
train_022969,train_022986,0.9531,2,3,Nokia sees rise in handset sales,Nokia sees rise in handset sales
train_094694,train_094793,0.9141,3,0,Microsoft's Ballmer Warns Asia of Linux Lawsuits (Reuters),CORRECTED: Microsoft's Ballmer Warns Asia of Linux Lawsuits (Reuters)
train_094694,train_094735,0.9531,3,3,Microsoft's Ballmer Warns Asia of Linux Lawsuits (Reuters),Microsoft's Ballmer Warns Asia of Linux Lawsuits
train_113511,train_113514,0.9766,0,0,Grenade Kills Two at Colombo Bollywood Concert (Reuters),Grenade Kills Two at Colombo Bollywood Concert
train_028499,train_028588,1.0,2,2,Industrial Production Nearly Stalls,Industrial Output Growth Nearly Stalls
train_034611,train_034668,0.9766,2,2,HHS Orders Avian Flu Vaccine from Aventis,HHS Orders Avian Flu Vaccine from Aventis
train_075020,train_075076,0.9688,0,0,"Arafat 'Very Sick,' Palestinian Leaders Summoned","Arafat 'Very Sick,' Palestinian Leaders Summoned"
train_034847,train_034875,0.9844,2,2,Forex: Dollar Falls After Fed Rate Hike,Forex: Dollar Falls After Fed Hike
train_007745,train_007805,0.9609,0,0,Wal-Mart Sales Slump Keeps Stocks Muddled,Wal-Mart Sales Slump Keeps Stocks Muddled
train_074582,train_074663,0.9922,2,2,Oil Tumbles 3 Pct as Crude Stocks Build,Oil Tumbles 3 Pct as U.S. Stocks Build
train_064393,train_064780,0.9062,2,3,"TSA Deal Overpaid Boeing, Report Says","TSA Deal Overpaid Boeing, Report Says"
train_058252,train_058327,0.9531,0,0,"Bush, Kerry Talk Tough Before Last Debate","Bush, Kerry Talk Tough on Oil, Terror"
train_025283,train_025338,0.9219,1,1,NFL Wrap: Gibbs Returns to NFL as Redskins Edge Buccaneers,NFL Wrap: Gibbs Returns to NFL as Redskins Edge Buccaneers
train_000002,train_000543,0.9609,2,2,Oil and Economy Cloud Stocks' Outlook (Reuters),Oil and Economy Cloud Stocks' Outlook (Reuters)
train_037238,train_037325,0.9766,3,3,Mandrake gets contract to boost Linux security,Mandrake in contract to boost Linux security
train_038823,train_038871,0.9375,0,0,Israeli Missile Kills One in Gaza Camp -- Medics,Israeli Missile Kills One in Gaza Camp -- Medics
train_011941,train_011948,0.9844,1,1,Polish walker earns fourth Olympic gold,Polish walker wins fourth Olympic gold
train_085599,train_085600,0.9375,3,0,EU Threatens to Go It Alone on Nuclear Fusion (Reuters),EU Threatens to Go It Alone on Nuclear Fusion
train_049314,train_049362,0.9609,3,3,Product Previews,Product Previews (InfoWorld)
train_069342,train_069367,0.9297,1,1,City Lawyer Reviewing Anthony Drug Case (AP),City lawyer still reviewing facts of Anthony drug case
train_029266,train_029279,0.9297,2,2,Oil Shoots Up as Ivan Hits U.S. Shores,Oil Shoots Up as Ivan Hits U.S. Shores (Reuters)
train_089788,train_097070,0.9375,2,2,Wal-Mart Still Sees Nov. Sales Up 2-4 Pct (Reuters),Wal-Mart Sees Nov. U.S. Sales Up 2-4 Pct (Reuters)
train_118433,train_118551,0.9219,0,0,Cuban M.D. Staying at Argentine Embassy,Cuban M.D. Staying at Argentine Embassy (AP)
train_096102,train_096486,0.9297,0,0,Myanmar Frees Prominent Political Prisoners,Myanmar Frees Prominent Political Prisoners
train_033109,train_033509,0.9766,3,3,UK police arrest Cisco source code suspect,News: UK police arrest Cisco source code suspect
train_038868,train_038871,0.9453,0,0,Israeli Missile Kills One in Gaza Camp -- Medics (Reuters),Israeli Missile Kills One in Gaza Camp -- Medics
train_098250,train_098349,0.9531,2,2,"Stocks Sink, Dlr Steadies Above 103 Yen","Stocks Sink, Dlr Steadies Above 103 Yen (Reuters)"
train_099127,train_099216,0.9062,3,3,Report: Fast-Internet Use Doubles in U.S. (AP),Report: Fast-Internet Use Doubles in U.S.
train_026788,train_026807,0.9453,2,2,Saudi Resist OPEC Quota Increase (Reuters),Saudi Resist OPEC Quota Increase
train_081720,train_083007,0.9609,1,1,RADCLIFFE READY TO TACKLE BIG APPLE,Radcliffe ready to tackle Big Apple
train_088427,train_105619,0.9531,3,3,Lycos screen saver attacks spammers,Lycos Offers Program to Attack Spammers
train_039480,train_040902,0.9453,3,3,Soldier Blogs Detail Life in Iraq (AP),Soldiers' War Blogs Detail Life in Iraq
train_109196,train_109225,0.9531,1,1,Houston to Host 2006 NBA All-Star Game,Houston to host 2006 NBA All-Star Game
train_051330,train_051411,0.9297,2,2,Fannie Mae to Defend Action to Congress,Fannie Mae to Defend Action to Congress (Reuters)
train_023966,train_023990,0.9453,3,3,IPaq users report trouble with Skype,Some iPaq users report trouble with Skype
train_036760,train_036938,0.9688,0,0,Britain Stands Firm as Iraq Hostage Pleads for Life,Britain Stands Firm as Hostage Pleads
train_036872,train_036903,0.9062,2,2,Report-Lehman Near Deal on Enron Lawsuits (Reuters),Report-Lehman Near Deal on Enron Lawsuits
train_005289,train_005325,0.9844,0,0,Sadr Militia Still Controls Iraq Shrine -- Witness,Sadr Militia Still Controls Iraq Shrine -- Witnesses
train_073237,train_073313,0.9219,2,2,Barrick Gold Earnings Fall on Lower Sales,Barrick Gold Earnings Fall on Lower Sales
train_077671,train_077745,0.9375,2,2,Bin Laden Casts Shadow Over Stock Market,Bin Laden Casts Shadow Over Stock Market (Reuters)
train_065605,train_075042,0.9375,0,0,"Israel, Egypt Swap Prisoners in Sign of Warmer Ties","Israel, Egypt Swap Prisoners in Sign of Warmer Ties (Reuters)"
train_000082,train_000207,0.9141,3,3,Missing June Deals Slow to Return for Software Cos. (Reuters),Missing June Deals Slow to Return for Software Cos.
train_104331,train_104356,0.9453,1,1,Falcons sign Crumpler to contract extension,Falcons Sign Crumpler to Contract Extension
train_102013,train_102115,0.9766,2,2,Jardine Lloyd Profit to Fall; Chief Executive Quits (Update3),Jardine Lloyd Profit to Fall; Chief Executive Quits (Update4)
train_117815,train_117823,0.9141,3,3,DoCoMo to Offer Overseas Roaming-Capable 3G Phones (Reuters),DoCoMo to Offer Overseas Roaming-Capable 3G Phones
train_045291,train_045307,0.9375,3,3,Controversy Delays Net Song-Swap Bill in Senate (Reuters),Controversy Delays Net Song-Swap Bill in Senate
train_024454,train_024468,0.9141,0,0,Israel Pulls Back Forces in Northern Gaza (Reuters),Israel Pulls Back Forces in Northern Gaza
train_037210,train_042514,0.9219,0,0,Peru Ex-President Rejects Extradition Call (AP),Peru Ex-President Rejects Extradition Call
train_002626,train_002688,0.9844,1,1,American Swimmers Fired Up by Relay Win,American Swimmers Fired Up by Relay Win
train_008320,train_008341,0.9844,2,2,Crude Oil Futures Fall a 3rd Day as Iraq Increases Shipments,Crude Oil Futures Fall a Third Day as Iraq Increases Shipments
train_035253,train_035384,1.0,0,0,The Former Cat Stevens Gets Plane Diverted,Passenger Cat Stevens Gets Plane Diverted
train_091281,train_091366,0.9141,2,2,Microsoft to Hire Hundreds More in India,Microsoft to Hire Hundreds More in India (Reuters)
train_034202,train_034413,0.9531,1,1,Guerrero Beaned During Angels Game,Guerrero Beaned During Angels Game
train_105152,train_105166,0.9062,2,2,Chain Store Sales Slipped Latest Week,Chain Store Sales Slipped Latest Week (Reuters)
train_064717,train_064723,0.9297,3,3,Airpath Joins Wi-Fi Hotspots for Easier Web Access (Reuters),Airpath Joins Wi-Fi Hotspots for Easier Web Access
train_117461,train_118633,0.9453,3,3,NASA Spacecraft Tracks Global Air Pollution (Reuters),NASA Spacecraft Tracks Global Air Pollution
train_107116,train_107428,0.9766,1,1,Report: Giambi Admits to Using Steroids,Report: Giambi Admits to Using Steroids
train_062182,train_062215,0.9219,2,2,Holiday Sales Forecasted in New Ways (Reuters),Holiday Sales Forecasted in New Ways
train_012230,train_012233,0.9531,2,2,NYC Mayor Says Hotels Full During Convention Time (Reuters),NYC Mayor Says Hotels Full During Convention Time
train_030914,train_033513,1.0,3,3,Newfound Comet Set for Winter Display (SPACE.com),Newfound Comet Set for Winter Display (SPACE.com)
train_044358,train_044372,0.9453,3,3,Gartner: Piracy driving Linux PC shipments,Gartner: Piracy driving Linux PC shipments (InfoWorld)
train_005537,train_005583,0.9453,0,0,"As Milosevic turns 63, UN judges seek to get trial back on track","As Milosevic turns 63, UN judges seek to get trial back on track"
train_063027,train_063195,0.9922,2,2,Investor Suit at Disney Puts Exits in a Spotlight,Investor Suit at Disney Puts Exits in a Spotlight
train_028002,train_028335,0.9766,0,0,Senate Wants Intel Chief With Budget Say,Panel Wants Intel Chief With Budget Say
train_081889,train_081922,0.9297,2,2,"Cazenove, JP Morgan Unveil Joint Venture (Reuters)","Cazenove, JP Morgan Unveil Joint Venture"
train_017688,train_017731,0.9062,2,2,Job Picture Brightens with August Hiring,Job Picture Brightens with August Hiring (Reuters)
train_017688,train_017735,0.9531,2,2,Job Picture Brightens with August Hiring,Job Picture Brightens with August Hiring
train_036442,train_037099,0.9844,3,3,PeopleSoft throws customers a discount and free upgrade,PeopleSoft throws customers a discount and free upgrade
train_022458,train_022759,0.9531,0,3,Scientists Pick Up Pieces of Space Capsule,Scientists Pick Up Pieces of Genesis Space Capsule
train_050666,train_051515,0.9297,1,1,Owen amp; Becks named on World Player short-list,Owen amp; Becks named on World Player short-list
train_111834,train_111861,0.9297,2,2,Stern Stance for Europe's New Antitrust Chief,Stern Stance for Europe's New Antitrust Chief
train_029764,train_029997,0.9375,2,2,United Airlines CEO Sees Job Losses,United Airlines CEO Sees Significant Job Losses
train_021623,train_021699,0.9609,0,0,Israel's Sharon Agrees to Changes to W. Bank Barrier,Israel's Sharon Agrees Changes to W. Bank Barrier
train_049052,train_049066,0.9062,3,2,PeopleSoft Expects Sales Above Estimates (AP),PeopleSoft Expects Sales Above Estimates
train_040810,train_041106,0.9219,2,2,Microsoft braces for EU anti-trust appeal hearing,Microsoft braces for EU anti-trust appeal
train_076590,train_076632,0.9453,2,2,Asian Stocks Ease After China Rate Rise,Asian Stocks Ease After China Rate Rise (Reuters)
train_059778,train_059779,0.9453,3,3,Mobile Phones Increase Tumor Risk - Swedish Study (Reuters),Mobile Phones Increase Tumor Risk - Swedish Study
train_024910,train_024920,0.9609,0,0,"HK Votes in Close Poll, Focus on More Democracy","HK Votes in Close Poll, Focus on More Democracy"
train_058200,train_058208,0.9297,2,2,Vegas Comes to Wembley with Casino Plan,Vegas comes to Wembley with $600M casino plan
train_080786,train_080862,0.9688,2,2,TV Drives Up News Corp. Earnings,Update 1: TV Drives Up News Corp. Earnings
train_071374,train_071761,0.9922,0,0,U.N.: Explosives Missing from Former Iraq Atomic Site,Tons of Explosives Missing from Former Iraq Atomic Site
train_051528,train_051634,1.0,2,2,Alaska Air sees $45 mln-$55 mln in severance costs,UPDATE 1-Alaska Air sees $45 mln-$55 mln in severance costs
train_014873,train_014898,0.9688,0,0,Iraqi Cleric Calls Cease-fire After Bloody Uprising,Iraqi Cleric Calls Cease-Fire After Bloody Uprising
train_099225,train_099271,0.9297,2,2,TiVo Net Loss Widens; Subscribers Grow,TiVo Net Loss Widens; Subscribers Grow (Reuters)
train_054412,train_054436,0.9375,2,2,September Job Growth Weaker Than Expected,September Job Growth Weaker Than Expected (Reuters)
train_111756,train_111808,0.9141,2,2,"Dollar Gains, Oil Prices Slide (Reuters)","Dollar Gains, Oil Prices Slide"
train_025686,train_025913,0.9141,3,3,Sears Launches Venture for Online Sales (AP),Sears Launches Venture for Online Sales
train_076535,train_076538,0.9844,0,0,Afghan Kidnappings Prompt Big Security Review (Reuters),Afghan Kidnappings Prompt Big Security Review
train_028619,train_028899,0.9375,2,2,UPDATE 3-PacifiCare to buy American Medical for $502 mln,UPDATE 5-PacifiCare to buy American Medical for $502 mln
train_028619,train_028652,0.9688,2,2,UPDATE 3-PacifiCare to buy American Medical for $502 mln,UPDATE 4-PacifiCare to buy American Medical for $502 mln
train_025201,train_031676,0.9922,3,3,IBM triples transistor performance with germanium,IBM triples transistor performance with germanium
train_058033,train_058039,0.9219,2,2,"Caesars, Quintain to Build Wembley Casino","Caesars, Quintain to Build Wembley Casino"
train_022378,train_022473,0.9297,2,2,WPP Bids for Gray Global -WSJ,WPP Bids for Gray Global -WSJ (Reuters)
train_013135,train_013145,0.9531,1,1,U.S. Women Win Third Consecutive Basketball Gold,U.S. Women Win Third Consecutive Basketball Gold
train_018616,train_018689,0.9141,1,1,NL Wrap: Bonds Kept in Park But Giants Rally for Big Win,NL Wrap: Giants Rally for Big Win
train_085722,train_087218,0.9375,0,0,Defense Lawyers Say Rapport with Milosevic Ruined,Defense Lawyers Say Rapport with Milosevic Ruined (Reuters)
train_042334,train_042429,0.9297,2,2,Nabi Says Vaccine Helped Smokers Quit,Nabi Says Vaccine Helped Smokers Quit (Reuters)
train_006095,train_006221,0.9219,0,0,Bangladesh Awakes in Shock as Blast Toll Hits 16 (Reuters),Bangladesh in Shock as Blast Toll Hits 17 (Reuters)
train_080889,train_080979,0.9531,0,0,Strong earthquake shakes northern Japan,Strong earthquake shakes northern Japan
train_095311,train_095368,0.9453,3,3,"Microsoft, Yahoo extend contract for Web ads","Microsoft, Yahoo Extend Contract for Web Ads"
train_042075,train_042194,0.9219,0,0,Flood of New Voters Signing Up (AP),Flood of New Voters Signing Up
train_047833,train_048256,0.9922,0,0,Prosecutors Set to Wrap Up Peterson Case,Prosecutors Ready to Wrap Up Peterson Case
train_086768,train_087582,0.9141,3,3,"Arctic Thaw May Open Ship Lanes, But Risks High (Reuters)","Arctic thaw may open ship lanes, but risks high"
train_072769,train_072778,0.9688,2,2,Dollar Pauses Near Record Low Vs Euro (Reuters),Dollar Pauses Near Record Low Vs Euro
train_021030,train_021052,0.9219,0,0,Israeli Armored Vehicles Mass in Gaza: Witnesses,Israeli Armored Vehicles Mass in Gaza: Witnesses
train_113900,train_113907,0.9297,0,0,Philippine Police Hunt Bombers After Market Blast (Reuters),Philippine Police Hunt Bombers After Market Blast
train_096577,train_096707,0.9766,1,1,"Young Rebuffs NBA, Sticks With Rangers (AP)","Young Rebuffs NBA, Sticks With Rangers (AP)"
train_049841,train_053594,0.9141,3,3,CORRECTED: Siebel Sees Sales Topping Street (Reuters),CORRECTED: Siebel Sees Sales Topping Street
train_107064,train_107139,0.9609,3,3,Sun Might Have Exchanged Hangers-On With Rival Star,Sun Might Have Exchanged Hangers-On With Rival Star
train_036191,train_037076,0.9688,3,3,Ireland Cracks Down on Net Scams,Ireland cracks down on net scams
train_114231,train_114314,0.9844,3,2,Mobile cashpoints coming soon,Mobile cash points coming soon
train_035502,train_035544,0.9141,2,2,"Reports: Prosecutors, CA Reach Accord","Reports: Prosecutors, CA Reach Accord (Reuters)"
train_020600,train_021392,0.9219,3,3,Samsung to Launch Phone with Mini Hard Drive,Samsung to Launch Phone with Mini Hard Drive
train_004499,train_004511,0.9375,2,2,Global LCD Oversupply to Peak in Q3,Global LCD Oversupply to Peak
train_002412,train_002448,0.9922,2,2,Google Cuts IPO Price Range,Google Slashes IPO Price Range
train_002412,train_002445,0.9375,2,3,Google Cuts IPO Price Range,Google Slashes IPO Price Range (Reuters)
train_002412,train_002423,0.9453,2,2,Google Cuts IPO Price Range,Google Cuts IPO Price Range (Reuters)
train_036601,train_036879,0.9297,0,2,Congress Set to Extend Family Tax Cuts (Reuters),Congress Set to Extend Family Tax Cuts
train_002622,train_002662,0.9609,0,0,Google Cuts Its IPO Price Range,Google Cuts Its IPO Price Range
train_038292,train_038439,0.9375,2,2,Durable Goods Fall as Aircraft Orders Off,"Durable Goods Fall, Aircraft Orders Slump"
train_038292,train_038341,0.9453,2,2,Durable Goods Fall as Aircraft Orders Off,Durable Goods Fall as Aircraft Orders Off (Reuters)
train_056289,train_056291,0.9141,2,2,Apparel Retailers Tune in to Latin Beat (Reuters),Apparel Retailers Tune in to Latin Beat
train_052443,train_054095,0.9766,3,3,Security concerns put MSN Messenger beta on hold,Security concerns put MSN Messenger beta on hold
train_110062,train_110231,0.9453,0,0,Iraqi Officials Consider Extending Voting Period,Iraqi Officials Consider Extending Voting Period
train_010595,train_010650,1.0,2,2,Jobless Claims Rise on Back of Hurricane (Reuters),Jobless Claims Rise on Back of Hurricane (Reuters)
train_010595,train_010596,0.9141,2,2,Jobless Claims Rise on Back of Hurricane (Reuters),Jobless Claims Rise on Back of Hurricane
train_010595,train_010621,0.9141,2,2,Jobless Claims Rise on Back of Hurricane (Reuters),Jobless Claims Rise on Back of Hurricane
train_110298,train_110345,0.9375,0,2,"Jay-Z to Head Def Jam Recordings Label, Executives Say",Jay-Z to Head Def Jam Recordings Label
train_018553,train_019017,0.9609,0,0,"U.S. Near Seizing bin Laden, Official Says","U.S. Near Seizing Bin Laden, Official Says"
train_005281,train_005507,0.9844,3,3,AMD using strained silicon on 90-nanometer chips,AMD using strained silicon on 90-nanometer chips
train_117193,train_117275,0.9062,0,0,Haiti Ex-Soldiers Seize Aristide's Old Compound,Haiti Ex-Soldiers Seize Aristide's Old Compound
train_116193,train_116215,0.9375,0,0,Blast in Kandahar Wounds at Least Three Afghans (Reuters),Blast in Kandahar Wounds at Least Three Afghans
train_061395,train_061396,0.9688,3,3,Photo 2 of 2: Microsoft's fashion makeover,Photo 1 of 2: Microsoft's fashion makeover
train_107383,train_114089,0.9297,3,3,Online Groups Brag About Movie Piracy,Online Groups Brag About Movie Piracy (AP)
train_057704,train_057775,0.9219,3,3,"MSN fighting Messenger difficulties, virus","MSN fighting Messenger difficulties, virus"
train_070624,train_070688,0.9453,0,0,Colombia Blows Up Stockpiled Land Mines (AP),Colombia Blows Up Stockpiled Land Mines
train_018041,train_018052,0.9688,3,3,"Joswiak: ""True to What an iMac Has Always Been About"" (MacCentral)",Joswiak: 'True to What an iMac Has Always Been About' (MacCentral)
train_002445,train_002448,0.9453,3,2,Google Slashes IPO Price Range (Reuters),Google Slashes IPO Price Range
train_000081,train_000206,0.9688,3,3,Companies Approve New High-Capacity Disc Format (Reuters),Companies Approve New High-Capacity Disc Format
train_016192,train_016215,0.9297,0,0,Seven Foreign Truckers Freed in Iraq; France Anxious (Reuters),Seven Foreign Truckers Freed in Iraq; France Anxious
train_005871,train_007091,0.9141,3,3,Life without numbers in a unique Amazon tribe,Life without numbers
train_069566,train_069614,0.9531,0,0,N.Korea Vows to Double Deterrent if No U.S. Change,N.Korea Vows to Double Deterrent if U.S. Won't Change
train_042606,train_042872,0.9375,3,3,Munich Set to Approve Linux Despite Patent Worries (Reuters),Munich Set to Approve Linux Despite Patent Worries
train_004184,train_004309,0.9766,0,0,Church Says Girls' Communion Not Valid,Church Says Girl's Communion Not Valid
train_058220,train_058248,0.9141,2,2,M T Bank Profit Rises on Fewer Bad Loans,M T Bank Profit Climbs on Fewer Bad Loans
train_062247,train_062354,0.9609,0,0,Sudan Questions WHO Darfur Deaths Figures,Sudan Questions WHO Darfur Deaths Figures
train_029011,train_029317,0.9844,3,3,They're Robots? Those Beasts!,They're Robots? Those Beasts!
train_001025,train_001070,0.9766,0,0,Congolese Massacre Victims in Burundi Mourned,Congolese Massacre Victims in Burundi Mourned
train_105419,train_105485,0.9688,2,2,FDA Reviewers Mixed Over Two New Cancer Drugs,FDA Reviewers Mixed Over Two New Cancer Drugs
train_048241,train_048247,0.9375,0,0,"Turkey Says EU 'Homework Done,' Green Light Ahead (Reuters)","Turkey Says EU 'Homework Done,' Green Light Ahead"
train_095053,train_095073,0.9141,2,3,"Russia Ratifies Kyoto, Starts on Feb 16","Russia Ratifies Kyoto, Starts on Feb 16 (Reuters)"
train_065834,train_065836,0.9531,3,3,Digital Agenda: Homeland security--A global assault on anonymity (page 3),Digital Agenda: Homeland security--A global assault on anonymity
train_065834,train_065835,0.9922,3,3,Digital Agenda: Homeland security--A global assault on anonymity (page 3),Digital Agenda: Homeland security--A global assault on anonymity (page 2)
train_048471,train_048487,0.9375,1,1,Astros Beat Rockies to Win NL Playoff Spot,Astros Beat Rockies to Win NL Playoff Spot
train_004024,train_006475,0.9453,3,3,Seiko Epson Develops Micro Flying Robot,Seiko Epson develops tiny flying robot
train_010974,train_011015,0.9766,3,3,Intel formally introduces tri-mode Wi-Fi chip,Intel formally introduces tri-mode Wi-Fi chip
train_048991,train_049532,0.9297,3,3,Three Cosmic Explosions Could Precede Supernovae (Reuters),Cosmic explosions could precede supernovae
train_059510,train_059627,0.9688,1,1,Paradorn Powers Past Struggling Costa,Paradorn Powers Past Struggling Costa
train_001371,train_001373,0.9219,2,2,J.C. Penney Posts Second-Quarter Profit (Reuters),J.C. Penney Posts Second-Quarter Profit
train_028332,train_028593,0.9375,0,0,Three Decapitated Corpses Found North of Baghdad,Three Decapitated Corpses Found North of Baghdad
train_096303,train_097862,1.0,3,3,'Electronic eye' helps blind across the road,'Electronic eye' helps blind cross the road
train_051674,train_051754,0.9844,3,3,UK Scientist Who Played Role in DNA Discovery Dies,Scientist Who Played Role in DNA Discovery Dies
train_011174,train_011346,0.9531,0,0,"Iraqi Government, Al-Sadr OK Peace Deal","Iraqi Government, Al-Sadr OK Peace Deal"
train_108037,train_108061,0.9766,2,2,Stocks Seen Higher Before Jobs Data,Stocks Seen Higher Before Jobs Data
train_027130,train_027172,0.9609,0,0,U.S.: Blast Consistent with N.Korea Explanation,U.S.: Blast Consistent with N.Korea Explanation
train_039603,train_039919,0.9531,0,0,Friends Remember American Slain in Iraq,Loved Ones Mourn American Slain in Iraq
train_035021,train_035069,0.9609,3,3,"AMD, IBM extend chip-development deal","AMD, IBM extend chip development deal"
train_004141,train_004326,0.9922,2,2,"US Court Rejects Movie, Music Makers' Piracy Claims","Court Rejects Movie, Music Makers' Piracy Claims"
train_079498,train_079529,0.9609,2,2,"240,000 Minivan Radios May Be Susceptible To Fires","240,000 Minivan Radios May Be Succeptible To Fires"
train_068675,train_068699,0.9453,2,3,"Nextel 3Q Profit Rises, Boosts 2004 View",Nextel 3Q Profit Rises
train_013073,train_013079,0.9219,3,3,Homegrown Satellite Radio Software Draws XM Fire (Reuters),Homegrown Satellite Radio Software Draws XM Fire
train_066620,train_066637,0.9141,3,3,"Intel Developing Optical Connect for Laptops, Servers","Intel Developing Optical Connect for Laptops, Servers (PC World)"
train_049291,train_049582,0.9453,3,3,Brazil to Limit UN Access to Uranium Plant as Powell Visits,Brazil to Limit Uranium Plant Access as Powell Visits (Update1)
train_044057,train_044082,0.9297,3,3,Salesforce.com expands call center support (InfoWorld),Salesforce.com expands call center support
train_084213,train_084327,0.9766,0,0,Strong Quake Jolts Northern Japan,Strong Earthquake Jolts Northern Japan
train_048247,train_048374,0.9922,0,0,"Turkey Says EU 'Homework Done,' Green Light Ahead","Turkey Says EU 'Homework Done,' Green Light Ahead"
train_110828,train_111363,0.9453,3,3,Oracle's Ellison Confident in PeopleSoft (AP),Oracle's Ellison Confident in PeopleSoft
train_094793,train_094795,0.9531,0,3,CORRECTED: Microsoft's Ballmer Warns Asia of Linux Lawsuits (Reuters),CORRECTED: Microsoft's Ballmer Warns Asia of Linux Lawsuits
train_081646,train_081653,0.9453,2,2,Australia's Seven Chmn Stokes: No Plans To Sell 43 Stake,Australia's Seven Chmn: No Plans To Sell 43 Stake -2-
train_069398,train_070326,0.9609,2,2,Oil Price Tops $55; Heating Supply Low,Oil Price Tops $55; Heating Supply Low
train_071552,train_071555,0.9375,3,3,Sony Launches MP3 Walkmans to Counter IPod,Sony Launches MP3 Walkmans to Counter IPod (Reuters)
train_040366,train_040367,0.9766,2,2,Tokyo Stocks Extend Losses,Tokyo Stocks Extend Losses
train_113419,train_113558,0.9688,1,1,"NBA Wrap: Finley, Nowitzki Lead Mavericks to Win Over Rockets","NBA Wrap: Finley, Nowitzki Lead Mavs Over Rockets"
train_054057,train_054346,0.9062,0,0,N.Korea Says It Will Resume Talks if U.S. Ends Hostility,N.Korea Says to Resume Talks if U.S. Ends Hostility
train_066401,train_066502,0.9141,2,2,"Lofty Fuel, Low Fares Batter Airlines (Reuters)","Fuel Prices, Low Fares Batter Airlines"
train_066401,train_066406,0.9062,2,2,"Lofty Fuel, Low Fares Batter Airlines (Reuters)","Lofty Fuel, Low Fares Batter Airlines"
train_034826,train_034849,0.9141,3,3,U.S. Navy to Award Huge Satellite Contract Soon,Navy to Award $6.4 Bln Satellite Contract
train_103998,train_104529,0.9453,0,0,"Suicide Bomber Attacks Iraqi Police, Kills 12 (Reuters)",Suicide Bomber Kills 12 in Attack on Iraqi Police (Reuters)
train_034116,train_034213,0.9844,2,2,Venerable Yacht Builder Tries to Regain Sea Legs,Venerable Yacht Builder Tries to Regain Sea Legs
train_064701,train_064751,0.9609,2,2,Continental Posts Quarterly Loss,Continental posts quarterly loss
train_103059,train_105953,0.9844,2,2,Wal-Mart Sales Estimate Boosts Sector,Wal-Mart Sales Estimate Boosts Sector
train_049883,train_049891,0.9297,0,0,Israel Kills Militant in 6th Day of Mass Gaza Raid (Reuters),Israel Kills Militant in 6th Day of Mass Gaza Raid
train_048353,train_048535,0.9453,0,0,Rice Defends Characterization of Saddam,Rice Defends Comments on Iraq Nuke Threat
train_020860,train_025136,0.9609,3,3,U.S. Land of Potatoes Aims to Be High-Tech Hotbed,Land of Potatoes Aims to Be High-Tech Hotbed
train_046630,train_047449,0.9453,3,3,"2,500-Year-Old Pomegranate Found in Greece","2,500-Year-Old Pomegranate Found In Greece"
train_003869,train_003882,0.9766,1,1,Possible Eighth Medal Chance for Phelps,Possible Eighth Medal Chance for Phelps
train_030738,train_030794,0.9375,3,2,Sony to Launch Smaller PS2 Console Oct. 26-Report (Reuters),Sony to Launch Smaller PS2 Console Oct. 26-Report
train_019197,train_019259,0.9219,3,3,"Frances Weakens, Continues to Hammer Florida (Reuters)","Frances Weakens, Continues to Hammer Florida (Reuters)"
train_061254,train_061355,0.9453,0,2,Bankers facing Enron extradition,UK bankers face Enron extradition
train_081738,train_082777,1.0,3,3,"Mars rovers struggle with sandy slopes, solar winter","Rovers struggle with sandy slopes, solar winter"
train_070631,train_071903,0.9141,3,3,SpaceShipOne Guru: NASA Needs a Visionary,SpaceShipOne Guru: NASA Needs a Visionary
train_110476,train_110557,0.9453,2,2,Snow to Remain as Treasury Secretary,Snow to Remain as U.S. Treasury Secretary
train_005843,train_005873,0.9219,0,0,Pakistan Says Holds Suspects Planning Major Attacks (Reuters),Pakistan Says Holds Suspects Planning Major Attacks
train_046472,train_046504,0.9766,1,1,Carpenter to miss Division Series,Carpenter to Miss Division Series
train_069457,train_070538,0.9766,2,2,"Schwarzenegger unveils hydrogen Hummer, but not how he planned","Schwarzenegger unveils hydrogen Hummer, but not how he planned"
train_029596,train_029718,0.9609,0,0,Man Sentenced to Life for N.Irish Finucane Murder,Man Sentenced to Life for N.Irish Finucane Murder
train_083609,train_084445,0.9062,3,3,Nokia sues over patent and registered designs,Nokia sues over patent and registered designs
train_095274,train_095305,0.9297,3,3,Oracle readies integration splash (InfoWorld),Oracle readies integration splash
train_032715,train_032806,0.9453,3,3,Microsoft Expands Program on Source Code (AP),Microsoft Expands Sharing of Source Code (AP)
train_011917,train_011918,0.9141,2,2,Treasuries Trim Gains After GDP Data (Reuters),Treasuries Trim Gains After GDP Data
train_101473,train_101493,0.9609,2,0,Gold Hits 16-Year High as Dollar Plunges Against Euro,Gold Hits 16-Year High as Dollar Plunges Vs. Euro
train_062862,train_062923,0.9297,0,0,Pentagon: Ex-Detainees Return to Terror,Some Detainees Said Returning to Terror
train_062862,train_063091,0.9219,0,0,Pentagon: Ex-Detainees Return to Terror,Some Detainees Said Returning to Terror
train_062862,train_062994,0.9922,0,0,Pentagon: Ex-Detainees Return to Terror,Pentagon: Ex-Detainees Return to Terror
train_085854,train_085923,0.9453,2,2,"Marsh McLennan to Cut 3,000 Jobs","Marsh McLennan to Cut 3,000 Jobs"
train_000698,train_000813,0.9375,1,1,Singh Wins Playoff to Seize Third Major Title,Singh Wins Playoff to Seize Third Major Title
train_001424,train_001442,1.0,0,0,Iraq Peace Mission in Najaf; Baghdad Blast Kills 7,Iraqi Peace Mission in Najaf; Baghdad Blast Kills 7
train_048593,train_048595,0.9688,1,1,Late-Season Heroics Guide Astros Into Playoffs (Reuters),Late-Season Heroics Guide Astros Into Playoffs
train_054405,train_054553,0.9766,3,3,Word open to exploit,News: Word open to exploit
train_039231,train_039269,0.9844,2,2,Wal-Mart Holds Sales View,Wal-Mart Holds Sales View for September
train_038813,train_038847,0.9062,3,3,Sage Grouse Listing May Curb Natural Gas (AP),Sage grouse listing may curb natural gas
train_002067,train_002698,0.9766,3,3,New Computer Is Created Just for Teenagers,New PC Is Created Just for Teenagers
train_049573,train_050387,0.9453,3,3,Feds Kick Off Digital TV Consumer Campaign (AP),Feds Kick Off Digital TV Consumer Campaign
train_001565,train_001567,0.9531,0,0,Britain Charges Suspects in U.S.-Linked Terror Case (Reuters),Britain Charges Suspects in U.S.-Linked Terror Case
train_103188,train_103211,0.9062,1,0,UPDATE 2-India peg back South Africa despite Kallis ton,India peg back South Africa despite Kallis ton (Reuters)
train_038475,train_038496,0.9375,3,2,Japan Game Makers Count on Mobile Gear for Growth,Japan Game Makers Count on Mobile Gear for Growth
train_014798,train_014807,0.9375,3,3,IBM Asks High Swiss Court to Reject Holocaust Suit (Reuters),IBM Asks High Swiss Court to Reject Holocaust Suit
train_042605,train_042930,0.9219,3,3,Turner to provide content for Net TV co.,Turner to Provide Content for Net TV Company
train_004631,train_004636,0.9297,2,2,Oil Near $49 on Mounting Iraq Violence,Oil Near $49 on Mounting Iraq Violence (Reuters)
train_111276,train_112133,0.9453,3,3,Nintendo boss slams PSP as DS shipment target is raised,Ninty boss slams PSP as DS shipment target raised
train_057163,train_059230,0.9141,3,3,7-Eleven Adopting Wireless Technology (AP),7-Eleven Adopting Wireless Technology
train_007547,train_007963,0.9766,3,3,HP to manage IT for Finnish energy giant,HP to manage IT for Finnish energy giant
train_075337,train_075338,0.9453,1,1,Frustrated Cardinals Can't Hit in Series Loss to Sox,Frustrated Cardinals Can't Hit in Series Loss to Sox (Reuters)
train_026146,train_026890,0.9609,3,3,Linux and identity services key for Novell,Linux and Identity Services Key for Novell
train_057723,train_057765,0.9375,2,2,Nikkei Falls on Higher Oil Price,Nikkei Falls on Higher Oil Price
train_001546,train_001635,1.0,1,1,Iranian judo scandal,Voices: Iranian Judo scandal
train_034201,train_034300,0.9609,1,1,AL Wrap: Twins Secure Third Straight AL Central Title,AL Wrap: Twins Secure Third Straight AL Central Title
train_021645,train_021647,0.9531,2,2,"Delta CEO Sees 6,000 to 7,000 Job Cuts (Reuters)","Delta CEO Sees 6,000 to 7,000 Job Cuts"
train_067595,train_067765,0.9844,2,2,Update 4: Qwest to Pay $250M to Settle SEC Charges,Update 6: Qwest to Pay $250M to Settle SEC Charges
train_070195,train_070314,0.9219,0,0,"Japan Quake Kills 18, Aftershocks Strike Fear","Japan quake kills 18, aftershocks strike fear"
train_005353,train_005355,0.9688,2,2,UAL Wins OK for Exclusivity Extension (Reuters),UAL Wins OK for Exclusivity Extension
train_035564,train_035578,0.9219,2,2,"Wall St Set to Dip, Bank Results Dominate","Wall St Set to Dip, Bank Results Dominate (Reuters)"
train_064129,train_064863,0.9453,0,3,"Commercial Demand, Europe Drive PC Sales (AP)","Commercial Demand, Europe Drive PC Sales"
train_050494,train_050566,0.9062,0,0,"Thirst, Fear and Bribes on Desert Escape from Africa (Reuters)","Thirst, Fear and Bribes on Desert Escape from Africa"
train_069114,train_069121,0.9062,0,0,UN Cloning Treaty on Hold Until After U.S. Election (Reuters),UN Cloning Treaty on Hold Until After U.S. Election
train_096467,train_096678,0.9531,2,3,Oracle's PeopleSoft Bid Deadline Nears (Reuters),Oracle's PeopleSoft Bid Deadline Nears (Reuters)
train_006785,train_006787,0.9609,1,1,AL Wrap: Molina Leads Angels to Sweep of Yankees (Reuters),AL Wrap: Molina Leads Angels to Sweep of Yankees
train_006785,train_007028,0.9531,1,1,AL Wrap: Molina Leads Angels to Sweep of Yankees (Reuters),AL Wrap: Molina Leads Angels to Sweep of Yankees (Reuters)
train_027231,train_031828,0.9297,3,3,Software Tackles Digital Photo Proliferation (Reuters),PluggedIn: Software Tackles Digital Photo Proliferation (Reuters)
train_048165,train_048169,0.9531,0,0,Bodies of Two Westerners Found South of Baghdad (Reuters),Bodies of Two Westerners Found South of Baghdad
train_008395,train_008424,0.9219,0,0,"Karzai Cancels Pakistan Speech, But Risk Fears Denied (Reuters)","Karzai Cancels Pakistan Speech, But Risk Fears Denied"
train_033588,train_034188,0.9844,2,2,Update 1: Report: Yukos to Halt Refinery Supplies,Update 3: Report: Yukos to Halt Crude Supplies
train_119448,train_119630,0.9453,2,2,Pfizer's Celebrex Lifts Heart Attack Risk in Trial,Pfizer's Celebrex Lifts Heart Attack Risk in Trial (Reuters)
train_099237,train_099285,0.9531,3,3,Product Previews,Product Previews (InfoWorld)
train_005063,train_005262,0.9766,2,2,Feds Subpoena Fannie Mae -Source,Feds Subpoena Fannie Mae in Probe-Source
train_072846,train_073414,0.9453,2,2,Johnson Controls Earnings Rise 24 Percent,Johnson Controls Earnings Rise 24 Percent
train_054619,train_054679,0.9844,0,0,Brother Confirms British Hostage Is Dead,Brother Confirms British Hostage Is Dead
train_057166,train_057694,0.9609,3,3,Sea Turtle Population Still Declining (AP),Officials Say Sea Turtles Declining (AP)
train_038714,train_038825,0.9766,0,0,Sniper Said to Admit Guilt in 2nd Slaying,Teen Sniper to Admit Guilt in 2nd Slaying
train_001392,train_001434,0.9609,0,0,Americans Miss Cut in 100-Meter Freestyle,Americans Falter in 100M Freestyle Prelims
train_051231,train_051237,0.9297,1,1,Sheffield Says He Unknowingly Used Steroids,Sheffield Says He Unknowingly Used Steroids
train_116978,train_117004,0.9219,1,1,Washington mayor says baseball deal nearly dead,Washington Mayor Says Baseball Deal Nearly Dead
train_055381,train_055384,0.9453,2,2,Stocks to Gain from Tax-Related Spending? (Reuters),Stocks to Gain from Tax-Related Spending?
train_004692,train_004880,0.9688,3,3,Virtual veins give nurses a hand,Virtual veins give nurses a hand
train_026019,train_026076,0.9141,1,1,Bucs' Galloway Will Miss Four to Six Weeks (AP),Bucs' Galloway Will Miss Four to Six Weeks
train_030063,train_030108,0.9375,0,0,Volatile Oil Prices Hold Stocks in Check,Stocks End Higher on Upbeat Economic News
train_017061,train_017063,0.9219,0,0,"Malaysia Rebel Politician Anwar Free, Urges Reform (Reuters)","Malaysia Rebel Politician Anwar Free, Urges Reform"
train_070554,train_070917,0.9609,0,0,U.S. to Urge China to Push for More N.Korea Talks,U.S. Urges China to Push for More N.Korea Talks
train_037844,train_037857,0.9141,2,2,Administration Considering Oil Stockpile Release,Administration Debating Oil Stockpile Release
train_098411,train_098472,0.9531,2,0,EU ponders sugar reforms,EU ponders sugar industry reforms
train_033665,train_033672,0.9531,0,0,Web Site Says Zarqawi Group Kills American Hostage (Reuters),Web Site Says Zarqawi Group Kills American Hostage
train_024835,train_024924,0.9531,1,1,AL Wrap: Rookie Pair Connect to End A's Losing Streak,AL Wrap: Rookie Pair End A's Losing Streak
train_107170,train_107476,0.9531,2,2,Retailers Post Disappointing Nov. Sales (AP),Retailers Post Sluggish Sales in Nov. (AP)
train_042141,train_042173,0.9219,0,0,Israeli Soldiers Kill Palestinian in West Bank Raid (Reuters),Israeli Soldiers Kill Palestinian in West Bank Raid
train_090884,train_091212,0.9219,2,2,Oil Slips Below $47/bbl to 7-Week Low,Oil Slips Below $47/bbl to 7-Week Low
train_054740,train_054911,0.9219,3,3,Hollywood Asks Top U.S. Court to Weigh File Trading (Reuters),Hollywood Asks Top U.S. Court to Weigh File Trading
train_054740,train_055362,0.9219,3,3,Hollywood Asks Top U.S. Court to Weigh File Trading (Reuters),Hollywood Asks Top Court to Weigh File Trading
train_054740,train_055373,1.0,3,3,Hollywood Asks Top U.S. Court to Weigh File Trading (Reuters),Hollywood Asks Top Court to Weigh File Trading (Reuters)
train_086019,train_086031,0.9141,2,2,"Lucent, Unions Have Tentative Agreement","Lucent, Unions Have Tentative Agreement (Reuters)"
train_116498,train_116682,0.9375,2,2,Oil Prices Climb Above $42 a Barrel,Oil Above $42 a Barrel on Cold Weather
train_087165,train_091534,0.9141,3,3,Gmail Users Soon Able to Check E-Mail Via Outlook,Gmail Users Soon Able to Check E-Mail Via Outlook (Reuters)
train_087165,train_089027,0.9453,3,3,Gmail Users Soon Able to Check E-Mail Via Outlook,Gmail users soon able to check e-mail via Outlook
train_053532,train_053622,0.9062,3,3,Microsoft Looks to Expand Windows at Home (AP),Microsoft Looks to Expand Windows at Home
train_026552,train_026570,0.9688,0,0,South Korea Says to Pin Down Nature of North Blast,South Korea Says to Pin Down Nature of North Blast (Reuters)
train_058133,train_058557,0.9844,3,3,Botched maintenance - not worm - blamed for MS IM glitch,News: Botched maintenance - not worm - blamed for MS IM glitch
train_058780,train_058783,0.9453,3,3,Picture 4 of 8: Microsoft's new Media Center push,Picture 6 of 8: Microsoft's new Media Center push
train_058780,train_058782,0.9375,3,3,Picture 4 of 8: Microsoft's new Media Center push,Picture 5 of 8: Microsoft's new Media Center push
train_058780,train_058784,0.9688,3,3,Picture 4 of 8: Microsoft's new Media Center push,Picture 8 of 8: Microsoft's new Media Center push
train_081890,train_082189,0.9141,3,3,Taipei Plans City-Wide Wi-Fi by End 2005 (Reuters),Taipei Plans City-Wide Wi-Fi by End 2005
train_097267,train_097340,0.9453,2,2,APEC Countries to Standardize Trade Pacts,APEC Countries to Standardize Trade Pacts (Reuters)
train_013585,train_109836,0.9453,3,3,New Remedies for a Frustrating Illness. But Do They Work?,New Remedies for a Frustrating Illness. But Do They Work?
train_104841,train_104867,0.9531,2,2,"Dollar Recovers Against Euro, Yen","Dollar Recovers Against Euro, Yen (Reuters)"
train_007335,train_007410,0.9453,0,0,Britain's Straw to Keep World Pressure on Sudan (Reuters),Britain's Straw to Keep World Pressure on Sudan
train_003928,train_004023,0.9141,2,3,"Nortel to Cut 3,500 Jobs to Boost Profit","Nortel to Cut 3,500 Jobs to Boost Profit"
train_026519,train_026588,0.9062,0,0,Jakarta embassy bombers not among the nine victims: police (AFP),Jakarta embassy bombers not among the nine victims: police
train_057993,train_058319,0.9375,2,0,Caesars plans Wembley casino,Caesars plans vast London casino
train_054376,train_054412,0.9766,2,2,Job Growth Weaker Than Expected,September Job Growth Weaker Than Expected
train_070370,train_070372,0.9219,0,0,Drive to Nab Last German Nazis to Begin in January (Reuters),Drive to Nab Last German Nazis to Begin in January
train_084340,train_084844,0.9219,3,2,"Fast Arctic Thaw Threatens People, Polar Bears (Reuters)","Arctic Thaw Threatens People, Polar Bears"
train_053094,train_053122,0.9766,2,2,Retailers Report Modest Gains in September,Retailers Report Modest Gains in September
train_053094,train_053164,0.9766,2,2,Retailers Report Modest Gains in September,Retailers report modest gains in September
train_117835,train_117847,0.9453,2,2,Fannie Mae 'should restate books',Fannie Mae 'should restate books'
train_116540,train_117213,0.9453,0,0,Anger Rises as Does Toll in Remote Indian Islands,Anger Rises as Does Toll in Remote Indian Islands
train_053801,train_053803,0.9453,3,3,Photo 6 of 8: Global gamers clash for cash,Photo 7 of 8: Global gamers clash for cash
train_053801,train_053805,0.9609,3,3,Photo 6 of 8: Global gamers clash for cash,Photo 4 of 8: Global gamers clash for cash
train_000794,train_000840,0.9844,0,0,Ex-Chess Champion Fischer to Marry Japanese Woman,Ex-Chess Champion Fischer to Marry Japanese Woman
train_017362,train_017383,0.9453,2,2,Bush to Avoid Sneak Peek at Jobs Data (Reuters),Bush to Avoid Sneak Peek at Jobs Data
train_115966,train_116223,0.9297,3,3,Google Bets Big on Bringing Libraries to Web,Google Bets Big on Bringing Libraries to Web
train_062254,train_062352,1.0,0,0,Senior House Repulican in Re-Election War (AP),Senior House Republican in Re-Election War (AP)
train_072378,train_072396,0.9766,2,2,Trial Witness Says Ovitz Pay at Disney Was Unreasonable,Trial Witness Says Ovitz Pay at Disney Was Unreasonable
train_037526,train_037527,0.9297,3,3,"Microsoft Sues Web Hoster, Others Over Spam (Reuters)","Microsoft Sues Web Hoster, Others Over Spam"
train_037603,train_037612,0.9375,0,3,Russian Ministries Move to Approve Kyoto Treaty,Russian Ministries Move to Approve Kyoto Treaty (Reuters)
train_027364,train_027385,0.9609,0,0,"Blair Fears Climate Change Disaster, Challenges US","Blair Fears Climate Change Disaster, Challenges U.S."
train_001750,train_001757,0.9062,3,3,Microsoft Delays SP2 Auto Update For Enterprises,Microsoft Delays SP2 Auto Update For Enterprises
train_104650,train_104665,0.9141,3,3,'Skulls' Mobile Security Threat Seen Low-McAfee (Reuters),'Skulls' Mobile Security Threat Seen Low-McAfee
train_091700,train_092326,0.9375,3,3,Microsoft Cracks Down on Xbox Changes (AP),Microsoft Cracks Down on Xbox Changes
train_054577,train_055392,0.9688,2,2,Thomson to Sell Media Unit to Investcorp for $350 Mln (Update3),Thomson to Sell Media Unit to Investcorp for $350 Mln (Update4)
train_117562,train_117612,0.9688,0,0,Colombia Captures 'Chancellor' of FARC Rebel Group,Colombia Captures 'Chancellor' of FARC Rebel Group
train_021535,train_021547,0.9453,2,2,Mortgage Applications at 4-Month High (Reuters),Mortgage Applications at 4-Month High
train_055284,train_056133,0.9688,1,1,Paper: Strzelczyk Likely Had Breakdown (AP),Paper: Ex-Steeler Likely Had Breakdown (AP)
train_029587,train_029632,0.9219,3,3,XM Satellite Radio to Broadcast on Web,XM Satellite Radio to Begin Broadcasting on Web
train_041919,train_041921,0.9531,2,2,Banks' Role Eyed in Parmalat Scandal -WSJ (Reuters),Banks' Role Eyed in Parmalat Scandal -WSJ
train_030110,train_030367,1.0,0,0,Hurricane Ivan Slams Gulf Coast; 20 Dead,Hurricane Ivan Slams Gulf Coast; 22 Dead
train_030110,train_030430,1.0,0,0,Hurricane Ivan Slams Gulf Coast; 20 Dead,Hurricane Ivan Slams Gulf Coast; 23 Dead
train_035699,train_035816,0.9219,3,3,Sun Sets Sights on Low-End Market (AP),Sun Sets Sights on Low-End Market
train_111122,train_111132,0.9297,2,2,Before-the-Bell: Ciena Rises on Outlook,Before-the-Bell: Ciena Rises on Outlook (Reuters)
train_030367,train_030430,1.0,0,0,Hurricane Ivan Slams Gulf Coast; 22 Dead,Hurricane Ivan Slams Gulf Coast; 23 Dead
train_075743,train_075851,0.9766,2,2,Dow Chemical Third-Quarter Profit Surges,Dow Chemical Profit Surges 86 Percent
train_044346,train_044348,0.9219,1,1,Diamondbacks sign LHP Jeff Fassero,Diamondbacks add left-hander
train_027149,train_027172,0.9766,0,0,US: Blast Consistent with N.Korea Explanation,U.S.: Blast Consistent with N.Korea Explanation
train_074064,train_074343,0.9219,3,3,"Apple Rolls Out IPod Photo, Rocks with U2","Apple Rolls Out IPod Photo, Rocks with U2"
train_027242,train_031846,0.9297,3,3,Software Tackles Digital Photo Proliferation,PluggedIn: Software Tackles Digital Photo Proliferation
train_027242,train_028040,0.9766,3,2,Software Tackles Digital Photo Proliferation,Software tackles digital photo proliferation
train_113141,train_113422,1.0,1,1,Raptors' Carter Placed on Injured List,Carter Placed on Injured List
train_104556,train_104745,0.9219,3,3,HP rejiggers utility computing line,HP rejiggers utility computing line
train_047502,train_047504,0.9375,1,1,Ichiro's New Hit Record Stokes Japanese Pride (Reuters),Ichiro's New Hit Record Stokes Japanese Pride
train_108301,train_108312,0.9609,2,2,"CSFB May Cut Jobs as Costs Outstrip Goldman, Lehman (Update1)","CSFB May Cut Jobs as Costs Outstrip Goldman, Lehman (Update3)"
train_059556,train_059677,0.9766,0,0,5 U.S. Soldiers Killed in Iraq Attacks,6 U.S. Soldiers Killed in Iraq Attacks
train_005616,train_005619,0.9609,0,0,Blast at Bangladesh Opposition Meeting Kills 4,Blast at Bangladesh Opposition Meeting Kills 4 (Reuters)
train_012495,train_012980,0.9375,0,0,"Iraqi Rebels Leave Najaf Shrine, Hand in Weapons","Iraqi Rebels Leave Najaf Shrine, Hand in Weapons (Reuters)"
train_013690,train_013695,0.9219,0,0,India Test Fires Nuclear-Capable Missile (Reuters),India test fires nuclear capable missile (Reuters)
train_013690,train_013702,0.9062,0,0,India Test Fires Nuclear-Capable Missile (Reuters),India Test Fires Nuclear Capable Missile
train_039904,train_041296,0.9688,0,0,The Fight of His Life,The Fight of His Life
train_019174,train_019335,0.9609,1,1,AL Wrap: Schilling Helps Red Sox Keep Heat on Yankees,AL Wrap: Schilling Helps Red Sox Keep Heat on Yankees (Reuters)
train_019174,train_019190,0.9219,1,1,AL Wrap: Schilling Helps Red Sox Keep Heat on Yankees,AL Wrap: Schilling Helps Red Sox Keep Heat on Yankees
train_022774,train_022874,1.0,3,3,Virtual Server becomes reality,Virtual Server becomes reality
train_041398,train_041517,0.9688,1,1,Gannon has broken vertebrae in his neck,Gannon has broken vertebra in his neck
train_064782,train_065106,0.9688,3,3,Google's New PC Search Tool Poses Risks,Google's New PC Search Tool May Pose Risks
train_113692,train_114306,0.9922,1,1,FC Porto wins Toyota Cup,Porto beats Once Caldas to win Toyota Cup
train_034392,train_034450,0.9219,0,3,"Sony's Smaller PS2 to Debut in U.S., Europe on Nov 1 (Reuters)","Sony's Smaller PS2 to Debut in U.S., Europe on Nov 1"
train_101497,train_101530,0.9375,3,3,Hunters Off the Hook for Bison Declines,Hunters Off the Hook for Bison Declines
train_118114,train_118189,0.9219,1,1,Source: New Warrants for NYRA Tracks (AP),Source: New Warrants for NYRA Tracks
train_018186,train_018187,0.9062,1,1,AL Wrap: Martinez Pitches Red Sox to 10th Straight Victory (Reuters),AL Wrap: Martinez Pitches Red Sox to 10th Straight Victory
train_047703,train_048005,0.9375,0,0,"Bombings, Gun Attacks in India Kill 44",Attacks in India Kill More Than 40 People
train_037608,train_037983,0.9141,1,1,AL Wrap: Texas Completes Sweep of Oakland,AL Wrap: Texas Completes Sweep of West-Leading Oakland (Reuters)
train_090763,train_090796,0.9922,3,2,Sun Microsystems Rolls Out Much-Awaited Solaris 10,Sun Rolls Out Much-Awaited Solaris 10
train_010596,train_010650,0.9141,2,2,Jobless Claims Rise on Back of Hurricane,Jobless Claims Rise on Back of Hurricane (Reuters)
train_010596,train_010621,1.0,2,2,Jobless Claims Rise on Back of Hurricane,Jobless Claims Rise on Back of Hurricane
train_092998,train_093001,0.9453,3,3,Hollywood Writer Sues Microsoft Over Yoga Game (Reuters),Hollywood Writer Sues Microsoft Over Yoga Game
train_042751,train_043123,0.9766,3,3,Hackers Exploit Microsoft's JPEG Flaw (AP),Hackers Target Microsoft's JPEG Flaw (AP)
train_002894,train_002972,0.9609,2,2,SEC Bars Mutual Fund Payoffs to Brokers,SEC Bars Mutual Fund Payoffs to Brokers
train_053495,train_053835,0.9141,3,3,"Kodak, Sun Microsystems Settle Java Suit (AP)","Kodak, Sun Microsystems Settle Java Suit"
train_015611,train_015615,0.9844,0,0,12 Nepalese Reportedly Executed in Iraq,12 Nepalese Reportedly Executed in Iraq
train_043445,train_048309,0.9219,2,3,"New supercomputer called BlueGene breaks speed record, IBM says",IBM Says Blue Gene Breaks Speed Record
train_109707,train_109744,0.9453,2,2,Nikkei Rises for 1st Time in 3 Sessions,Nikkei Rises for 1st Time in 3 Sessions
train_073277,train_073499,0.9453,2,2,Marsh to Scrap Fees Spitzer Faulted,Marsh to Scrap Fees Spitzer Faulted
train_018053,train_018080,0.9922,0,0,Russia Counts Cost of Bloody End to School Siege,Russia Counts Cost of Bloody End to School Siege
train_075571,train_075574,0.9219,0,0,IRAQ U.S. Air Strike Kills Two in Iraq's Falluja,IRAQ U.S. Air Strike Kills Two in Iraq's Falluja (Reuters)
train_012991,train_013013,0.9297,3,3,"Calif. Cities, Counties Sue Microsoft (AP)","Calif. Cities, Counties Sue Microsoft"
train_091370,train_091693,0.9062,1,1,Paris Favored to Win 2012 Olympics Bid (AP),Paris Favored to Win 2012 Olympics Bid
train_096469,train_096688,0.9766,2,2,Icahn Offers to Buy Mylan Laboratories for $5.38 Bln (Update2),Icahn Offers to Buy Mylan Laboratories for $5.38 Bln (Update5)
train_115571,train_115589,0.9297,2,2,Chain Store Sales Rise in the Latest Week (Reuters),Chain Store Sales Rise in the Latest Week
train_116834,train_117010,0.9531,1,1,Yeltsin grandson joins Russian Midland F1 team,Yeltsin's grandson joins Russian Midland F1 team
train_004910,train_004978,0.9141,2,2,"Oil Prices Are at New High, Over $49","Oil at New High Over $49, Iraq Violence Escalates"
train_012716,train_012736,0.9297,0,0,Bangladesh Shuts for Another Strike Over Attack,Bangladesh Shuts for Another Strike Over Attack
train_073325,train_073613,0.9531,1,1,Odd Things Expected as Red Sox Meet Cards in Game Three,Odd Things Expected as Red Sox Meet Cards in Game Three
train_014631,train_014634,0.9141,0,0,France Races Against Clock in Iraq Hostage Crisis,France Races Against Clock in Iraq Hostage Crisis
train_014944,train_015039,0.9062,1,1,Schiavone Starts Off Open With Victory (AP),Schiavone starts off Open with victory
train_076536,train_076924,0.9219,3,3,W.Va. to Sponsor Public Computing Grid (AP),W.Va. to Sponsor Public Computing Grid
train_050500,train_050574,0.9453,2,2,Greenspan says better banking rules benefit economy,UPDATE 1-Greenspan says better banking rules benefit economy
train_034311,train_034716,0.9375,3,3,Senate Panel to Vote on Digital TV Bill (Reuters),Senate Panel to Vote on Digital TV Bill
train_078901,train_078934,0.9297,2,2,Volkswagen Workers Stage New Stoppages,Update 1: Volkswagen Workers Stage New Stoppages
train_064237,train_064286,0.9219,3,3,"Gartner ITxpo spotlights security, wireless","Gartner ITxpo spotlights security, wireless (InfoWorld)"
train_003720,train_003721,0.9453,2,2,Tokyo Stocks Close Up for Third Day (Reuters),Tokyo Stocks Close Up for Third Day
train_017743,train_017961,0.9375,2,2,"Job Picture Brightens, More Aug Hiring",Job Picture Brightens with August Hiring
train_119329,train_119364,0.9688,1,1,Report: Bertuzzi near plea bargain,Report: Bertuzzi Near Plea Bargain
train_087345,train_087367,0.9609,2,2,"Dollar Recovers from Lows After Fed, Data","Dollar Recovers from Lows After Fed, Data (Reuters)"
train_036148,train_036259,0.9688,1,1,Hawks bring back Kevin Willis,Hawks Bring Back Kevin Willis
train_087097,train_087439,0.9453,3,3,Gmail Users Soon Able to Check E-Mail Via Outlook,Gmail Users Soon Able to Check E-Mail Via Outlook
train_087097,train_091517,0.9453,3,3,Gmail Users Soon Able to Check E-Mail Via Outlook,CORRECTED: Gmail Users Soon Able to Check E-Mail Via Outlook
train_087097,train_087189,0.9609,3,3,Gmail Users Soon Able to Check E-Mail Via Outlook,Gmail Users Soon Able to Check E-Mail Via Outlook
train_114612,train_115184,0.9141,0,0,"Bomb Kills 7 Iraqis, Year After Saddam's Capture","Bomb Kills 7 Iraqis, Year After Saddam's Capture (Reuters)"
train_071384,train_071388,0.9219,3,3,Borland focuses on UML modeling,Borland focuses on UML modeling (InfoWorld)
train_087041,train_087398,1.0,3,3,La. Reports First Case of Soybean Rust (AP),La. Reports First Cases of Soybean Rust (AP)
train_072652,train_072670,0.9609,2,2,"Tokyo Stocks Finish Mixed, Dollar Higher","Update 4: Tokyo Stocks Finish Mixed, Dollar Higher"
train_017509,train_017896,0.9688,3,3,Rivals Say Microsoft Online Music Store Falls Short,Rivals Say Microsoft Online Music Store Falls Short
train_117930,train_117936,0.9219,2,2,UK's Brown to Urge U.S. to Cut Deficits (Reuters),UK's Brown to Urge U.S. to Cut Deficits
train_098329,train_098332,0.9609,1,1,NBA-Raptors Produce Thrilling Comeback Win (Reuters),NBA-Raptors Produce Thrilling Comeback Win
train_098819,train_098853,0.9609,2,2,Dollar Continues Slide Vs Euro (Reuters),Dollar Continues Slide Vs Euro
train_076795,train_076895,0.9609,2,2,Bank to add up to 900 jobs in R.I.,Bank to add up to 900 jobs in RI
train_072467,train_072474,0.9531,3,3,Europe Expected to Agree to Deal for PeopleSoft,Europe Expected to Agree to Deal for PeopleSoft
train_001252,train_001254,0.9609,0,0,Iraqi Delegation Set for Najaf Peace Bid (Reuters),Iraqi Delegation Set for Najaf Peace Bid
train_010800,train_010805,0.9453,1,1,Marbury Powers U.S. Over Spain; Coaches Square Off,"Marbury Powers U.S. Over Spain, Coaches Square Off"
train_032520,train_032548,0.9531,0,0,Ivan's Flooding Forces New Evacuations,Flooding Forces Evacuations in 3 States
train_108300,train_108324,0.9141,2,2,"SuperGen Tumbles, Intel Up Before Bell","SuperGen Tumbles, Intel Up Before Bell (Reuters)"
train_001858,train_001870,0.9531,1,1,Olympics-Fencing-US and Swiss End Gold Drought,Fencing: U.S. and Swiss End Gold Drought
train_118197,train_119016,0.9219,1,3,Midway Developing Mature-Rated Football Video Game (Reuters),Midway Developing Mature-Rated Football Video Game
train_015265,train_015361,0.9375,2,2,Asian Stocks Mostly Lower on Tech Worries (Reuters),Asian Stocks Mostly Lower on Tech Worries
train_010797,train_010802,0.9141,2,2,Two Investment Banks Settle with SEC (Reuters),Two Investment Banks Settle with SEC
train_073839,train_073873,0.9141,3,3,Giant Pandas in China Reserve Get Wi-Fi (AP),Giant pandas in China reserve get Wi-Fi
train_037576,train_037577,0.9297,2,2,"Blue Chips Fall on $49 Oil, Economy Index (Reuters)","Blue Chips Fall on $49 Oil, Economy Index"
train_096521,train_096532,0.9219,2,2,Icahn Offers Nearly $5 Bln for Mylan Labs (Reuters),Icahn Offers Nearly $5 Billion for Mylan
train_038389,train_038480,0.9609,0,0,6 Egyptians Kidnapped From Baghdad Office,"6 Egyptians, 2 Iraqis Kidnapped in Iraq"
train_048660,train_048663,0.9375,1,1,Former Blue Jays Pitcher Cerutti Found Dead (Reuters),Former Blue Jays Pitcher Cerutti Found Dead
train_017664,train_017963,0.9375,3,3,Calif. Schools Warned of Identity Theft,Calif. Schools Warned of Identity Theft
train_017664,train_017944,0.9609,3,3,Calif. Schools Warned of Identity Theft,Calif. schools warned of identity theft
train_068138,train_068625,0.9141,2,3,PeopleSoft Posts Profit,PeopleSoft Posts Profit
train_052595,train_052638,0.9375,1,1,Yankees Take Dramatic 12-Inning Victory Over Twins,Yankees Take Dramatic 12-Inning Victory Over Twins
train_072695,train_073083,0.9453,2,2,Oil Prices Hold Above $54,Oil Prices Hold Above $54 as Winter Looms
train_071333,train_071358,0.9297,2,2,Oil Scales New High as Norway Strike Hits (Reuters),Oil Scales New High as Norway Strike Hits
train_113506,train_115212,1.0,0,0,Democratic Rep. Bob Matsui Dies at 63 (AP),Democratic Rep. Bob Matsui Dies at 63 (AP)
train_031557,train_032544,0.9531,0,0,Bush Must OK Clinton's Document Release (AP),Bush Must OK Clinton Document Release Plan (AP)
train_017900,train_018264,0.9219,3,3,Honda Enhances Speech-Recognition System,Honda Enhances Speech-Recognition System (AP)
train_113680,train_113692,0.9141,1,1,FC Porto Wins Toyota Cup (AP),FC Porto wins Toyota Cup
train_082677,train_082837,0.9844,2,2,Northwest Pilots Ratify $265 Mln Concession Deal,Northwest Pilots Ratify Concession Deal
train_059232,train_060623,0.9766,0,0,U.N. Nuclear Inspectors Ready to Return to Iraq (Reuters),U.N. Nuclear Inspectors Ready to Return to Iraq (Reuters)
train_026790,train_026832,0.9531,3,3,"Eyeing Downturn, Chip Makers Trim Equipment Buying (Reuters)","Eyeing Downturn, Chip Makers Trim Equipment Buying"
train_074604,train_074607,0.9141,1,1,Number of NHL Players in Europe Hits 231 (AP),Number of NHL Players in Europe Hits 231
train_111578,train_112208,0.9609,3,3,Atkins Gets Tech-Savvy to Reach More Dieters (Reuters),Atkins Gets Tech-Savvy to Reach More Dieters
train_099118,train_099123,0.9062,2,2,NASD Bars Ex-Banker Quattrone for Life (Reuters),NASD Bars Ex-Banker Quattrone for Life
train_073363,train_073395,0.9844,3,3,"Apple intros Photo iPod, U2 iPod, iTunes 4.7 (MacCentral)","Apple intros iPod Photo, iPod U2, iTunes 4.7 (MacCentral)"
train_057004,train_057028,0.9766,0,0,Baghdad Rocket Attack Kills Two U.S. Soldiers,Baghdad Rocket Attack Kills Two US Soldiers
train_029156,train_029887,0.9062,2,2,"Hotels, Union End Talks, Prepare for Strike","Hotels, Union End Talks, Prepare for Strike"
train_038814,train_038961,0.9375,0,0,Iraq PM Asks UN States to Put the War Behind Them (Reuters),Iraq PM Asks UN States to Put the War Behind Them
train_048199,train_048255,0.9375,0,0,New Bomb Blast Wounds 15 in India,New Separatist Violence Strikes India
train_049484,train_049503,0.9297,2,2,Stocks Rise; Siebel Boosts Tech Shares,Stocks Rise; Siebel Boosts Tech Shares (Reuters)
train_075685,train_075971,0.9453,2,2,Harmony's hostile takeover bid sparks court challenge in South ...,Harmony's hostile takeover bid sparks court challenge in South ...
train_027628,train_027686,0.9531,0,0,Oracle's Earnings Top Expectations,Oracle's Earnings Just Top Expectations
train_093441,train_093499,0.9375,2,2,Oil Retreat Deepens Ahead of U.S. Data,Oil Extends Retreat Ahead of U.S. Data
train_115806,train_115879,0.9062,2,2,Verizon Unlikely to Bid Now for Sprint,Verizon Unlikely to Bid Now for Sprint
train_059986,train_059990,0.9141,2,2,Oil Firm Near $54 on Heating Fuel Worries (Reuters),Oil Firm Near $54 on Heating Fuel Worries
train_075739,train_076120,0.9609,3,3,"Smaller, more powerful PC fuel cell is on the way","Smaller, more powerful PC fuel cell is on the way"
train_021374,train_021446,0.9531,0,0,"Bomb Blows Up in Gaza, Israeli Casualties -Sources","Bomb Blows Up in Gaza, Israeli Casualties -Sources (Reuters)"
train_106422,train_106524,0.9375,2,2,Stocks Soar on Energy Inventory Buildup,Stocks Surge on Energy Inventory Buildup
train_113473,train_118487,0.9453,3,3,Space Station Crew Must Cut Back on Food,Space Station Crew Told To Cut Back on Food
train_115831,train_115891,0.9609,1,1,Blue Jays Sign Third Baseman Koskie,Blue Jays sign third baseman Koskie
train_061987,train_062017,0.9766,0,0,Bush triumphalism masks mission unaccomplished in Afghanistan: analysts (AFP),Bush triumphalism masks mission unaccomplished in Afghanistan (AFP)
train_073854,train_073889,0.9375,0,0,"New Quake Rattles Northern Japan, Felt in Tokyo","New Quake Rattles Northern Japan, Felt in Tokyo"
train_091123,train_091181,0.9609,3,3,Yahoo implements DomainKeys in its mail service,Yahoo implements DomainKeys in its mail service
train_016213,train_016225,0.9375,3,0,Senegalese Fight Locusts with Smoke and Sticks (Reuters),Senegalese Fight Locusts with Smoke and Sticks
train_077528,train_080071,0.9375,3,3,NASA Scientists Find Surface of Titan 'Very Alien',Nasa scientists find surface of Titan 'Very Alien'
train_014342,train_014354,0.9453,0,2,More German reform protests due,More German reform protests due
train_093227,train_093242,0.9688,2,3,Report: SBC Sets TV Deal with Microsoft,Report: SBC Sets TV Deal with Microsoft (Reuters)
train_041582,train_041645,0.9531,1,1,Source: Brewers accept offer from buyer,Source: Brewers Accept Purchase Offer
train_003103,train_003109,0.9141,2,2,"Stocks Close Higher, Dow Above 10,000","Stocks End Higher, Dow Back Above 10,000"
train_107390,train_108997,0.9688,3,2,Firms Push to Ease Tough Federal Scrutiny,"Trade Groups, Firms Push to Ease Tough Federal Scrutiny"
train_005468,train_005469,0.9453,2,2,U.S. Begins Criminal Probe on Riggs-Paper,U.S. Begins Criminal Probe on Riggs-Paper (Reuters)
train_073755,train_073792,0.9766,2,2,"Tokyo Stocks Open Higher, Exporters Lead","Tokyo Stocks Open Higher, Exporters Lead (Reuters)"
train_109880,train_109892,0.9531,0,0,EU Holds Out Prospect of End to China Arms Embargo,EU Holds Out Prospect of End to China Arms Embargo
train_071450,train_071542,0.9141,0,0,Egypt arrests five suspects over Sinai bombings (AFP),Egypt arrests five suspects over Sinai bombings
train_066072,train_066348,1.0,3,3,U.N.: Robot Use to Surge Sevenfold by 2007 (AP),U.N.: Robots to Surge Sevenfold by 2007 (AP)
train_031084,train_031522,0.9609,2,2,Update 1: Higher Ticket Prices Spur Carnival Profit,Higher Ticket Prices Spur Carnival Profit
train_046891,train_049532,1.0,3,3,Three Cosmic Explosions Could Precede Supernovae,Cosmic explosions could precede supernovae
train_046891,train_048991,0.9297,3,3,Three Cosmic Explosions Could Precede Supernovae,Three Cosmic Explosions Could Precede Supernovae (Reuters)
train_003524,train_003525,0.9453,1,1,NL Wrap: Bonds Homers Again as Giants Rout Expos (Reuters),NL Wrap: Bonds Homers Again as Giants Rout Expos
train_033750,train_034014,0.9141,0,0,Bush Scraps U.S. Trade Embargo on Libya in WMD Reward (Reuters),Bush Scraps Trade Embargo on Libya in WMD Reward (Reuters)
train_042872,train_042878,0.9062,3,3,Munich Set to Approve Linux Despite Patent Worries,Munich set to approve Linux
train_018897,train_018932,1.0,0,0,Signs of Discord as Indo-Pakistan Ministers Meet,Signs of Discord Emerge as Indo-Pak Ministers Meet
train_070109,train_070114,0.9766,0,0,Myanmar strongman begins historic India visit (Reuters),Myanmar Strongman Begins Historic India Visit
train_102511,train_102534,0.9844,0,0,More bodies found in Mosul,Six more bodies found in Mosul
train_027384,train_027448,0.9844,0,0,"Israeli Settler Pay Approved, Sharon Faces Threats","Israeli Settler Pay Approved, Sharon Faces Threats"
train_008854,train_008879,0.9453,0,0,Over 80 Hurt on First Day of Bangladesh Strike,Over 80 hurt on first day of Bangladesh strike (Reuters)
train_043758,train_045267,0.9297,0,0,U.N. Wants African Monitors in Darfur Camps (Reuters),U.N. Wants African Monitors in Darfur Camps (Reuters)
train_102222,train_102725,0.9609,1,1,Sorenstam to Play Woods in Skins Game (AP),Sorenstam Plays Tiger Woods in Skins Game (AP)
train_028894,train_029066,0.9297,2,2,Delta Auditor Concerned About Airline,Delta Auditor Concerned About Airline
train_099000,train_099083,0.9297,2,2,IBM exec may become Computer Associates CEO,IBM Exec May Become Computer Associates CEO
train_044497,train_044541,0.9297,2,2,San Francisco Hotel Workers Strike,San Francisco Workers Strike
train_011199,train_011207,0.9219,0,0,"Frances a Fast-Growing Hurricane, Far Out at Sea (Reuters)","Frances a Fast-Growing Hurricane, Far Out at Sea"
train_017220,train_017261,0.9297,3,3,Red Hat Names CFO After Restatements,Red Hat Names CFO After Restatements (Reuters)
train_105404,train_105499,0.9531,2,2,Syneron Medical Shares Drop on Rejection,Update 1: Syneron Medical Shares Drop on Rejection
train_003049,train_003053,0.9297,0,0,'Potential Development' in Peterson Case,'Potential Development' in Peterson Case
train_099655,train_099683,0.9141,2,2,"Dollar Gets a Rest on BOJ Worry, Holidays","Dollar Gets a Rest on BOJ Worry, Holidays (Reuters)"
train_099222,train_099302,0.9453,3,3,Patches cause headaches for Fed managers,Patches cause headaches for federal managers
train_020783,train_020885,0.9297,3,3,Open sourcers revolt against Microsoft antispam plan (MacCentral),Open sourcers revolt against Microsoft antispam plan
train_058921,train_058963,0.9531,2,3,Airport Security Screeners Overworked,"Airport Security Screeners Overworked, Report Says"
train_038100,train_038225,0.9609,2,2,Chicago Fed Sees '05 GDP Down at 3.3 Pct,Chicago Fed Sees '05 GDP Down at 3.3 Pct (Reuters)
train_006087,train_007169,0.9141,3,3,Global LCD Oversupply to Peak -Report,Report: Global LCD oversupply to peak in 3Q
train_044356,train_045006,0.9453,3,3,Linksys goes dual-band on Wi-Fi,Update: Linksys goes dual-band on Wi-Fi
train_089044,train_089111,0.9219,3,3,Blue Titan adds reliable messaging to SOA tool (InfoWorld),Blue Titan adds reliable messaging to SOA tool
train_009832,train_009909,0.9531,2,2,Dollar Dips Against Most Major Currencies,Dollar Dips Against Most Major Currencies
train_054320,train_054323,0.9062,2,2,GE Posts Higher Quarterly Profit (Reuters),GE Posts Higher Quarterly Profit
train_047495,train_047540,0.9375,0,0,Israel Presses on With Gaza Offensive,Israel Expands Offensive in Gaza Strip
train_047930,train_048004,0.9844,0,0,Israeli Forces Kill 11 in Gaza Camp Raid,Israeli Forces Kill 12 in Gaza Camp Raid
train_017970,train_018357,0.9062,3,3,Spacewalking astronauts replace worn-out piece of cooling ...,Spacewalking Astronauts Install Antennas (AP)
train_025123,train_025128,0.9453,2,2,UK Ad Firm WPP Wins Bid for U.S. Rival (Reuters),UK Ad Firm WPP Wins Bid for U.S. Rival
train_065814,train_065837,0.9297,2,2,Strong Demand Pushes Honeywell Profit,Strong Demand Pushes Honeywell Profit (Reuters)
train_006018,train_006309,0.9062,0,0,Militants Hold Najaf Shrine; Bombing Heard,Militants Hold Najaf Shrine; Bombing Heard
train_007113,train_007114,0.9531,0,0,Fierce Fighting Erupts in Iraq's Najaf-Witnesses (Reuters),Fierce Fighting Erupts in Iraq's Najaf-Witnesses
train_114468,train_116952,0.9062,2,2,Court Case Pits Google and Geico,Geico-Google trademark suit goes to court
train_021946,train_022026,0.9453,2,2,Ex-Banker Quattrone Gets 18 Months Prison,Ex-Banker Quattrone Gets 18 Months Prison (Reuters)
train_041721,train_041751,0.9766,0,2,Tokyo Stocks Fall After Oil Spike (Reuters),Tokyo Stocks Fall After Oil Spike
train_030254,train_030337,0.9375,0,0,Tests Show James Died of Heart Attack,"Heart Attack, Drugs Caused James' Death"
train_047866,train_047964,0.9297,2,2,A Seismic Shift Under the House of Fannie Mae,A Seismic Shift Under the House of Fannie Mae
train_041641,train_041671,0.9375,3,3,"""The Sims 2"" hits one million sales",'The Sims 2' hits one million sales
train_071347,train_071646,0.9141,0,0,"Twelve Iraqis Die in Car Bombs, Clashes","Car Bombs, Clashes Kill 12 Iraqis"
train_118165,train_119875,0.9375,0,0,Full Extent of Indonesia Disaster Slowly Revealed,Full Extent of Indonesia Disaster Slowly Revealed
train_026832,train_026877,0.9375,3,3,"Eyeing Downturn, Chip Makers Trim Equipment Buying","Eyeing Downturn, Chip Makers Trim Equipment Buying"
train_043857,train_043861,0.9609,2,3,CA cutting 5 percent of workforce,CA cutting 5 percent of workforce
train_026763,train_026771,0.9297,3,3,IBM Covets Half of China Business Computer Market (Reuters),IBM Covets Half of China Business Computer Market
train_000010,train_000546,0.9609,2,2,Oil and Economy Cloud Stocks' Outlook,Oil and Economy Cloud Stocks' Outlook
train_093710,train_093994,0.9922,0,0,Putin Says Russia Working on New Nuclear Systems,Putin Says Russia Working on New Nuclear Systems
train_093710,train_093741,0.9219,0,0,Putin Says Russia Working on New Nuclear Systems,Putin Says Russia Working on New Nuclear Systems
train_026013,train_026121,0.9688,2,2,U.S. Airways Asks to Skip Pension Payment,USAir Asks to Skip Pension Payment
train_111582,train_111684,0.9297,3,3,Space Telescopes Spy Dusty Debris of Planets (Reuters),Space Telescopes Spy Dusty Debris of Planets
train_098321,train_098420,0.9375,2,2,Update 1: Pulitzer Inc. Says It's Considering Sale,Pulitzer Inc. says it's considering sale
train_069295,train_069296,0.9609,1,1,Boston Hopes to Make Believers Out of Skeptics (Reuters),Boston Hopes to Make Believers Out of Skeptics
train_069295,train_069652,0.9219,1,1,Boston Hopes to Make Believers Out of Skeptics (Reuters),Boston Hopes to Make Believers Out of Skeptics
train_037160,train_039988,0.9609,3,3,BMW Unveils World's Fastest Hydrogen-Powered Car,BMW Unveils World's Fastest Hydrogen-Powered Car (Reuters)
train_094735,train_094795,0.9141,3,3,Microsoft's Ballmer Warns Asia of Linux Lawsuits,CORRECTED: Microsoft's Ballmer Warns Asia of Linux Lawsuits
train_093990,train_094041,0.9375,0,0,"Pacific Rim Nations Meet on Trade, Security (AP)","Pacific Rim Nations Meet on Trade, Security"
train_117718,train_118553,0.9922,1,1,Competition is sight for Clement,Competition in sight for Clement
train_060736,train_063503,0.9219,3,3,Apple Under Scrutiny as Music Competition Rises,Apple under scrutiny as music competition rises
train_022738,train_022793,0.9062,3,2,Bill Clinton Helps Launch Search Engine (AP),Bill Clinton Helps Launch Search Engine
train_064520,train_064522,0.9453,3,3,Digital Agenda: Homeland security--Companies profiting from fear (page 3),Digital Agenda: Homeland security--Companies profiting from fear
train_064520,train_064521,0.9766,3,3,Digital Agenda: Homeland security--Companies profiting from fear (page 3),Digital Agenda: Homeland security--Companies profiting from fear (page 2)
train_086674,train_086867,0.9688,0,0,Three Dutch Police Injured in Anti-Terror Raid,Three Dutch Police Injured in Anti-Terror Raid
train_086674,train_086716,0.9375,0,0,Three Dutch Police Injured in Anti-Terror Raid,Three Dutch Police Injured in Anti-Terror Raid
train_064419,train_065088,0.9375,2,2,Businesses keep Q3 PC growth on track,Businesses keep Q3 PC growth on track
train_011203,train_011275,0.9766,1,1,The U.S. Gives Mia Hamm a Golden Farewell,The U.S. Gives Mia Hamm a Golden Farewell
train_032159,train_032187,0.9688,0,0,"Ivan, Remnants Blamed for 45 U.S. Deaths","Ivan, Remnants Blamed for 46 U.S. Deaths"
train_058179,train_059180,0.9766,3,3,From spam king to spy master?,From spam king to spymaster
train_032085,train_032405,0.9375,1,1,Sutton Goes for Broke in Final-Day Pairings,Sutton Goes for Broke in Final-Day Pairings
train_020726,train_021157,0.9922,3,3,"TiVo, Netflix Close to Internet Movie Deal-Report (Reuters)","Tivo, Netflix Close to Internet Movie Deal -Report (Reuters)"
train_059970,train_059973,0.9688,1,1,Red Sox Could Lose Schilling for Game Five (Reuters),Red Sox Could Lose Schilling for Game Five
train_070937,train_070945,0.9531,2,2,"Asian Shares Fall on Dollar; Gold, Oil Up","Asian Shares Fall on Dollar; Gold, Oil Up (Reuters)"
train_033551,train_033577,0.9609,0,0,Report: Islamist Group Frees 18 Iraqi Soldiers,Report: Islamist Group Frees 18 Iraqi Soldiers (Reuters)
train_017827,train_018681,0.9219,2,2,Unemployment Drops to 5.4 Percent (AP),Jobs Data Hold Promise of Stronger Growth (AP)
train_045383,train_045437,0.9766,2,2,SEC Charges Brokerage Raymond James,SEC Charges Raymond James with Fraud
train_085841,train_086192,0.9766,3,3,Microsoft Sees $100 Million First Day for 'Halo 2',Microsoft Sees $100 Million First Day for 'Halo 2' Game
train_006670,train_019339,0.9141,1,1,Jones Leads Cowboys to Stunning Win Over Seahawks,Jones Leads Cowboys to Stunning Win Over Seahawks
train_110641,train_110827,0.9453,3,3,McNealy: Sun still strong on Oracle,McNealy: Sun still strong on Oracle (InfoWorld)
train_049429,train_049629,0.9453,3,3,U.S. Researchers Win 2004 Nobel Prize (AP),U.S. Researchers Win 2004 Nobel Prize (AP)
train_101389,train_104139,0.9609,3,3,"After a Decade, Philips Makes PCs Again (Reuters)","After a Decade, Philips Makes PCs Again"
train_003789,train_025201,0.9766,3,3,IBM triples transistor performance with germanium,IBM triples transistor performance with germanium
train_003789,train_031676,0.9688,3,3,IBM triples transistor performance with germanium,IBM triples transistor performance with germanium
train_005270,train_005285,0.9922,2,2,"UAL, Creditors Agree to 30 Day Extension","UAL, Creditors Agree to 30 Day Extension (Reuters)"
train_038815,train_038822,0.9609,0,0,Sudan Security Foils New Sabotage Plot -- Agency (Reuters),Sudan Security Foils New Sabotage Plot -- Agency
train_056190,train_056238,0.9375,3,3,House passes bill imposing prison time over 'spyware',Bill imposes prison time over 'spyware'
train_038750,train_040993,0.9453,3,3,Google Conforms to Chinese Censorship (AP),Google Conforms to Chinese Censorship
train_013863,train_013890,0.9922,0,0,Iraqi Leaders Meet in Peace Effort,Iraqi Leaders Meet in Peace Effort
train_035136,train_035166,0.9297,0,0,Group in Iraq Says Kills Second U.S. Hostage,Group in Iraq Says Kills Second U.S. Hostage (Reuters)
train_073261,train_073279,0.9375,2,2,"Treasuries Flat, Consumer Gloom No Shock","Treasuries Flat, Consumer Gloom No Shock (Reuters)"
train_069631,train_069639,0.9375,0,0,Hamas Gunmen Kill Alleged Collaborator in Gaza,Hamas Gunmen Kill Alleged Collaborator in Gaza (Reuters)
train_091457,train_091519,0.9453,2,0,FDA Encourages Radio Tags on Drug Bottles,F.D.A. Encourages Radio Tags on Drug Bottles
train_040016,train_040017,0.9453,0,0,Bomb Alert Prompts Greek Plane to Land in London (Reuters),Bomb Alert Prompts Greek Plane to Land in London
train_043090,train_043745,0.9688,3,3,Former BEA executives launch open source company,Former BEA executives launch open source company
train_017186,train_017210,0.9609,2,3,Games makers Acclaim ceases ops,Games firm Acclaim ceases ops
train_026783,train_026875,0.9141,3,3,"On Fed Payroll, Hackers Seek to Save America (Reuters)","On Fed Payroll, Hackers Seek to Save America"
train_079934,train_080024,0.9453,2,2,US Stocks Rise on Optimism About Election; Nextel Advances,US Stocks Gain on Optimism About Election; Nextel Advances
train_117806,train_118165,0.9844,0,0,Full Extent of Indonesia Disaster Slowly Revealed,Full Extent of Indonesia Disaster Slowly Revealed
train_117806,train_119875,0.9219,0,0,Full Extent of Indonesia Disaster Slowly Revealed,Full Extent of Indonesia Disaster Slowly Revealed
train_043883,train_043892,0.9219,3,3,INTERVIEW: HP Tries Built-To-Order PCs (Reuters),INTERVIEW: HP Tries Built-To-Order PCs
train_043123,train_043636,0.9219,3,3,Hackers Target Microsoft's JPEG Flaw (AP),Hackers Target Microsoft's JPEG Flaw
train_059974,train_060086,0.9141,1,1,Johnson's Quickfire Hat-Trick Leads U.S. Past Panama,Johnson's Sudden Hat Trick Leads U.S. Past Panama
train_090722,train_090785,0.9688,2,2,Elpida Advances as Shares Start Trading in Tokyo (Update2),Elpida Advances as Shares Start Trading in Tokyo (Update1)
train_090148,train_090178,0.9453,1,1,NBA Wrap: Lakers Rally to Beat Rockets,NBA Wrap: Lakers Rally to Beat Rockets (Reuters)
train_041341,train_041524,0.9453,2,3,"IDC Raises '04 PC Growth View, Trims '05","IDC Raises '04 PC Growth View, Trims '05 (Reuters)"
train_056245,train_056330,0.9219,2,2,Snow Predicts Oil Prices Set to Go Down (Reuters),Snow Predicts Oil Prices Set to Go Down
train_009537,train_009548,0.9531,3,3,Consumers Trade in Home Phones for Mobile and Web,Consumers Trade in Home Phones for Mobile and Web (Reuters)
train_056994,train_057018,0.9453,2,2,Poles line up for shares,Poles Line Up to Buy Shares in Bank
train_056994,train_057113,0.9844,2,2,Poles line up for shares,Poles Line Up for Shares in Bank
train_090332,train_090340,0.9219,2,2,Wall St. Outlook: Bull Market with Legs?,Wall St. Outlook: Bull Market with Legs? (Reuters)
train_070590,train_070621,0.9297,2,2,Poll: Money Managers Bullish on Stocks,Poll: Money Managers Bullish on Stocks (Reuters)
train_095797,train_099972,0.9297,0,0,Suicide Bombers Kill 14 in Iraq,"Car Bombers Strike Near Green Zone, 7 Dead"
train_034854,train_034861,0.9609,1,1,Jazz to Retire Stockton's Number,Jazz to retire Stockton's number
train_031274,train_032123,0.9219,3,3,IBM in Settlement Talks in Pension Case (AP),IBM Wins Time for Talks in Pension Case (AP)
train_093084,train_093127,0.9766,2,2,Dollar Stuck Near Lows Ahead of G20 Meet,Dollar Stuck Near Lows Ahead of G20 Meet (Reuters)
train_093084,train_093148,0.9766,2,2,Dollar Stuck Near Lows Ahead of G20 Meet,Dollar Stuck Near Lows Ahead of G20
train_015133,train_015213,0.9062,3,3,Start-Up Offers Low-Power 'Personal Supercomputers',Start-Up Offers Low-Power 'Personal Supercomputers'
train_064026,train_064031,0.9297,3,3,PC Shipments Rise 12 Percent Worldwide (Reuters),PC Shipments Rise 12 Percent Worldwide
train_064026,train_064220,0.9297,3,3,PC Shipments Rise 12 Percent Worldwide (Reuters),PC Shipments Rise 12 Pct Worldwide in 3rd Quarter
train_051853,train_052038,0.9297,0,0,Woods Marries Model in Barbados Ceremony,Tiger Woods Marries Swede Model in Barbados
train_051853,train_052154,0.9375,0,0,Woods Marries Model in Barbados Ceremony,Woods Marries Swedish Model in Barbados
train_006530,train_006577,0.9141,0,0,U.S. Aircraft Hit Militias in Najaf as Tanks Near Shrine,U.S. Planes Hit Militias as Tanks Near Najaf Shrine
train_045120,train_045242,0.9219,2,2,Oil Nears $50 as Nigeria Worries Persist,Oil Nears $50 on Nigeria Supply Worries
train_067582,train_067624,0.9609,3,3,Photo gallery: Microsoft revs its car Windows,Photo gallery: Microsoft revs car Windows
train_083790,train_083945,0.9141,0,0,"Arafat Has Liver Failure, Officials Say","Arafat Has Liver Failure, Officials Say"
train_116830,train_117128,0.9766,0,0,Turkish PM Heads for EU Summit in Confident Mood,Turkish PM Heads to EU Summit on Confident Mood
train_045617,train_045619,0.9453,3,3,EU judge to Microsoft: Justify penalty suspension,EU judge to Microsoft: Justify penalty suspension
train_058496,train_058568,0.9531,1,1,Reds decide not to re-sign Larkin,=== Reds decide not to re-sign Larkin ===
train_119395,train_119464,0.9062,2,2,UAL Corp. Seeks Bankruptcy Exit Financing,UAL Corp. Seeks Bankruptcy Exit Financing
train_052975,train_053132,0.9219,2,2,ATI Technologies 4th-Qtr Profit Doubles as Sales Rise (Update1),ATI Technologies 4th-Qtr Profit Doubles as Sales Rise (Update2)
train_101979,train_102244,0.9688,3,3,Phishers tapping botnets to automate attacks,News: Phishers tapping botnets to automate attacks
train_071009,train_072255,0.9922,3,3,Soyuz Capsule Lands on Kazakhstan Steppe (AP),Soyuz Capsule Lands on Kazakhstan Steppe (AP)
train_057768,train_057770,0.9531,2,2,NYMEX Crude Near Highs Off $54 (Reuters),NYMEX Crude Near Highs Off $54
train_007538,train_007570,0.9219,3,3,"Gateway's PCs, Notebooks Available at MicroCenter","Gateway's PCs, Notebooks Available at MicroCenter"
train_087308,train_088558,0.9609,3,3,Wanted by the Police: A Good Interface,Wanted by the Police: A Good Interface
train_000646,train_000652,0.9297,1,1,AL Wrap: Koskie Slugs Homer in 10th as Twins Edge Indians,AL Wrap: Koskie Slugs Homer in 10th as Twins Edge Indians (Reuters)
train_086564,train_086850,0.9141,3,3,When invention turns to innovation,Turning invention into innovation
train_059712,train_059942,0.9453,2,2,Tokyo Stocks Weaker as Yen Weighs,Tokyo Stocks Weaker as Yen Weighs (Reuters)
train_025406,train_025915,0.9297,3,3,Nevada's E-Vote Free of Serious Problems (AP),Nevada's E-Vote Free of Serious Problems
train_074414,train_074416,0.9141,2,2,Durable Goods Orders Edge Up in September (Reuters),Durable Goods Orders Edge Up in September
train_012503,train_012619,0.9688,0,0,GOP Want Bush to Turn Attention From Iraq,GOP Wants Bush to Draw Attention Off Iraq
train_064131,train_064151,0.9062,2,2,IBM Net Flat; Says Confident on Outlook,IBM Net Flat; Says Confident on Outlook
train_008682,train_008751,1.0,0,0,Ted Lilly Throws One of Three AL Shutouts,Lilly Throws One of Three Shutouts in AL
train_020785,train_021101,0.9219,3,3,McAfee CFO Richards to Retire in December (AP),McAfee CFO Richards to Retire in December
train_060143,train_060218,0.9609,3,2,Sony Ericsson sees profits triple,Sony Ericsson sees profits triple
train_033304,train_033319,0.9062,0,2,Unilever Issues Profit Warning (AP),Unilever Issues Profit Warning
train_110429,train_110901,0.9219,0,0,Ukraine's Opposition Sees Path to Victory,Ukraine's Opposition Sees Path to Victory (Reuters)
train_108457,train_108686,0.9453,0,0,Thousands Uprooted by Clashes in East Congo - U.N.,Thousands Uprooted by Clashes in East Congo -U.N.
train_063530,train_063611,0.9375,2,2,"Kmart Appoints Lewis New CEO, President","Kmart Appoints Lewis New CEO, President"
train_110897,train_110917,0.9609,2,2,Nikkei at 5-Week Closing Low,Nikkei Hits 5-Week Closing Low
train_046687,train_046842,0.9297,3,3,Antarctic Ozone Hole Smaller This Year -Scientists,Antarctic Ozone Hole Smaller This Year -Scientists (Reuters)
train_109524,train_109539,0.9688,1,1,Clippers' Brand suspended one game,Clippers' Brand Suspended One Game
train_037446,train_037447,0.9297,2,2,Wal-Mart Sued for Racial Discrimination (Reuters),Wal-Mart Sued for Racial Discrimination
train_022164,train_022354,0.9609,3,3,Space Probe Fails to Deploy Its Parachute and Crashes,Space Probe Fails to Deploy Its Parachute and Crashes
train_053798,train_053803,0.9375,3,3,Photo 8 of 8: Global gamers clash for cash,Photo 7 of 8: Global gamers clash for cash
train_053798,train_053805,0.9531,3,3,Photo 8 of 8: Global gamers clash for cash,Photo 4 of 8: Global gamers clash for cash
train_053798,train_053799,0.9688,3,3,Photo 8 of 8: Global gamers clash for cash,Photo 2 of 8: Global gamers clash for cash
train_053798,train_053801,0.9609,3,3,Photo 8 of 8: Global gamers clash for cash,Photo 6 of 8: Global gamers clash for cash
train_053798,train_053800,0.9453,3,3,Photo 8 of 8: Global gamers clash for cash,Photo 5 of 8: Global gamers clash for cash
train_067381,train_067385,0.9453,2,2,AIG Is Target of Grand Jury Investigation,AIG Is Target of Grand Jury Investigation (Reuters)
train_067978,train_068135,0.9141,2,2,"Amazon Posts Profit, Outlook Disappoints","Amazon Posts Profit, Outlook Disappoints"
train_033882,train_033913,0.9141,3,3,Broadcasters Object to Planned Digital TV Bill (Reuters),Broadcasters Object to Planned Digital TV Bill
train_107098,train_107106,0.9062,0,0,UN Lacks Right to Inspect Sites in Iran -- Diplomats (Reuters),UN Lacks Right to Inspect Sites in Iran -- Diplomats
train_030080,train_030126,0.9688,0,0,Settlers or Sharon,Settlers or Sharon
train_024451,train_024458,0.9141,2,2,Small Stocks Lead the Way on Wall Street (Reuters),Small Stocks Lead the Way on Wall Street
train_052414,train_053003,1.0,3,3,On-Demand Internet Video Game Services Vary,On-Demand Video Game Services Vary
train_062861,train_062925,0.9922,0,0,"U.S. Ground, Air Attacks Pound Fallujah","U.S. Ground, Air Attacks Pound Fallujah"
train_017367,train_017394,0.9453,2,2,Dollar Pauses as Market Awaits Jobs Data (Reuters),Dollar Pauses as Market Awaits Jobs Data
train_114379,train_114420,0.9297,2,3,"Stocks Surge on Oracle, PeopleSoft Merger","Stocks Surge on Oracle, PeopleSoft Merger (AP)"
train_064710,train_064740,0.9297,0,0,EU Makes Final Nuke Offer to Iran Thursday-Diplomats,EU Makes Final Nuke Offer to Iran Thursday-Diplomats
train_050334,train_050407,0.9453,3,3,"Nokia, Intel Join Forces on Symbian Phones (Reuters)","Nokia, Intel Join Forces to Develop Symbian Phones (Reuters)"
train_040073,train_040896,0.9688,3,3,NASA: Hurricane Damages Shuttle Building (AP),Jeanne Damages NASA Shuttle Building (AP)
train_038070,train_038949,0.9375,2,2,Philips Warns on Chip Sales (Reuters),Philips Warns on Chip Sales
train_002704,train_003470,0.9297,0,0,Bomb Found in Town Near Berlusconi Villa (AP),Bomb Found in Town After Blair Visit (AP)
train_001669,train_005603,0.9375,3,3,PluggedIn: Multifunction Devices Draw Back-To-School Crowd (Reuters),Multifunction Devices Draw Back-To-School Crowd (Reuters)
train_040307,train_040312,0.9062,0,0,"Saudi Police, Militants Clash in Capital Riyadh","Saudi Police, Militants Clash in Capital Riyadh"
train_044910,train_044928,0.9219,2,2,Lehman in Talks to Buy UK Hedge Fund-WSJ,Lehman in Talks to Buy UK Hedge Fund-WSJ
train_114571,train_114723,0.9844,2,2,"Bombardier CEO Quits, Shares Dive",Bombardier Shares Dive as CEO Quits
train_056315,train_056396,0.9688,1,1,Gallacher clinches dunhill title,Gallacher clinches dunhill title
train_063623,train_063863,0.9844,1,1,"Pride, Prizes Aplenty to Play for as Year Nears Climax","Pride, Prizes Aplenty as Tennis Year Nears Climax"
train_006577,train_006740,0.9609,0,0,U.S. Planes Hit Militias as Tanks Near Najaf Shrine,U.S. Planes Hit Militias as Tanks Near Najaf Shrine
train_018031,train_019299,0.9688,3,3,IBM adds iSCSI to SANs,IBM adds iSCSI to SANs
train_006395,train_006435,0.9688,2,2,Google Roadshows Left Small Investors Out,Google Roadshows Left Small Investors Out
train_070697,train_079404,0.9531,2,2,Netflix Girds for DVD Rental Price War,"Startup no more, Netflix girds for DVD rental price war"
train_067944,train_067945,0.9688,3,3,Microsoft scales back Passport ambitions,Microsoft scales back Passport ambitions
train_002240,train_002477,0.9297,0,0,Maoist Rebels Block Land Routes to Nepali Capital,Maoist Rebels Block Land Routes to Nepali Capital
train_011571,train_013455,0.9453,0,0,Taiwan Rescuers Dig Out 7 Bodies Buried in Landslide (Reuters),Taiwan Rescuers Dig Out 7 Bodies Buried in Landslide
train_031800,train_032467,0.9609,2,2,"Fed, Corporate Forecasts to Set Tone","Fed, Corporate Forecasts to Set Tone"
train_105426,train_105454,0.9141,2,3,Philly Broadband Clash Pits City Against Telcos,Philly Broadband Clash Pits City Against Telcos (Reuters)
train_008488,train_008501,0.9219,2,2,RealNetworks offers discounts to students,RealNetworks offers discounts to students
train_016756,train_016777,0.9297,0,0,Israeli Army Destroys Gaza Homes After Bus Bombings (Reuters),Israeli Army Destroys Gaza Homes After Bus Bombings
train_053622,train_054382,0.9453,3,3,Microsoft Looks to Expand Windows at Home,Microsoft Looks to Expand Windows Brand at Home
train_056467,train_057626,0.9453,3,3,Americans Win Video Game Gold Medal (AP),Americans Win Gold at World Cyber Games (AP)
train_047222,train_047288,0.9453,0,0,Mayor's Lesbian Partner Barred from Race in Brazil,Mayor's Lesbian Partner Barred from Race in Brazil
train_059175,train_059227,0.9375,3,3,Update 1: Technical Problems Subside at PayPal,Technical Problems Subside at PayPal
train_073588,train_074051,0.9453,2,2,M A Industry Weighs Fees Against Size (Reuters),M A Industry Weighs Fees Against Size
train_002534,train_002535,0.9297,3,3,Pakistan Mobile Phone Firms Vie for Pent-Up Demand (Reuters),Pakistan Mobile Phone Firms Vie for Pent-Up Demand
train_005978,train_006018,0.9688,0,0,Shiites Hold Najaf Shrine; Clashes Flare,Militants Hold Najaf Shrine; Bombing Heard
train_071326,train_071347,0.9297,0,0,"Twelve Iraqis Die in Car Bombs, Clashes (Reuters)","Twelve Iraqis Die in Car Bombs, Clashes"
train_060241,train_060247,0.9141,0,0,"GM Europe to Slash 12,000 Jobs by 2006","GM Europe to Cut 12,000 Jobs by the End"
train_071568,train_071631,0.9453,2,2,Reynolds reports 1st earnings since merger,Reynolds Reports 1st Earnings Since Merger
train_010780,train_011996,0.9141,0,3,'Virtual Girlfriend' Demands Gifts,'Virtual Girlfriend' Demands Sweet Talk and Gifts
train_002965,train_109072,0.9609,0,0,"Report: Palestinians, Israel Back Peace Plan","Report: Palestinians, Israel Back Peace Plan"
train_082514,train_082550,0.9219,2,2,"Vornado Buys 4.3 Pct. Stake, Shares Soar","Vornado Buys 4.3 Pct. Stake, Shares Soar (Reuters)"
train_104441,train_104949,0.9062,2,2,Univision Drops Lawsuit Against Nielsen,Univision drops suit against Nielsen
train_000823,train_000888,0.9219,2,2,Lowe's Profit Rises But Trails Estimates,"Lowe's Net Trails Views, But Shares Rise"
train_075856,train_076532,0.9062,2,2,"Unemployment Claims Jump by 20,000","Unemployment Claims Jump by 20,000 (AP)"
train_014413,train_014675,0.9844,0,0,"Ghana Votes for New President, Parliament","Ghana Votes for New President, Parliament (Reuters)"
train_087189,train_087439,0.9062,3,3,Gmail Users Soon Able to Check E-Mail Via Outlook,Gmail Users Soon Able to Check E-Mail Via Outlook
train_067094,train_067227,0.9609,1,1,Baseball-Red Sox Eye End to World Series Torment,Red Sox Eye End to World Series Torment
train_053253,train_055722,0.9141,3,3,Bill Imposes Prison Time Over 'Spyware' (AP),Bill Would Impose Prison Time for Spyware (AP)
train_056707,train_056751,0.9375,0,0,N.Korea Says U.S. Blocking New Nuclear Talks (Reuters),N.Korea Says U.S. Blocking New Nuclear Talks
train_038473,train_038496,0.9375,3,2,Japan Game Makers Count on Mobile Gear for Growth (Reuters),Japan Game Makers Count on Mobile Gear for Growth
train_038473,train_038475,0.9844,3,3,Japan Game Makers Count on Mobile Gear for Growth (Reuters),Japan Game Makers Count on Mobile Gear for Growth
train_063881,train_063884,0.9219,2,2,Home Builder Optimism Reported Rising (Reuters),Home Builder Optimism Reported Rising
train_114508,train_114611,0.9297,0,0,Chile Judge Charges Pinochet in Rights Case (Reuters),Chilean Judge Charges Pinochet in Rights Case
train_065322,train_065412,0.9531,2,2,"Wells Fargo, U.S. Bancorp Profits Up 12 Pct","Wells Fargo, U.S. Bancorp Profits Rise"
train_039761,train_046259,0.9375,2,3,Samsung to make $24B chip investment by 2010,Samsung to make $24B chip investment by 2010
train_085987,train_086237,0.9922,3,3,IBM Plans Web Meeting Service; Takes Aim at WebEx,"IBM Plans Web Meeting Service, Takes Aim at WebEx"
train_113757,train_113763,0.9141,0,0,Barghouthi Pulls Out of Palestinian Election,Barghouthi Drops Out of Palestinian Election
train_050651,train_050709,0.9609,0,0,Stocks Are Mixed As Oil Prices Climb,Stocks Are Mixed As Oil Prices Climb
train_115155,train_115189,0.9062,1,1,NBA Wrap: O'Neal Pours in 40 Points as Miami Wins (Reuters),NBA Wrap: O'Neal Pours in 40 Points as Miami Wins
train_016048,train_016069,0.9375,0,0,Protesters stone Nepal mosque after Iraq killings (Reuters),Protesters Stone Nepal Mosque After Iraq Killings
train_017843,train_018357,0.9688,3,3,Spacewalking Astronauts Replace Equipment (AP),Spacewalking Astronauts Install Antennas (AP)
train_050626,train_050848,0.9531,2,2,Camden Property to Buy Summit Properties,Update 1: Camden Property to Buy Summit Properties
train_053032,train_053035,0.9219,2,2,J.C. Penney Same-Store Sales Rise 2 Pct (Reuters),J.C. Penney Same-Store Sales Rise 2 Pct
train_026268,train_026909,0.9453,0,0,Kerry Chides Bush on Assault Weapons Ban,Kerry Bashes Bush on Assault Weapons Ban
train_007421,train_007501,0.9375,2,2,KMart to Sell 18 Stores to Home Depot,KMart to Sell 18 Stores to Home Depot
train_009031,train_009065,1.0,2,2,U.S. Blue Chips Near Flat; Verizon Weighs,Blue Chips Near Flat; Verizon Weighs
train_068211,train_068619,0.9062,3,3,Intel Cancels TV Chip Project (AP),Intel Cancels TV Chip Project
train_068211,train_070210,0.9844,3,3,Intel Cancels TV Chip Project (AP),Intel Cancels Projection TV Chip Project (AP)
train_116038,train_116046,0.9531,0,0,EU Moving Close to Deal on Turkey Talks (Reuters),EU Moving Close to Deal on Turkey Talks
train_035650,train_035661,0.9453,2,2,Dollar Recovers Footing After Fed (Reuters),Dollar Recovers Footing After Fed
train_019190,train_019335,0.9297,1,1,AL Wrap: Schilling Helps Red Sox Keep Heat on Yankees,AL Wrap: Schilling Helps Red Sox Keep Heat on Yankees (Reuters)
train_015828,train_015848,0.9141,2,2,Argentina Rebuffs IMF Managing Director (Reuters),Argentina Rebuffs IMF Managing Director
train_072585,train_074141,0.9453,3,3,NASA Expert Criticizes Bush on Global Warming Policy,NASA Expert Criticizes Bush on Global Warming Policy
train_025646,train_025861,0.9141,0,0,Hurricane Ivan Heads to Cuba,Hurricane Ivan Rolls Towards Cuba
train_038831,train_040572,0.9531,3,3,Red Hat exec takes Sun to task on open source,Red Hat exec takes Sun to task on open source
train_074950,train_075995,0.9062,3,3,Bush Web Site Bars Overseas Visitors,News: Bush Web Site Bars Overseas Visitors
train_033210,train_033550,0.9453,1,1,Monty Hailed as Hero of Stunning Ryder Victory,Monty Hailed as Hero of Stunning Victory
train_112451,train_112772,0.9688,3,3,U.S. Video Games Sales Up 11 Pct in Nov.,U.S. Video Games Sales Up 11 Pct in Nov.-Analysts
train_005203,train_005324,0.9688,1,1,"Phelps Captures Fifth Gold, Seventh Medal","Swimming: Phelps Wins Fifth Gold, Seventh Medal"
train_025476,train_025494,0.9531,0,0,N.Korea Blast Cause Unclear But Many Theories,N.Korea Blast Cause Unclear But Many Theories (Reuters)
train_092821,train_092987,0.9375,3,2,Motorola to acquire MeshNetworks,Motorola to acquire MeshNetworks
train_092821,train_093947,0.9453,3,3,Motorola to acquire MeshNetworks,Update: Motorola to acquire MeshNetworks
train_092821,train_093034,0.9844,3,2,Motorola to acquire MeshNetworks,Motorola to acquire MeshNetworks
train_029498,train_029580,0.9531,0,0,U.S. Alarmed Over Suspected Iran Nuke Site,U.S. Alarmed Over Suspected Iran Nuke Site
train_092292,train_092293,0.9531,0,2,Japan Less Rosy on Economy (Reuters),Japan Less Rosy on Economy
train_010991,train_011413,0.9297,0,0,British anti-terrorism police arrest radical cleric Abu Hamza,British police arrest radical cleric Abu Hamza
train_013876,train_015083,1.0,3,3,"Internet Turns 35, Still Work in Progress (AP)","Web Turns 35, but Still Work in Progress (AP)"
train_071991,train_072306,0.9766,3,3,Work on Sender ID goes on,Work on Sender ID goes on
train_064944,train_065134,0.9531,2,2,Altria Profit Aided by Stake in SABMiller,"Altria Profit Helped by Brewer, Taxes"
train_045584,train_048480,0.9141,3,3,"Microsoft patent is rejected, but company vows to fight back","Microsoft patent is rejected, but company vows to fight back"
train_040879,train_056076,0.9688,1,1,"NBA Wrap: Suns Scorch Trail Blazers, Kings Beat Celtics","NBA-Suns Scorch Trail Blazers, Kings Beat Celtics"
train_066500,train_066609,0.9844,2,2,"Amgen Net Down, Adjusted Earnings Rise","Amgen Net Down, Adjusted Earnings Rise"
train_018436,train_018438,0.9531,0,0,Despair and Anger in Small Russian Town After Siege (Reuters),Despair and Anger in Small Russian Town After Siege
train_111937,train_111964,0.9453,0,0,OPEC Warns Oil Supply Cuts Needed for 2005 (Reuters),OPEC Warns Oil Supply Cuts Needed for 2005
train_111937,train_111994,0.9219,0,2,OPEC Warns Oil Supply Cuts Needed for 2005 (Reuters),OPEC Warns Oil Supply Cuts Needed for '05
train_011751,train_011792,0.9062,2,2,Oil Losses Ease on Iraq Pipeline Attack,Oil Rebounds After Iraq Pipeline Attack
train_011751,train_011785,0.9297,2,2,Oil Losses Ease on Iraq Pipeline Attack,Oil Losses Ease on Iraq Pipeline Attack (Reuters)
train_116622,train_116678,0.9766,2,2,Mortgage Applications Fell Last Week--MBA,Mortgage Applications Fell Last Week-MBA
train_014042,train_014045,0.9062,0,0,Venezuela's Chavez Vows Tougher Land Reform (Reuters),Venezuela's Chavez Vows Tougher Land Reform
train_065695,train_066865,0.9609,1,1,"With One Life to Live, the Red Sox Want It Now","With One Life to Live, the Red Sox Want It Now"
train_004960,train_006085,0.9297,3,3,Kazaa Owner Cheers File-Swapping Decision (AP),Kazaa Owner Cheers File-Swapping Decision (AP)
train_046791,train_047173,0.9453,3,3,Mount St. Helens a Volcanic 'Ring of Fire' (AP),Mount St. Helens a Volcanic 'Ring of Fire' (AP)
train_027758,train_027762,0.9375,2,2,Oracle Quarterly Income Rises 16 Percent (Reuters),Oracle Quarterly Income Rises 16 Percent
train_008366,train_008501,0.9141,2,2,RealNetworks music service cuts fee for students,RealNetworks offers discounts to students
train_053122,train_053164,0.9531,2,2,Retailers Report Modest Gains in September,Retailers report modest gains in September
train_118404,train_118499,0.9844,0,0,Many Now Worry AIDS Drug Will Be Halted (AP),Many Now Worry AIDS Drug Will Be Halted (AP)
train_084748,train_084843,0.9766,2,2,Microsoft Settles Novell Antitrust Suit,"Microsoft, Novell Settle Antitrust Suit"
train_068674,train_068678,0.9609,2,2,"Nextel's Profit Rises, Ups Outlook (Reuters)","Nextel's Profit Rises, Ups Outlook"
train_041401,train_041848,0.9531,0,0,CNN Producer Seized by Armed Men in Gaza,CNN Producer Seized by Armed Men in Gaza
train_107764,train_107829,0.9375,3,3,Microsoft Files Seven New Spam Lawsuits,Microsoft Files Seven New Spam Lawsuits (Reuters)
train_069105,train_069245,0.9766,1,0,Formula One gets sweeping technical changes,Formula One Gets Big Technical Changes
train_013132,train_013136,0.9609,0,0,Darfur Rebels Boycott Talks for 24 Hours (Reuters),Darfur Rebels Boycott Talks for 24 Hours
train_095058,train_095099,0.9297,2,2,FDA defends its handling of Vioxx safety,FDA defends its handling of Vioxx safety
train_018585,train_020479,0.9688,2,2,Update 1: Virgin in Talks With Chinese Telecom Firm,Virgin in Talks With Chinese Telecom Firm
train_005753,train_005756,0.9609,0,0,U.S. Troops Clash with Shi'ite Militia in Najaf (Reuters),U.S. Troops Clash with Shi'ite Militia in Najaf
train_073378,train_073391,0.9531,3,3,Storage products unveiled at SNW show (InfoWorld),Storage products unveiled at SNW show
train_021586,train_021591,0.9844,0,0,Gunmen Take Three Hostage at Ugandan Ministry (Reuters),Gunmen Take Three Hostage at Ugandan Ministry
train_049059,train_049106,0.9219,0,0,"Myanmar Still Irritant as Asia, Europe Heads Meet","Myanmar Still Irritant as Asia, Europe Heads Meet"
train_087034,train_087396,0.9297,0,0,Group Seeks Union Election Spending Probe (AP),FEC Union Election Spending Probe Sought (AP)
train_053690,train_054444,0.9141,3,2,Oracle again extends PeopleSoft offer,Oracle again extends PeopleSoft offer
train_002855,train_002929,0.9062,2,2,"Google Slashes IPO, SEC OK Expected Today","Google Slashes IPO, SEC OK Expected Today"
train_073260,train_073268,0.9531,3,2,Defendants Accused of Sending Spam,Update 1: Defendants Accused of Sending Spam
train_005314,train_005322,0.9297,3,3,'Doom 3' Game Unlikely for Xbox This Year - Id CEO (Reuters),'Doom 3' Game Unlikely for Xbox This Year - Id CEO
train_046718,train_047139,0.9609,2,2,"Ford Down, Nissan Up in September Sales","Ford Down, Nissan Up in September Sales"
train_105044,train_105176,0.9219,3,3,Kazaa Launches Defense in Copyright Case (AP),Kazaa Launches Defense in Copyright Case
train_008903,train_008908,0.9766,2,2,U.S. Exchanges Face Antitrust Probe (Reuters),U.S. Exchanges Face Antitrust Probe
train_042505,train_042508,0.9375,0,0,Crude Oil Prices Top $50 Per Barrel,Crude Oil Prices Top $50 Per Barrel
train_014584,train_014605,0.9609,2,2,European Shares Drift Down in Thin Trade,European Shares Drift Down in Thin Trade (Reuters)
train_019844,train_019845,0.9453,3,0,"Hurricane Ivan Threatens Barbados, East Caribbean (Reuters)","Hurricane Ivan Threatens Barbados, East Caribbean"
train_117330,train_117637,0.9219,3,3,Intel Acquires Chip Designers From HP,Intel Acquires Chip Designers From HP (AP)
train_020356,train_020416,0.9375,2,2,Army to Rebid Halliburton Contract -WSJ,Army to Rebid Halliburton Contract -WSJ (Reuters)
train_075994,train_076072,0.9297,3,3,Study: Firms see mixed results in outsourcing,PwC: Firms see mixed results in outsourcing
train_094065,train_094337,0.9844,3,3,NASA Calls Off Launch of Black Hole Hunter (AP),NASA Calls Off Launch of Black Hole-Hunter (AP)
train_092867,train_092897,0.9141,2,3,Google Stock Falls as Share Total Doubles,Google Stock Falls as Share Total Doubles (Reuters)
train_017147,train_017215,0.9609,3,3,Global Handset Sales Reached Record in 2nd Quarter - Survey (Reuters),Global Handset Sales Reached Record in 2nd Quarter - Survey
train_052585,train_052616,0.9219,2,2,Concerns About Winter Push Oil to Record,Concerns About Winter Push Oil to Record (Reuters)
train_018774,train_018776,0.9531,0,0,Gaza Gunmen Seize Governor's Office in Protest (Reuters),Gaza Gunmen Seize Governor's Office in Protest
train_041166,train_041171,0.9688,3,3,"IDC Raises '04 PC Outlook, Trims Forecast","IDC Raises 2004 PC Outlook, Trims 2005 Forecast"
train_021481,train_021595,0.9922,2,2,US Stock-Index Futures Decline; Dow Stocks Drop in Europe,US Stock-Index Futures Decline; Dow Stocks Drop in Europe
train_095131,train_095158,0.9219,3,3,Microsoft Warns Asian Governments of Linux Lawsuits (Reuters),Microsoft Warns Asian Govts of Linux Lawsuits
train_030831,train_031561,0.9531,3,3,New blow for Sender ID as AOL joins disbelievers,New Blow for Sender ID as AOL Joins Disbelievers
train_096618,train_096657,0.9219,3,3,Calif. to Sue Over Sierra Nevada Logging Expansion (Reuters),Calif. to Sue Over Sierra Nevada Logging Expansion
train_042476,train_042596,0.9609,2,2,Any Fannie Mae Restatement Up to SEC--COO,Fannie Mae Restatement Up to SEC - COO
train_003837,train_003862,0.9375,2,2,"Oil Hits Record on China, India Demand","Oil Hits Record on China, India Demand"
train_005589,train_005591,0.9766,0,0,US Changes West Bank Policy to Help Sharon: NYTimes (Reuters),US Changes West Bank Policy to Help Sharon: NYTimes
train_056892,train_056910,0.9453,2,2,London Oil Price Tops $50 for First Time,London Oil Price Tops $50 for First Time
train_038413,train_038915,0.9297,3,3,MIT Works to Power Computers With Spinach,MIT Works to Power Computers With Spinach (AP)
train_099382,train_099397,0.9297,2,3,"IBM Wins Honeywell Deal, Eyes More","IBM Wins Honeywell Deal, Eyes More (Reuters)"
train_042308,train_042949,0.9453,0,0,Palestinian PM Urges Tactical Rethink in Conflict (Reuters),Palestinian PM Urges Tactical Rethink in Conflict
train_046405,train_046413,0.9531,0,0,Zawahri Tape Urges Resistance to 'Crusaders' (Reuters),Zawahri Tape Urges Resistance to 'Crusaders'
train_116196,train_116315,0.9766,2,2,Fed Raises Benchmark A 5th Time,Federal Reserve Raises Benchmark A 5th Time
train_038626,train_038826,1.0,0,0,Elliot Smith CD Released Year After Death,Elliott Smith CD Released Year After Death
train_086759,train_086807,0.9688,2,2,SunTrust Fires 3 Finance Execs,SunTrust Fires 3 Finance Execs
train_116735,train_116777,0.9219,2,2,YUKOS Seeks U.S. Bankruptcy to Stop Moscow,YUKOS Seeks U.S. Bankruptcy Protection
train_002539,train_002553,0.9844,2,3,Google Sharply Reduces IPO Share Price,Google Sharply Reduces IPO Share Price
train_085978,train_088112,0.9062,0,0,"Rebels Set Off Land mine in Indian Kashmir, 11 Dead",Rebels Set Off Land mine in Indian Kashmir; 11 Dead
train_022072,train_022081,0.9688,3,3,"News: House Panel Moves to Criminalize Spyware, Net Piracy","House Panel Moves to Criminalize Spyware, Net Piracy"
train_000583,train_000608,0.9375,0,0,Pope Struggles Through Mass at Lourdes,Pope Struggles Through Mass at Lourdes (AP)
train_063191,train_063192,0.9375,2,2,Oil Prices Hit Peaks on Winter Worries (Reuters),Oil Prices Hit Peaks on Winter Worries
train_053726,train_053885,1.0,0,0,"Bush, Cheney Concede Saddam Had No WMDs","Bush, Cheney Concede Iraq Had No WMDs"
train_081694,train_081947,0.9531,2,2,"Bush, Retailers Drop in Oil Prices Give Markets Boost","Bush, Retailers Drop in Oil Prices Give Markets Boost"
train_107071,train_107079,0.9766,0,0,Flood-Hit Filipinos Seek Safety as Typhoon Nears (Reuters),Flood-Hit Filipinos Seek Safety as Typhoon Nears
train_028017,train_028119,0.9453,0,0,S.Korean Spies Say Building Work Behind North Blast,S.Korean Spies Say Building Work Behind North Blast
train_067312,train_067562,0.9141,3,3,Microsoft CEO: Hackers Getting Smarter (AP),Microsoft CEO: Hackers Getting Smarter
train_021589,train_026338,0.9219,2,3,Lenovo Confirms Acquisition Talks,Lenovo Confirms Acquisition Talks (Reuters)
train_085260,train_085492,0.9062,0,0,Brazilian Troops to Remain in Haiti (AP),Brazilian Troops to Remain in Haiti
train_053145,train_053187,0.9609,3,3,VoIP Gains Ground With Bank Of America Deal,VoIP Gains Ground With Bank of America Deal
train_027808,train_027833,0.9609,1,1,Anderson Going Back to the Titans,Anderson going back to the Titans
train_046957,train_047050,0.9375,1,1,Agreement reached on Guillen suspension,Agreement Reached on Guillen Suspension
train_112110,train_112151,0.9062,1,1,Finley moving down the freeway,Finley set to be an Angel
train_073941,train_074274,0.9531,3,3,Robotic Craft's Launch Delayed At Least 2 Days,Robotic Craft's Launch Delayed At Least 2 Days
train_086918,train_087123,0.9141,3,3,WTO Eyes U.S. Offshore Web Gambling Ban (AP),WTO Eyes U.S. Offshore Web Gambling Ban
train_014326,train_014338,0.9453,0,0,"Kabul Bomb Death Toll Rises, Up to 12 Believed Dead","Kabul Bomb Death Toll Rises, Up to 12 Believed Dead"
train_015077,train_015133,0.9297,3,3,Start-Up Offers Low-Power 'Personal Supercomputers' (Reuters),Start-Up Offers Low-Power 'Personal Supercomputers'
train_015077,train_015213,0.9375,3,3,Start-Up Offers Low-Power 'Personal Supercomputers' (Reuters),Start-Up Offers Low-Power 'Personal Supercomputers'
train_065189,train_065947,0.9688,3,3,Microsoft announces Istanbul LCS client,Microsoft announces Istanbul LCS client
train_067776,train_067781,0.9922,1,1,"With Yankees Slain, 'Miracle' Sox Eye Bigger Demon","With Yankees Slain, 'Miracle' Sox Eye Bigger Demon (Reuters)"
train_093127,train_093148,0.9688,2,2,Dollar Stuck Near Lows Ahead of G20 Meet (Reuters),Dollar Stuck Near Lows Ahead of G20
train_065835,train_065836,0.9609,3,3,Digital Agenda: Homeland security--A global assault on anonymity (page 2),Digital Agenda: Homeland security--A global assault on anonymity
train_051957,train_051971,0.9453,3,3,Google Steals a Page from Amazon's Book Search,Google Steals a Page from Amazon's Book Search (Reuters)
train_087671,train_087891,0.9453,2,2,Oil Prices Fall on Signs of Rising Supply,Oil Falls on Signs of Rising Crude Supply
train_070430,train_070432,0.9062,3,3,"Wireless Companies Chat Up Teens, Young Adults","Wireless Companies Chat Up Teens, Young Adults (Reuters)"
train_090664,train_090907,0.9766,3,3,Pilotless Jet Will Attempt Speed Record,Pilotless Jet Will Attempt Speed Record
train_024356,train_024488,0.9922,0,0,Questions Linger Over Russia School Seige,Questions Linger Over Russia School Siege
train_070358,train_070380,0.9219,0,0,Israeli Cabinet Passes Gaza Bill Before Key Vote (Reuters),Israeli Cabinet Passes Gaza Bill Before Key Vote
train_041920,train_042110,0.9531,2,2,Oil Charges to $50.35 on Supply Threats,Oil Charges to $50.47 Record
train_113302,train_115818,0.9766,0,0,AP: Bush Will Make Air Pollution Priority (AP),AP: Air Pollution a Top Priority for Bush (AP)
train_013222,train_013293,0.9688,0,0,2 Arrested in Alleged NYC Subway Bomb Plot,2 Arrested in Alleged NYC Subway Bomb Plot
train_108278,train_108464,0.9219,2,2,Supreme Court to Decide Cable Internet Case,Supreme Court to Decide Cable Internet Case
train_106210,train_106271,0.9062,0,0,Mozambique Votes to Elect Successor to Chissano,Mozambique Votes to Elect Successor to Chissano
train_085344,train_086408,0.9062,2,2,East Asia's Economies to Grow Over 7 Pct.,Asia's economic growth drives down poverty
train_030335,train_030393,0.9453,0,0,Hurricane Ivan's Fury Kills 20 Along the Gulf Coast,Hurricane Ivan's Fury Kills 20 Along the Middle Gulf Coast
train_040377,train_040423,0.9297,2,2,Oil Heads Toward $49.40 Record,Oil Heads Toward $49.40 Record (Reuters)
train_084564,train_084589,0.9688,2,2,McDonald's Same-Store Sales Rise 6.1 Pct.,McDonald's Same-Store Sales Rise 6.1 Pct
train_105906,train_105998,0.9453,0,0,International Mediators Try to End Ukraine Crisis (Reuters),International Mediators Try to End Ukraine Crisis
train_013791,train_013793,0.9453,2,2,Investors Take a Holiday (Reuters),Investors Take a Holiday
train_087142,train_087188,0.9609,3,3,Photos: Gateway's wind-tunnel designs,Photos: Gateway's wind-tunnel design
train_049438,train_049459,0.9375,3,3,Jury Rules in Favor of Kodak in Dispute,Jury Rules in Favor of Kodak in Dispute (AP)
train_024573,train_024594,0.9688,3,3,PluggedIn: New Car Gadgets May Distract Drivers (Reuters),PluggedIn: New Car Gadgets May Distract Drivers
train_010546,train_010608,0.9141,2,2,London Oil Down to $40; Funds Take Profit,London Oil Down to $40; Funds Take Profit
train_048666,train_048717,0.9297,1,1,Giants' Barber Sees Daylight at a Good Time,Giants See Daylight at Right Time
train_087550,train_088422,0.9453,3,3,Microsoft Debuts Own Web Search Technology (AP),Microsoft Launches Web Search Technology (AP)
train_009698,train_009850,0.9922,3,3,Smallest 'Earth-like' planet seen,Smallest 'Earth-like' planet seen
train_096485,train_096705,0.9688,0,0,"Iraqi Troops Raid Baghdad Mosque, 17 Detained","Iraqi Troops Raid Baghdad Mosque, 17 Detained (Reuters)"
train_085090,train_085635,0.9375,3,3,Court Urged to Hear File-Sharing Case (AP),Court Urged to Hear File-Sharing Case
train_030478,train_030479,0.9375,0,0,Indonesian Police Detain Seven People on Terror Links,Indonesian Police Detain Seven People on Terror Links
train_043016,train_043633,0.9062,1,1,"BoSox's Astacio, Yanks' Halsey suspended","Pitchers Astacio, Halsey each suspended three games"
train_025893,train_025901,0.9375,3,3,IBM's Open-Source Lovefest (washingtonpost.com),IBM's Open-Source Lovefest
train_055942,train_056551,0.9141,2,2,"Saudi Arabia, Gulf States Plan to Boost Oil Capacity (Update2)","Saudi Arabia, Gulf States to boost output"
train_064490,train_064572,0.9219,2,2,Asian Stocks Rise on U.S. Tech Advances,Asian Stocks Rise on U.S. Tech Advances (Reuters)
train_007511,train_007562,0.9453,1,1,"Basketball: U.S. Men Cruise Past Angola, 89-53",Basketball: U.S. Cruises Past Angola 89-53
train_015549,train_015578,0.9219,2,2,Midwest Business Growth at Slower Pace (Reuters),Midwest Business Growth at Slower Pace
train_102586,train_103898,0.9453,3,3,Big game hunters off the hook for bison population crash,Study: Hunters off hook for bison population crash
train_045968,train_045969,0.9219,2,2,IBM to Expand Data Centers Across World (Reuters),IBM to Expand Data Centers Across World
train_019036,train_019854,0.9453,3,3,The ABCs of Back-To-School Electronics (AP),Back-To-School Now Includes Electronics (AP)
train_004159,train_004347,0.9766,2,2,Google Up in Market Debut After Bumpy IPO,Google Up in Market Debut After Bumpy IPO
train_031142,train_031348,0.9453,0,0,Iran Nuclear Enrichment Freeze Offer a Ploy - U.S.,Iran Nuclear Enrichment Freeze Offer a Ploy - U.S. (Reuters)
train_015552,train_015586,0.9297,2,2,"Stocks Unchanged, Intel Weighs on Nasdaq (Reuters)","Stocks Unchanged, Intel Weighs on Nasdaq"
train_041888,train_042023,0.9297,1,1,NL Wrap: Cubs Pound Reds to Retain Wild Card Lead,NL Wrap: Cubs Pound Reds to Retain Wild Card Lead (Reuters)
train_042174,train_042286,0.9531,2,2,Dreamworks Files for IPO with SEC,Dreamworks Files for IPO with SEC
train_001642,train_002701,0.9688,3,3,U.S. Broadband Growth Slows - Analyst,U.S. Broadband Growth Slows - Analyst
train_004526,train_004646,0.9062,2,2,Nortel Will Cut Workforce by 10 Percent,"Nortel Networks to cut 3,500"
train_002030,train_002648,1.0,3,0,Berlin Zoo Separates Baby Rhino from Clumsy Mother (Reuters),Zoo Separates Baby Rhino from Clumsy Mother (Reuters)
train_005204,train_005325,0.9297,0,0,Sadr Militia Still Controls Iraq Shrine -Witnesses,Sadr Militia Still Controls Iraq Shrine -- Witnesses
train_005204,train_005261,0.9688,0,0,Sadr Militia Still Controls Iraq Shrine -Witnesses,Sadr Militia Still Controls Iraq Shrine - Witness
train_005204,train_005289,0.9219,0,0,Sadr Militia Still Controls Iraq Shrine -Witnesses,Sadr Militia Still Controls Iraq Shrine -- Witness
train_005204,train_005242,0.9688,0,0,Sadr Militia Still Controls Iraq Shrine -Witnesses,Sadr Militia Still Controls Iraq Shrine -Witnesses
train_047681,train_048164,0.9297,0,0,25 Terror Suspects Nabbed in Afghanistan,25 Terror Suspects Nabbed in Afghanistan
train_052497,train_052557,0.9219,0,0,Ethics Panel Rebukes DeLay Twice in a Week (AP),Ethics Panel Rebukes DeLay Twice in a Week
train_013364,train_013412,0.9531,1,1,NL Wrap: 5-Hit Beltre Leads Dodgers to Win Over Mets,NL Wrap: 5-Hit Beltre Leads Dodgers to Win Over Mets (Reuters)
train_013364,train_013483,0.9219,1,1,NL Wrap: 5-Hit Beltre Leads Dodgers to Win Over Mets,NL Wrap: Baseball-Five-Hit Beltre Leads Dodgers to Win
train_075903,train_075925,1.0,2,2,Stocks Fall After China Raises Rates,Stocks Fall as China Raises Rates
train_015783,train_015874,0.9297,0,0,Tribunal to Consider Defense Lawyer for Milosevic,Tribunal to Consider Defense Lawyer for Milosevic
train_049265,train_049578,0.9688,0,0,"Stocks Higher on Drop in Oil, Fed Comments","Stocks Rise on Drop in Oil, Fed Comments"
train_064031,train_064220,0.9844,3,3,PC Shipments Rise 12 Percent Worldwide,PC Shipments Rise 12 Pct Worldwide in 3rd Quarter
train_032128,train_032149,0.9297,1,1,NL Wrap: Padres Ease Past Giants Despite Bonds Homer,NL Wrap: Padres Ease Past Giants Despite Bonds Homer
train_032128,train_032210,0.9375,1,1,NL Wrap: Padres Ease Past Giants Despite Bonds Homer,NL Wrap: Padres Pass Giants Despite Bonds Homer
train_107752,train_107805,0.9844,2,2,Tokyo Stocks Climb to a Two-Week High,Tokyo Stocks Climb to a Two-Week High
train_037279,train_037339,0.9219,0,0,US warns N. Korea against missile tests (AFP),"US warns N. Korea against missile tests, urges return to nuclear talks (AFP)"
train_036156,train_036290,0.9609,0,0,"Stocks Dive on Morgan Stanley, Oil Reports","Stocks Dive on Morgan Stanley, Oil Reports"
train_044145,train_044318,0.9375,2,2,"IBM Settles Pension Suit, to Take Charge","IBM settles pension suit, take charge"
train_088346,train_088357,0.9844,1,1,Moss to miss second straight game,Moss to Miss Second Straight Game
train_018729,train_019053,0.9609,2,2,World Needs More Oil Capacity -Watchdog,World Needs More Oil Capacity -Watchdog
train_018729,train_018920,0.9609,2,2,World Needs More Oil Capacity -Watchdog,World Needs More Oil Capacity -Watchdog (Reuters)
train_090590,train_090594,0.9688,2,2,"Tokyo Stocks Open Up on Banks, Exporters","Tokyo Stocks Open Up on Banks, Exporters (Reuters)"
train_114607,train_114611,0.9375,0,0,Chilean Judge Charges Pinochet in Rights Case,Chilean Judge Charges Pinochet in Rights Case
train_001436,train_001581,0.9609,2,2,U.S. July Output Up; Factories Run Faster,US July Output Up; Factories Run Faster
train_023672,train_025879,0.9141,3,3,Microsoft Sees Music Opportunity in Cell Phones (Reuters),Microsoft sees music opportunity in cell phones
train_023672,train_023725,0.9297,3,3,Microsoft Sees Music Opportunity in Cell Phones (Reuters),Microsoft Sees Music Opportunity in Cell Phones
train_059699,train_059937,0.9062,2,2,Oil rally sends stocks sharply lower,Soaring Oil Prices Send Stocks Skidding
train_067862,train_068417,0.9922,3,3,"Google patches one security hole, but another surfaces","Google patches one security hole, but another surfaces"
train_063076,train_063087,0.9375,1,1,"Beltran's Bat Gives Cards, Owners Food for Thought","Beltran's Bat Gives Cards, Owners Food for Thought"
train_092590,train_092628,0.9531,2,2,Update 2: Eisner Says He Discussed Ovitz Hiring,Eisner Says He Discussed Ovitz Hiring
train_007563,train_007646,0.9531,2,2,Blue Chips Flat After Wal-Mart News,Blue Chips Flat After Wal-Mart Forecast
train_050895,train_051225,0.9766,1,1,Cardinals Drum Dodgers in Playoff Opener (AP),Cards Dominate Dodgers in Playoff Opener (AP)
train_034784,train_034828,0.9141,3,3,PeopleSoft ties knot with IBM,PeopleSoft deepens ties with IBM
train_053772,train_053777,0.9609,0,0,Cuba Hospitalizes Dissident After Wife's Protest (Reuters),Cuba Hospitalizes Dissident After Wife's Protest
train_022255,train_022323,0.9688,2,2,Dollar Up Vs Yen on Weak Machinery Data (Reuters),Dollar Up Vs Yen on Weak Machinery Data
train_009895,train_010577,0.9062,3,3,Review: Game Boy Add-On Video Is Limiting (AP),Game Boy Add-On Video Is Limiting
train_049100,train_049144,0.9531,2,2,"Office Depot Chairman, CEO Nelson Resigns","Office Depot Chairman, CEO Nelson Resigns"
train_012577,train_012601,0.9531,3,3,California sues Microsoft for antitrust...again,California sues Microsoft for antitrust--again
train_054425,train_054467,0.9844,0,0,Martha Stewart Reports to Prison in W. Va.,Martha Stewart Reports to Prison in W.Va.
train_092705,train_092803,0.9609,2,2,Oil Slides as U.S. Supplies Seen Growing,"Oil Extends Slide, Supplies Seen Growing"
train_106657,train_107167,0.9453,2,2,Europe to Sue Over Data Greece Gave on Economy,Europe to Sue Over Data Greece Gave on Economy
train_117357,train_117400,0.9453,1,1,Rockets activate Lue from injured list,Rockets Activate Lue from Injured List
train_072191,train_072875,0.9141,3,3,Online Music Site Settles Copyright Suit (AP),Online Music Site Settles Copyright Suit
train_070025,train_070117,0.9141,3,0,Brazil Launches First Rocket Into Space (AP),Brazil Launches First Rocket Into Space
train_065895,train_066428,0.9766,0,0,Iran Says It's Ready to Prove Not Pursuing Nuke Weapons,Iran Says Ready to Prove Not Pursuing Nuke Weapons
train_023725,train_025879,0.9609,3,3,Microsoft Sees Music Opportunity in Cell Phones,Microsoft sees music opportunity in cell phones
train_092509,train_092510,0.9531,0,3,"Vodafone interim profits dip, dividend hiked (AFP)","Vodafone interim profits dip, dividend hiked (AFP)"
train_072422,train_072443,0.9453,2,2,Oil Prices Dip Toward $54,Oil Prices Dip Toward $54 (Reuters)
train_048281,train_048286,0.9297,0,0,IRA Would Disarm if N.Irish Deal Is Struck - Adams (Reuters),IRA Would Disarm if N.Irish Deal Is Struck - Adams
train_001814,train_002067,0.9141,3,3,New PC Is Created Just for Teenagers (AP),New Computer Is Created Just for Teenagers
train_001814,train_002698,0.9297,3,3,New PC Is Created Just for Teenagers (AP),New PC Is Created Just for Teenagers
train_004093,train_004183,0.9922,0,0,Gov't Gives Najaf Militants 'Final Call',Gov't Gives Najaf Militants 'Final Call'
train_072358,train_072816,0.9062,3,3,Microsoft Regains AOL's Support for Anti-Spam Technology,Microsoft Regains AOL's Support For Anti-Spam Technology (washingtonpost.com)
train_077252,train_078728,0.9062,3,3,NASA Prepares for Future Space Exploration Risk,NASA Prepares for Future Space Exploration Risk
train_020543,train_020553,0.9219,2,2,Seagate Sees Results Above Estimates (Reuters),Seagate Sees Results Above Estimates
train_110285,train_111365,0.9375,3,3,Experts Urge People to Unplug Occasionally (AP),Experts Urge People to Unplug Occasionally
train_055438,train_056101,0.9453,0,0,Pro-Taliban Clerics Killed in Pakistan's Karachi (Reuters),Pro-Taliban Clerics Killed in Pakistan's Karachi
train_089365,train_089453,0.9219,2,3,Analyst Sees Cingular Awarding Deal Soon,Analyst Sees Cingular Awarding Deal Soon (Reuters)
train_086262,train_086264,0.9688,2,2,Dollar Edges Up After Euro Talked Down (Reuters),Dollar Edges Up After Euro Talked Down
train_098753,train_099400,0.9297,3,3,Researchers Study Drunken Rats (AP),Drunken Rats Used to Study Alcohol Effects (AP)
train_062364,train_062424,0.9453,0,0,Thousands Queue for Dwindling Flu Shots,Thousands Line Up for Dwindling Flu Shots
train_062364,train_062365,0.9922,0,0,Thousands Queue for Dwindling Flu Shots,Thousands Queue for Dwindling Flu Shots
train_085689,train_091834,0.9375,0,0,Colombian Drug Kingpin Transported to U.S.,Colombian Drug Kingpin Transported to U.S. (AP)
train_085915,train_086248,0.9141,3,3,IBM Plans Web Meeting Service; Takes Aim at WebEx,"IBM Plans Web Meeting Service, Takes Aim at WebEx (Reuters)"
train_085915,train_085987,0.9766,3,3,IBM Plans Web Meeting Service; Takes Aim at WebEx,IBM Plans Web Meeting Service; Takes Aim at WebEx
train_085915,train_086237,0.9688,3,3,IBM Plans Web Meeting Service; Takes Aim at WebEx,"IBM Plans Web Meeting Service, Takes Aim at WebEx"
train_083240,train_083301,0.9453,0,0,"Arafat's Condition Critical, Leaders Urge Unity","Arafat's Condition Critical, Leaders Urge Unity"
train_075928,train_075933,0.9453,3,3,AOL to Give Away Anti-Virus Software to Members (Reuters),AOL to Give Away Anti-Virus Software to Members
train_055844,train_055859,0.9219,2,2,Saudi Vows to Guarantee Oil Supplies,Saudi Vows to Guarantee Oil Supplies
train_116602,train_116679,0.9844,2,2,YUKOS Seeks U.S. Bankruptcy,YUKOS Seeks Bankruptcy
train_022935,train_022990,0.9297,2,3,Baby Bells See Rivals Taking Fewer Phones,Baby Bells See Rivals Taking Fewer Phones
train_118224,train_118239,0.9609,1,1,Ole Miss tabs Orgeron as head coach,Ole Miss Tabs Orgeron as Head Coach
train_007337,train_007401,0.9609,1,1,Tsoumeleka Wins Greece's First Track Gold,Tsoumeleka Wins Greece's First Athletics Gold
train_052196,train_052239,0.9062,3,3,Qwest adds to VOIP service (InfoWorld),Qwest adds to VOIP service
train_085189,train_085652,0.9609,3,3,Toshiba sues Hynix on memory patents,Update: Toshiba sues Hynix on memory patents
train_109226,train_109369,0.9062,1,1,Strong to Coach Gators in the Peach Bowl (AP),Zook Not Going to Bowl
train_026011,train_026265,0.9844,0,0,Hurricane Ivan Rolls Towards Cuba,Hurricane Ivan Barrels Toward Western Cuba
train_063098,train_063104,0.9531,2,2,Dollar Closes in on Lows After Weak Data (Reuters),Dollar Closes in on Lows After Weak Data
train_099061,train_099152,0.9531,2,2,IBM Sales Exec Swainson to Become CA CEO,IBM Sales Exec Swainson to Become CA CEO
train_059799,train_059916,0.9375,3,3,Fossil Hunters Find Sleeping Dinosaur in China (Reuters),Fossil Hunters Find Sleeping Dinosaur in China
train_050885,train_050949,0.9141,3,2,PeopleSoft board opens up to Oracle,PeopleSoft board opens up to Oracle
train_011271,train_011277,0.9531,0,0,Kidnappers Say They Have Killed Italian Hostage --TV (Reuters),Kidnappers Say They Have Killed Italian Hostage --TV
train_109988,train_110152,0.9844,0,0,N.Irish Deal Stalls Over IRA Arms Pictures,N. Irish Deal Stalls Over IRA Arms Pictures
train_005265,train_007872,0.9375,3,3,Music Piracy Lawsuits Wend Through Court (AP),Some Twists in Music Piracy Lawsuits
train_038669,train_038674,0.9453,0,0,"India, Pakistan Leaders Hail New Chapter in Ties (Reuters)","India, Pakistan Leaders Hail New Chapter in Ties"
train_038669,train_038928,0.9219,0,0,"India, Pakistan Leaders Hail New Chapter in Ties (Reuters)","Manmohan, Musharraf hail new chapter in ties (Reuters)"
train_050942,train_051107,0.9297,0,3,Hormone Leptin May Treat Infertility,Hormone Leptin May Treat Infertility in Women
train_073458,train_073599,0.9453,3,3,"Apple Rolls Out iPod Photo, Rocks with U2","Apple Rolls Out iPod Photo, Rocks with U2"
train_095018,train_095073,0.9141,0,3,"Russia Ratifies Kyoto, Starts on Feb. 16","Russia Ratifies Kyoto, Starts on Feb 16 (Reuters)"
train_095018,train_095053,0.9922,0,2,"Russia Ratifies Kyoto, Starts on Feb. 16","Russia Ratifies Kyoto, Starts on Feb 16"
train_102089,train_102112,0.9141,3,3,3 Giants Create New Online Music Service (AP),3 Giants Create New Online Music Service
train_096551,train_096560,0.9141,1,0,Soccer Club to Be Charged With Murder (AP),Soccer Club to Be Charged With Murder
train_058052,train_058069,0.9375,0,0,Milosevic Trial Resumes After Month-Long Break,Milosevic Trial Resumes After Month-Long Break (Reuters)
train_045346,train_045465,0.9531,0,0,Stocks Decline on Merck's Vioxx Woes,Stocks Decline on Merck's Vioxx Woes
train_021700,train_021929,0.9609,0,0,"U.S. Deaths in Iraq Top 1,000; Aid Groups Eye Exit","U.S. Deaths in Iraq Top 1,000, Aid Groups Eye Exit"
train_056056,train_056103,0.9922,0,0,Tape of Bigley Decapitation Posted on Web,Tape of Bigley Beheading Posted on Web
train_061578,train_061786,0.9219,0,0,Stocks Climb on Positive Retail Sales,Stocks Rise on Strong Retail Sales Report
train_054975,train_054979,0.9688,0,0,Afghans Set for Historic Vote Under Militant Threat (Reuters),Afghans Set for Historic Vote Under Militant Threat
train_013786,train_013902,0.9297,1,1,South Korean gymnast goes to sport court to get gold medal,Tae-young goes to court
train_013786,train_013831,0.9375,1,1,South Korean gymnast goes to sport court to get gold medal,Gymnast Goes to Court
train_037225,train_037257,0.9141,2,2,US Economic Gauge Signals Weakness,U.S. Economic Gauge Signals Weakness (Reuters)
train_043689,train_044761,0.9375,3,2,Computer Associates Announces Restructuring,Business Glance
train_115559,train_115791,0.9375,0,0,Afghan Forces Catch Mullah Omar's Security Chief (Reuters),Afghan Forces Catch Mullah Omar's Security Chief
train_002105,train_002123,0.9609,0,0,China says hopes N.Korea nuclear talks to continue,China says hopes N.Korea nuclear talks to continue
train_110365,train_110508,0.9844,0,0,Iraqis May Extend Election Amid Violence,Iraqis May Extend Election Amid Violence
train_015592,train_015726,0.9531,2,2,Consumer Confidence Falls in August,Consumer confidence falls
train_006053,train_006068,0.9453,1,1,NL: Green Homers Lift Los Angeles Past Atlanta (Reuters),NL: Green Homers Lift Los Angeles Past Atlanta
train_063258,train_063330,0.9453,2,2,Asian Stocks Slip as Oil Moves Above $55,Asian Stocks Slip as Oil Moves Above $55 (Reuters)
train_076027,train_076066,0.9688,2,2,CNNfn Network to Close by Mid-December,CNNfn Network to Close by Mid-December
train_026725,train_026731,0.9453,0,0,Australia Firm on Troops After Iraq Hostage Report (Reuters),Australia Firm on Troops After Iraq Hostage Report
train_073438,train_073661,0.9609,2,2,Cingular Closes $41 Bln ATT Wireless Deal,Cingular Closes $41 Bln ATT Wireless Deal
train_051010,train_051080,0.9766,1,1,Ricky Williams asks league to clarify his status,Williams Asks NFL to Clarify His Status
train_015429,train_016250,0.9609,1,1,Today's schedule,Today's schedule
train_053143,train_056617,0.9922,3,3,Google Print: The Next Big Thing,Google Print: The Next Big Thing
train_119262,train_119433,0.9297,1,1,Former Blue Jays Manager Mattick Dies,Former Blue Jays Manager Mattick Dies
train_095882,train_095903,0.9297,2,2,5 'inside' directors quit Marsh board,5 'inside' directors quit Marsh board
train_048513,train_048521,0.9531,3,3,Programs: 'Evil Genius' Brings Out Your Inner Villain (Reuters),Programs: 'Evil Genius' Brings Out Your Inner Villain
train_075236,train_075299,0.9141,2,2,Report: Delta Reaches Deal with Pilots,Report: Delta Reaches Deal with Pilots (Reuters)
train_030860,train_032719,0.9062,3,3,IBM registers grid computing wins,IBM registers grid computing wins
train_118020,train_118727,0.9453,3,3,Ill. Gov. Seeks Violent Video Game Ban (AP),Ill. Gov. Seeks Ban on Violent Video Games (AP)
train_101247,train_101310,0.9453,3,3,Arctic People Seek Tropical Team on Global Warming,Arctic People Seek Tropical Team on Global Warming (Reuters)
train_000820,train_000828,0.9766,2,2,Cost Cuts Boost Kmart Quarterly Profit,Cost Cuts Help Kmart Post Profit
train_095443,train_095537,0.9531,2,2,"Sirius Names Karmazin CEO, Shares Jump (Reuters)","Sirius Names Karmazin CEO, Shares Jump (Reuters)"
train_021979,train_022023,0.9141,1,1,Astros Beat Reds 5-2 for 12th Straight Win,Astros Beat Reds 5-2 for 12th Straight Win (AP)
train_114150,train_114163,0.9219,0,0,Spain Defends Its Iraq Troop Withdrawal,Spain Defends Its Iraq Troop Withdrawal
train_099526,train_099547,0.9141,2,2,Gold Hits 16-Year High; Asian Shares Gain (Reuters),Gold Hits 16-Year High; Asian Shares Gain
train_116421,train_116437,0.9453,0,0,Kidnapped Turk Killed in Afghanistan -- Witness (Reuters),Kidnapped Turk Killed in Afghanistan -- Witness
train_067383,train_068443,0.9531,0,0,"Typhoon Kills 66 in Japan, Deadliest in 22 Years","Typhoon kills 66 in Japan, deadliest in 22 years"
train_032906,train_032925,0.9453,2,2,Dollar Firmer Ahead of Fed Rate Decision,Dollar Firmer Ahead of Fed Rate Decision (Reuters)
train_084997,train_085078,0.9844,3,3,"Comcast, Microsoft to Deploy Video Recorder Set-Tops","Comcast, Microsoft to Deploy Video Recorder Set-Tops"
train_093777,train_093806,0.9609,0,3,Pink Locusts from North Africa Swarm Through Cairo,Pink Locusts from North Africa Swarm Through Cairo (Reuters)
train_055434,train_069687,0.9141,2,2,Wal-Mart Keeps Same-Store Sales Outlook (Reuters),Wal-Mart Keeps Same-Store Sales Outlook (Reuters)
train_055434,train_083231,0.9141,2,2,Wal-Mart Keeps Same-Store Sales Outlook (Reuters),Wal-Mart Keeps Same-Store Sales Outlook (Reuters)
train_094988,train_095181,0.9766,0,0,Russia's Putin Defends Political Reforms,Russia's Putin Defends Political Reforms
train_033448,train_033511,0.9375,2,2,"Colgate Warns, Shares Hit 4-Year Low","Colgate Warns, Shares Hit 4-Year Low"
train_055603,train_055623,0.9219,0,0,"Kerry, Bush Campaign After Feisty Debate",Candidates Spar After Contentious Debate
train_027912,train_027960,0.9688,1,1,NL Wrap: Bonds Denied Home-Run Milestone in Giants Win,NL Wrap: Bonds Denied Home-Run Milestone in Giants Win (Reuters)
train_037232,train_038080,0.9766,3,3,Rival Technologies Vie for 'Green' Car of Tomorrow,Rival Technologies Vie for 'Green' Car of Tomorrow (Reuters)
train_010289,train_010482,0.9219,0,0,Australia Risks Asian Ire with Long-Range Missiles (Reuters),Australia Risks Asian Ire with Long-Range Missiles
train_055611,train_055798,0.9609,0,0,Australia's Howard Celebrates Fourth Poll Win,Australia's Howard Celebrates Fourth Poll Win
train_024189,train_024760,0.9375,3,3,Scientists Recover Critical Genesis Parts (AP),Scientists Recover Critical Genesis Parts (AP)
train_053738,train_053803,0.9375,3,3,Photo 1 of 8: Global gamers clash for cash,Photo 7 of 8: Global gamers clash for cash
train_053738,train_053805,0.9531,3,3,Photo 1 of 8: Global gamers clash for cash,Photo 4 of 8: Global gamers clash for cash
train_053738,train_053799,0.9531,3,3,Photo 1 of 8: Global gamers clash for cash,Photo 2 of 8: Global gamers clash for cash
train_053738,train_053797,0.9531,3,3,Photo 1 of 8: Global gamers clash for cash,Photo 3 of 8: Global gamers clash for cash
train_053738,train_053801,0.9531,3,3,Photo 1 of 8: Global gamers clash for cash,Photo 6 of 8: Global gamers clash for cash
train_053738,train_053800,0.9375,3,3,Photo 1 of 8: Global gamers clash for cash,Photo 5 of 8: Global gamers clash for cash
train_053738,train_053798,0.9453,3,3,Photo 1 of 8: Global gamers clash for cash,Photo 8 of 8: Global gamers clash for cash
train_109159,train_109369,0.9609,1,1,Florida won't let Zook coach Gators in Peach Bowl,Zook Not Going to Bowl
train_006435,train_006527,0.9219,2,2,Google Roadshows Left Small Investors Out,Google Roadshows Left Small Investors Out (Reuters)
train_108205,train_108467,0.9297,3,3,High-Tech Publisher Tries 'Blogozine',High-Tech Publisher Tries 'Blogozine' (AP)
train_053078,train_053085,0.9219,1,1,Red Sox Cruise Into 2-0 Lead Over Angels (Reuters),Red Sox Cruise Into 2-0 Lead Over Angels
train_105422,train_106162,0.9297,2,2,Gazprom to Bid for YUKOS Key Oil Unit,Gazprom decides to bid for Yukos key oil unit
train_005172,train_005228,0.9453,0,0,Stocks Move Higher As Oil Prices Decline,Stocks Edge Higher As Oil Prices Fall
train_032737,train_032738,0.9531,0,0,Indonesians Begin Voting in Landmark Election (Reuters),Indonesians Begin Voting in Landmark Election
train_032737,train_032807,0.9531,0,0,Indonesians Begin Voting in Landmark Election (Reuters),Millions of Indonesians Vote in Landmark Election (Reuters)
train_095909,train_095940,0.9297,2,2,"Dollar Steadies, More Weakness Expected","Dollar Steadies, More Weakness Expected (Reuters)"
train_072731,train_072912,0.9375,2,2,TSMC expects first 4Q sales drop ever,TSMC expects first 4Q sales drop since 1998
train_027883,train_027909,0.9453,2,2,Hurricane Pushes U.S. Oil Toward $45,Hurricane Pushes U.S. Oil Toward $45 (Reuters)
train_115503,train_115671,0.9766,0,3,Proud France Inaugurates World's Highest Bridge (Reuters),Proud France Inaugurates World's Highest Bridge (Reuters)
train_032447,train_032489,0.9453,0,0,Man Linked to Bush Memos Contacted Cleland,Ex-Guardsman Contacted Kerry Campaign
train_095286,train_095628,0.9453,3,3,Dell's Photo All-In-One Printer 962,Photo: Dell's Photo All-In-One Printer 962
train_096315,train_096492,0.9219,2,2,Movie Gallery Bids for Hollywood Video (Reuters),Movie Gallery Offers to Buy Hollywood Video Chain
train_002728,train_002895,0.9688,2,2,Air Canada Stock Plunges on Review,Air Canada Stock Plummets on Review
train_027092,train_027206,0.9297,1,1,Casey Defends Decision to Fire Caddie,Casey Defends Decision to Fire Caddie
train_004013,train_004026,0.9609,3,3,EA Video Game 'Madden' Tops 1.3 Million First Week,EA Video Game 'Madden' Tops 1.3 Million First Week
train_076630,train_077245,0.9531,0,0,Second Bomb Injures 9 in Thai South - Witnesses (Reuters),Second Bomb Injures 9 in Thai South - Witnesses
train_008403,train_008431,0.9453,0,0,Blasts in Baghdad Target Two Ministerial Convoys,Blasts in Baghdad Target Two Ministerial Convoys
train_032365,train_032367,0.9375,0,0,Serbs Vote for Councils and Belgrade Super-Mayor (Reuters),Serbs Vote for Councils and Belgrade Super-Mayor
train_107727,train_108200,0.9453,2,3,Update 4: Intel Raises 4th-Quarter Sales Forecast,Intel Raises 4th-Quarter Sales Forecast
train_044534,train_044578,0.9375,0,0,Division Is Almost in Yanks' Hands,The Division Is Almost in the Yankees' Hands
train_079003,train_079045,0.9688,2,2,"UPDATE 1-Oracle raises PeopleSoft offer, sets deadline","UPDATE 2-Oracle raises PeopleSoft offer, sets deadline"
train_023441,train_023554,0.9531,2,2,Eisner to Step Down as CEO in 2006 -WSJ,CEO Eisner to Step Down in Sept 2006 -WSJ
train_047147,train_047186,0.9375,2,0,Group of Seven Wants More Oil Output,Group of Seven Wants More Oil Output (Reuters)
train_034175,train_034206,0.9766,3,3,"Herndon, NY Cyber-Security Firms to Merge","Herndon, N.Y. Cyber-Security Firms to Merge"
train_086907,train_087058,0.9062,2,3,Vodafone Launches 3G Services in Europe,Vodafone Launches 3G Services in Europe (AP)
train_049055,train_049059,0.9297,0,0,"Myanmar Still Irritant as Asia, Europe Heads Meet (Reuters)","Myanmar Still Irritant as Asia, Europe Heads Meet"
train_086391,train_086930,0.9531,3,3,Microsoft Fixes ISA Server Spoofing Flaw,Microsoft Fixes ISA Server Spoofing Flaw
train_028780,train_028925,0.9531,1,1,Marlins' Burnett to miss next start,Marlins' Burnett to Miss Next Start
train_073347,train_074407,0.9219,3,3,Web Server Takedown Called Speech Threat (AP),Web Server Takedown Called Speech Threat
train_113202,train_113205,0.9062,0,0,Peres Says Coalition Talks Could Be Resolved in Days (Reuters),Peres Says Coalition Talks Could Be Resolved in Days
train_018630,train_018635,0.9844,0,0,Sluggish Frances Cuts Power to 2M in Fla.,Sluggish Frances Cuts Power to 2M in Fla.
train_088919,train_089005,0.9375,2,2,FedEx Ordered to Repay U.S. $29 Million (Reuters),FedEx Ordered to Repay U.S. $29M
train_088919,train_088948,0.9375,2,2,FedEx Ordered to Repay U.S. $29 Million (Reuters),FedEx Ordered to Repay U.S. $29 Million
train_004800,train_004808,0.9453,0,0,North Korea Urges Refugees to Return to 'Warm Home' (Reuters),North Korea Urges Refugees to Return to 'Warm Home'
train_004547,train_004896,0.9766,1,1,Paul Hamm's example,Paul Hamm's example
train_016038,train_016057,0.9531,2,2,"Nikkei Up at Midday, Led by Telecoms (Reuters)","Nikkei Up at Midday, Led by Telecoms"
train_024968,train_025088,0.9688,0,0,Israel's Sharon Accuses Far-Right of Inciting War,Israel's Sharon Accuses Far-Right of Inciting War
train_058779,train_058783,0.9609,3,3,Picture 3 of 8: Microsoft's new Media Center push,Picture 6 of 8: Microsoft's new Media Center push
train_058779,train_058784,0.9766,3,3,Picture 3 of 8: Microsoft's new Media Center push,Picture 8 of 8: Microsoft's new Media Center push
train_058779,train_058782,0.9531,3,3,Picture 3 of 8: Microsoft's new Media Center push,Picture 5 of 8: Microsoft's new Media Center push
train_000973,train_000993,0.9297,3,3,Ex-Polaroid exec takes top finance job at 3Com,Former Polaroid exec takes top finance job at 3Com
train_056152,train_056253,0.9844,0,0,Cause Sought for Fatal Ark. Tour Bus Crash,Cause Sought in Fatal Ark. Tour Bus Crash
train_059651,train_059842,0.9141,2,2,Pilot talks continue; Delta shares fall,Pilot Talks Continue As Delta Shares Fall
train_103294,train_103400,0.9609,3,3,Mobile Phone Firms Link for New High-Speed Standard,Mobile Phone Firms Link for New High-Speed Standard (Reuters)
train_013412,train_013483,0.9062,1,1,NL Wrap: 5-Hit Beltre Leads Dodgers to Win Over Mets (Reuters),NL Wrap: Baseball-Five-Hit Beltre Leads Dodgers to Win
train_015694,train_015697,0.9375,2,2,India plans to help boost exports,India plans to help boost exports
train_028652,train_028899,0.9531,2,2,UPDATE 4-PacifiCare to buy American Medical for $502 mln,UPDATE 5-PacifiCare to buy American Medical for $502 mln
train_036607,train_037091,0.9688,2,2,Report: Lehman Near Deal on Enron Suits,Report-Lehman Near Deal on Enron Lawsuits
train_097104,train_097119,0.9453,0,0,Polish Hostage Freed in Iraq Already in Warsaw (Reuters),Polish Hostage Freed in Iraq Already in Warsaw
train_089745,train_089757,0.9297,0,0,Kidnappings Dog Kabul 3 Years After Taliban Defeat,Kidnappings Dog Kabul 3 Years After Taliban Defeat
train_094423,train_094441,0.9531,1,0,Brazil upset in Ecuador China eliminated,Brazil Upset in Ecuador; China Eliminated
train_093807,train_093808,0.9219,2,2,Treasuries Prices Rising,Treasuries Prices Rising (Reuters)
train_056021,train_056064,0.9219,2,2,Kuwait Backs Quota Hike if Prices Stay Up,Kuwait Backs Quota Hike if Prices Stay Up (Reuters)
train_028232,train_028332,0.9297,0,0,Three Beheaded Bodies Found North of Baghdad,Three Decapitated Corpses Found North of Baghdad
train_093814,train_093828,0.9453,2,2,"PBHG Funds, Founders Settle Charges (Reuters)","PBHG Funds, Founders Settle Charges"
train_027173,train_027186,0.9219,0,0,Judge Says Milosevic Behavior Almost 'Puerile',Judge Says Milosevic Behavior Almost 'Puerile'
train_033334,train_033353,0.9531,3,3,Alcatel Says Closing in on China 3G Mobile Deal,Alcatel Says Closing in on China 3G Mobile Deal (Reuters)
train_046695,train_046718,0.9062,2,2,"Ford Down, Nissan Up in September Sales (Reuters)","Ford Down, Nissan Up in September Sales"
train_071455,train_072206,0.9453,0,0,Colombia Destroys Stockpiled Land Mines,Colombia destroys stockpiled land mines
train_024581,train_024691,0.9453,0,0,U.S.: Bin Laden Likely Issuing Orders,General: Bin Laden Likely Issuing Orders
train_020271,train_020301,0.9688,0,0,Official Campaign Opens in Afghan Presidential Poll,Official Campaign Opens in Afghan Presidential Poll (Reuters)
train_087207,train_091534,0.9531,3,3,Gmail Users Soon Able to Check E-Mail Via Outlook (Reuters),Gmail Users Soon Able to Check E-Mail Via Outlook (Reuters)
train_018740,train_018759,0.9844,0,0,"Putin, As School Toll Tops 350, Vows Fight","As School Toll Tops 350, Putin Vows Fight"
train_031354,train_031644,0.9297,3,3,Man Arrested in UK in Cisco Code Theft (AP),Man arrested in UK in Cisco code theft
train_055901,train_056011,0.9375,2,2,Saudi Vows to Guarantee Oil Supplies,Saudi Vows to Guarantee Oil Supplies (Reuters)
train_108299,train_108321,0.9062,1,1,Nadal Nails Roddick to Give Spain 2-0 Lead,Nadal Nails Roddick to Give Spain 2-0 Lead
train_086201,train_086269,0.9062,2,3,Amazon CEO Predicts Record Holiday Season,Amazon CEO Bezos Predicts Record Holiday Season (Reuters)
train_069660,train_069738,0.9531,0,0,EU to finance over half of African mission in Darfur,EU to finance over half of African mission in Darfur
train_073132,train_073859,0.9688,3,3,Shaded moon will be last eclipse of 2004,Shaded moon will be last eclipse of 2004
train_071888,train_071909,0.9141,0,0,Egypt arrests five over Sinai bombings (AFP),Egypt arrests five over Sinai bombings
train_001670,train_005606,0.9375,3,3,PluggedIn: Multifunction Devices Draw Back-To-School Crowd,Multifunction Devices Draw Back-To-School Crowd
train_106199,train_106492,0.9531,3,3,Cabir added to payload of Symbian mobile Trojan,News: Cabir added to payload of Symbian mobile Trojan
train_023074,train_023206,0.9062,2,2,"EDS: 20,000 Job Cuts Over Next 2 Years","EDS Expects to Cut Up to 20,000 Jobs"
train_042310,train_042314,0.9531,0,0,No Sign of Nuke Work at Suspect Iran Site-Diplomats (Reuters),No Sign of Nuke Work at Suspect Iran Site-Diplomats
train_074744,train_074769,0.9844,1,1,Injury Sidelines Broncos' Griffin for Year,Injury Sidelines Broncos' Griffin for Year
train_105804,train_106109,1.0,3,3,HP to launch 'virus-throttling' software,HP to launch 'virus throttling' software
train_037985,train_038087,0.9062,2,3,EU Likely to Clear Oracle Deal-Source (Reuters),EU Likely to Clear Oracle Deal-Source (Reuters)
train_048850,train_049571,0.9375,0,0,Vibrator shuts down Australian airport (AFP),Vibrator shuts down Australian airport
train_110832,train_111962,0.9766,3,3,Pygmy Chimpanzees on Brink of Extinction -WWF (Reuters),Pygmy Chimpanzees on Brink of Extinction -- WWF (Reuters)
train_066598,train_069940,0.9688,3,3,"Microsoft, Swatch offer thinner wireless watches","Microsoft, Swatch offer thinner wireless watches"
train_027910,train_027927,0.9219,1,1,"AL Wrap: Devil Rays Humble Red Sox, Yankees Triumph (Reuters)","AL Wrap: Devil Rays Humble Red Sox, Yankees Triumph"
train_027237,train_027264,0.9688,1,1,UPDATE 1-Sri Lanka stutter to win over plucky Zimbabwe,UPDATE 2-Sri Lanka stutter to win over plucky Zimbabwe
train_033948,train_034554,0.9219,3,3,AOL Moves Beyond Passwords for Log-Ons (AP),AOL Moves Beyond Passwords for Log-Ons
train_003929,train_003946,0.9453,2,2,Oil Sets Record as New Violence Flares in Iraq,Oil Sets Record Amid New Violence in Iraq
train_083204,train_083241,0.9453,0,0,"U.S. Bombs Rain on Falluja, Rebels Attack in Samarra","U.S. Bombs Falluja, Rebels Strike in Samarra, Ramadi"
train_111134,train_111140,0.9531,0,0,Judgment at Hand in Landmark Berlusconi Trial (Reuters),Judgment at Hand in Landmark Berlusconi Trial
train_077746,train_077748,0.9531,0,0,Body Resembling Japanese Hostage Found in Iraq (Reuters),Body Resembling Japanese Hostage Found in Iraq
train_049634,train_049801,0.9609,0,0,"Defying Army Offensive, Hamas Rockets Hit Israel","Defying Army Offensive, Hamas Rockets Hit Israel"
train_071472,train_071700,0.9844,2,2,Mittal Family in $17.8 Bln Steel Deal,Mittal Family Forges $17.8 Bln Steel Deal
train_044175,train_044194,0.9531,1,1,Inter crush Anderlecht 3-1 to lead group by three points,"Inter crushes Anderlecht, leads group by three points"
train_116205,train_116224,0.9453,3,3,Video Games Go Hollywood at Live Awards Show (Reuters),Video Games Go Hollywood at Live Awards Show
train_026420,train_026896,0.9766,3,3,"Sun, Microsoft to detail interoperability in October","Update: Sun, Microsoft to detail interoperability in October"
train_035234,train_035295,0.9219,1,1,NL Wrap: Cubs Earn 10th-Inning Win in Pittsburgh (Reuters),NL Wrap: Cubs Earn 10th-Inning Win in Pittsburgh
train_086866,train_086960,0.9766,0,0,"Darfur Peace Talks Adjourn After Security, Aid Deal","Darfur Peace Talks Adjourn After Security, Aid Deal"
train_091608,train_091613,0.9531,1,1,Urlacher sidelined with leg injury,Bears' Urlacher Sidelined with Leg Injury
train_043122,train_043641,0.9531,3,3,Older People Turn to Internet to Find Love (AP),Older People Turn to Internet to Find Love
train_015002,train_015094,0.9844,1,1,Athens Waves Goodbye After 'Dream' Games,Athens Waves Goodbye After 'Dream' Games
train_042404,train_043505,0.9766,3,3,"Bank of America to deploy 180,000 IP phones","Bank of America to deploy 180,000 IP phones"
train_016523,train_016968,0.9297,3,2,EBay To Acquire South Korean Auction Firm,EBay to boost stake in South Korean firm
train_007484,train_007499,0.9375,0,0,Sex Scandal Rocks Hong Kong Politics,Sex Scandal Rocks Hong Kong Politics
train_053293,train_053340,0.9141,3,3,Bill Imposes Prison Time Over 'Spyware',House OKs bill imposing prison time for 'spyware'
train_096079,train_096222,0.9453,3,3,Microsoft Launches Regional Versions of Hotmail (Reuters),Microsoft Launches Regional Versions of Hotmail
train_065924,train_066024,0.9531,2,2,Wireless Business Helps Lucent Profit,Wireless Networks Business Helps Lucent
train_093792,train_093798,0.9453,0,0,Abbas Fails to Win Palestinian Militant Truce Pledge,Abbas Fails to Win Palestinian Militant Truce Pledge (Reuters)
train_007759,train_008300,0.9766,2,2,Inflation Inches Its Way Back Into Hong Kong's Economy,Inflation Inches Way Back Into Hong Kong's Economy
train_097400,train_098102,0.9375,3,0,When Long Hours at a Video Game Stop Being Fun,When a Video Game Stops Being Fun
train_003206,train_003765,0.9844,0,0,Karzai Sworn in as Afghanistan's President,Karzai Sworn in as Afghanistan President
train_068871,train_068894,0.9531,2,2,EMI to Face Spitzer Music Industry Probe,EMI to Face Spitzer Music Industry Probe (Reuters)
train_004513,train_004521,0.9531,2,2,OPEC Chief: Concerned with Oil Price Rise,OPEC Chief: Concerned with Oil Price Rise (Reuters)
train_053467,train_053488,0.9297,2,2,Newspaper Companies' Profit Seen Rising,Newspaper Companies' Profit Seen Rising
train_036506,train_036508,0.9141,0,0,"Italian Women Said Dead in Iraq, UK Hostage Pleads (Reuters)","Italian Women Said Dead in Iraq, UK Hostage Pleads"
train_036506,train_036539,0.9141,0,0,"Italian Women Said Dead in Iraq, UK Hostage Pleads (Reuters)","Italian Women Said Dead in Iraq, UK Hostage Pleads"
train_096559,train_096974,0.9531,0,2,Russia Sets Date for Yukos Auction,Russia sets date for auction of oil giant Yukos
train_109285,train_109312,0.9375,1,1,Cubs Agree to Terms with Garciaparra,Cubs agree to terms with Garciaparra
train_117030,train_117581,0.9766,3,2,Sprint to Buy Nextel in $36 Billion Deal (Reuters),Sprint to Buy Nextel in $36 Billion Deal (Reuters)
train_071460,train_071507,0.9922,3,3,Red Hat hit by security-update email scam,Red Hat hit by security-update email scam
train_104322,train_105283,0.9219,0,0,"One Month Later, Fight Over Ohio Continues (AP)","Nearly a Month Later, Ohio Fight Goes On (AP)"
train_106445,train_107134,0.9766,0,0,UN Says May Have Spotted Rwandan Troops in Congo,U.N. Says It May Have Spotted Rwandan Troops in Congo
train_069667,train_069675,0.9141,3,3,"PluggedIn: Wireless Companies Chat Up Teens, Young Adults (Reuters)","PluggedIn: Wireless Companies Chat Up Teens, Young Adults"
train_069667,train_070432,0.9375,3,3,"PluggedIn: Wireless Companies Chat Up Teens, Young Adults (Reuters)","Wireless Companies Chat Up Teens, Young Adults (Reuters)"
train_062449,train_062543,0.9922,1,1,Closer Brad Lidge Delivers for Astros (AP),Closer Brad Lidge Delivers for Astros (AP)
train_001846,train_001864,0.9766,0,0,"Sharon Allows 1,000 More Settler Homes in West Bank","Sharon Allows 1,000 More Settler Homes in West Bank"
train_001846,train_001859,0.9141,0,0,"Sharon Allows 1,000 More Settler Homes in West Bank","Sharon Allows 1,000 More Settler Homes in West Bank"
train_115266,train_115377,0.9297,2,2,"Nikkei Closes Up 1 Pct; Canon, Sony Gain","Nikkei Up 1 Pct, Blue Chips Rally on Data"
train_085839,train_085845,0.9453,3,3,Mozilla launches Firefox 1.0 browser,Mozilla Launches Firefox 1.0
train_098967,train_099205,0.9375,2,2,Food Stocks Mixed on Campbell Report,Update 1: Food Stocks Mixed on Campbell Report
train_088001,train_088085,0.9062,2,2,Tiffany profit slips on weak Japan sales,Tiffany Profit Slips on Weak Japan Sales (AP)
train_034417,train_034488,0.9688,1,1,Dokic Dumped Out of China Open in First Round,Dokic Dumped Out of China Open in First Round
train_030736,train_030784,0.9453,2,2,Ford Boosts Profit Outlook (Reuters),Ford Boosts Profit Outlook
train_114463,train_114507,0.9844,2,2,Canada Confirms Second Mad Cow Case,Test Confirms Second Canada Mad Cow Case
train_027519,train_027579,0.9688,2,2,Oracle Quarterly Net Income Rises 16 Pct,Oracle Quarterly Net Income Rises 16 Pct
train_077010,train_078992,0.9766,3,3,Internet service providers file more spam lawsuits,Internet service providers file more spam lawsuits
train_113378,train_113380,0.9375,0,0,Chen's Taiwan Poll Loss Seen Easing China Strains (Reuters),Chen's Taiwan Poll Loss Seen Easing China Strains
train_005282,train_026180,0.9219,0,3,Groups Meet to Discuss Climate Change,Groups Meet to Discuss Climate Change (AP)
train_045024,train_045080,0.9062,0,0,Israel Plans Large-Scale Gaza Operation (AP),Israel Plans Large-Scale Gaza Operation
train_104819,train_104824,0.9531,3,3,Sybase Partners with IBM to Sell Database Software (Reuters),Sybase Partners with IBM to Sell Database Software
train_025240,train_025510,0.9609,3,3,Groups Work on Ways to Stop Hurricanes (AP),Groups Work on Schemes to Stop Hurricanes (AP)
train_064194,train_064259,0.9688,3,3,Scientists: New planets may take longer,Scientists: New planets may take longer
train_038472,train_038914,0.9531,3,3,Priceat Issue With PlayStation Portable (AP),Price at Issue With PlayStation Portable (AP)
train_101035,train_104141,0.9375,3,3,Nintendo Operating Profit Up 39 Percent (Reuters),Nintendo Operating Profit Up 39 Percent
train_002264,train_002283,0.9688,2,2,ING to Withdraw $5 Bln from Janus Funds,ING to Withdraw $5 Bln from Janus Funds
train_112600,train_112648,0.9141,1,1,Italian team ordered to play without fans,Italian Team Ordered to Play Without Fans (AP)
train_008672,train_008692,0.9141,2,2,Wall Street Seen Climbing,Wall Street Seen Climbing (Reuters)
train_029615,train_029619,0.9062,2,2,"Before-the-Bell: OmniVision, Nortel Down (Reuters)","Before-the-Bell: OmniVision, Nortel Down"
train_008397,train_008541,0.9531,0,0,Wariner Leads U.S. Sweep in 400,Wariner Leads U.S. Sweep in 400
train_103065,train_103701,0.9141,2,2,Gasoline Pump Price Falls for 9th Week (Reuters),Gasoline Pump Price Falls for 9th Week
train_006481,train_008850,0.9688,0,0,Cheney Is a Quiet Force Behind Bush Presidency (Reuters),CORRECTED: Cheney Is a Quiet Force Behind Bush Presidency (Reuters)
train_035494,train_035739,0.9219,0,0,U.S. Frees 11 Afghan Prisoners at Karzai's Request,US Frees 11 Afghan Prisoners at Karzai's Request
train_035494,train_035500,0.9688,0,0,U.S. Frees 11 Afghan Prisoners at Karzai's Request,U.S. Frees 11 Afghan Prisoners at Karzai's Request (Reuters)
train_035960,train_035966,0.9453,0,0,Israeli Unions End Crippling General Strike (Reuters),Israeli Unions End Crippling General Strike
train_073490,train_073913,0.9453,0,0,Russia's Putin Lauds Ukraine PM in TV Appearance,Russia's Putin Lauds Ukraine PM in TV Appearance
train_006624,train_006938,0.9297,0,0,Journalist Kidnapped in Iraq Is Released (AP),U.S. Journalist Held in Iraq Is Released (AP)
train_048657,train_048662,0.9375,1,1,NFL Wrap: Barber Runs Over Packers as Giants Win (Reuters),NFL Wrap: Barber Runs Over Packers as Giants Win
train_062275,train_062285,0.9219,3,3,"Broadband Duopoly Calms Cable, Telecom Battles","Broadband Duopoly Calms Cable, Telecom Battles (Reuters)"
train_052409,train_053097,0.9141,1,1,Clemens Helps Astros Take 1-0 Series Lead Over Braves,Clemens Helps Astros Take 1-0 Series Lead Over Braves
train_062413,train_062464,0.9688,0,0,Former OAS Chief Under House Arrest in Bribe Probe,Former OAS Chief Under House Arrest in Bribe Probe
train_025845,train_026010,0.9844,0,0,Iran Plans to Resume Nuke Enrichment,Iran Plans to Resume Nuclear Enrichment
train_085917,train_086146,0.9219,3,3,Ownership of Anti-Spam Measure Queried at Talks,Ownership of Anti-Spam Measure Queried at Talks
train_074054,train_074181,0.9141,2,2,"Oil Holds at $55, Braced for Winter","Oil Holds at $55, Braced for Winter"
train_065812,train_065817,0.9297,0,0,Family of Six Found Dead in Iraqi Home Hit by U.S. (Reuters),Family of Six Found Dead in Iraqi Home Hit by U.S.
train_001446,train_001562,0.9766,1,1,Greek Athletes Shocked by Accusations,Greek Athletes Shocked by Accusations
train_005242,train_005261,0.9375,0,0,Sadr Militia Still Controls Iraq Shrine -Witnesses,Sadr Militia Still Controls Iraq Shrine - Witness
train_117259,train_117267,0.9453,1,1,"Washington Baseball at Risk, MLB May Seek Bids (Reuters)","Washington Baseball at Risk, MLB May Seek Bids"
train_109441,train_109488,0.9375,3,3,Siebel unveils SMB go-to-market strategy (InfoWorld),Siebel unveils SMB go-to-market strategy
train_061742,train_062533,0.9219,3,3,All-Girl Swedish Team Tackles Video Games (AP),All-Girl Gaming Team Takes Aim at Boys (AP)
train_071471,train_071700,0.9141,2,2,Mittal Family in $17.8 Bln Steel Deal (Reuters),Mittal Family Forges $17.8 Bln Steel Deal
train_071471,train_071472,0.9297,2,2,Mittal Family in $17.8 Bln Steel Deal (Reuters),Mittal Family in $17.8 Bln Steel Deal
train_051120,train_051293,0.9531,3,3,Microsoft Unveils New Version of MSN TV,Microsoft Unveils News Version of MSN TV
train_054327,train_054379,0.9688,2,2,"Johnson Controls Sees Revenue, Earns Up","Johnson Controls Sees Revenue, Earns Up"
train_092860,train_093033,0.9297,3,2,HP's Reports Rise in Fourth-Quarter Profit,Hewlett-Packard posts 26.5 per cent rise in fourth quarter profits
train_072876,train_074380,0.9453,3,3,New Crop of Portable Players Nips at IPod,New Crop of Portable Players Nips at IPod (AP)
train_064799,train_064814,0.9609,2,2,Constellation Brands Seeks to Buy Mondavi,Constellation Offers to Buy Mondavi
train_023372,train_023750,0.9531,0,3,Engineer Builds Robot That Walks on Water,MIT Engineer Builds Robot That Walks on Water
train_104597,train_104714,0.9766,2,2,Reeling Merck Offers Officers a Bonus Deal,Reeling Merck Offers Officers a Bonus Deal
train_117536,train_117870,0.9375,3,2,"Sprint, Nextel Detail Merger Agreement","Sprint, Nextel Detail Merger Agreement"
train_099431,train_099638,0.9297,2,2,Hartford tackles image as nation's seventh-most dangerous city,Hartford tackles image as nation's seventh-most dangerous city
train_089775,train_097097,0.9375,2,2,Wal-Mart Still Sees Nov. Sales Up 2-4 Pct,Wal-Mart Sees Nov. U.S. Sales Up 2-4 Pct
train_011492,train_011519,0.9219,2,2,Asia Stocks Near Flat on Economic Data,Asia Stocks Near Flat on Economic Data (Reuters)
train_018190,train_018332,0.9297,3,3,"Russian, US astronauts leave space station on maintenance mission","Russian, US astronauts leave ISS on maintenance mission"
train_056337,train_057113,0.9453,2,2,Update 2: Poles Line Up for Shares in Bank,Poles Line Up for Shares in Bank
train_073937,train_074275,0.9453,2,2,ATA Is Latest Airline to File For Protection,ATA Is Latest Airline to File For Protection
train_112288,train_112413,0.9297,2,2,Philip Morris Hikes Cigarette Prices (Reuters),Philip Morris Hikes Cigarette Prices
train_119072,train_119182,0.9766,3,2,EBay Expanding Into Online Rental Listings,EBay Expands Into Online Rental Listings
train_026998,train_027086,0.9062,2,2,Alcoa Plans to Declare Force Majeure,Alcoa Plans to Declare Force Majeure (Reuters)
train_026945,train_026977,1.0,2,2,Retail Sales Drop in August,Retail Sales Drop 0.3 Percent in August
train_033761,train_033799,0.9062,3,3,China cuts back 3G spending,China cuts back 3G spending
train_081882,train_081935,0.9141,0,0,Chirac Denies He Refused to See Iraq's Allawi (Reuters),Chirac Denies He Refused to See Iraq's Allawi
train_104982,train_105138,0.9219,2,2,"Dollar Wins Reprieve, Data Weighs on Yen","UK ; Dollar Wins Reprieve, Data Weighs on Yen"
train_064482,train_064491,0.9531,2,2,Oil Slips But Holds Over $53 (Reuters),Oil Slips But Holds Over $53
train_109802,train_110027,0.9531,0,0,Russia Using Soviet Tactics Over Ukraine -- Warsaw,Russia Using Soviet Tactics Over Ukraine -- Warsaw
train_105388,train_105432,0.9297,1,1,Super Bowl Advertisers Still in the Game,Super Bowl Advertisers Still in Game After Scandal
train_040326,train_040362,0.9297,1,1,Dodgers Slay Giants in Crunch Pennant Game,NL Wrap: Dodgers Slay Giants in Crunch Pennant Game
train_093741,train_093994,0.9141,0,0,Putin Says Russia Working on New Nuclear Systems,Putin Says Russia Working on New Nuclear Systems
train_058487,train_058530,0.9062,3,3,"Wi-Fi Successor Called High-Speed Hype, for Now","Wi-Fi Successor Called High-Speed Hype, for Now (Reuters)"
train_040995,train_041069,0.9844,3,3,AT Wireless unveils messaging-only handheld,AT T Wireless unveils messaging-only handheld
train_026745,train_027387,0.9844,3,0,But Where Is the Hurricane Going?,Where Is the Hurricane Going?
train_075950,train_075983,0.9688,0,0,Nigerian Protection Force Arrives in Darfur,Nigerian Protection Force Arrives in Darfur
train_092710,train_092739,0.9375,3,3,Movie Studios Start Suing Web File Swappers (Reuters),Movie Studios Start Suing Web File Swappers
train_082669,train_082760,0.9922,0,0,"Ivory Coast Bombs Rebel Zone Again, War Fears Rise","Ivory Coast Bombs Rebel Zone Again, War Fears Rise"
train_061144,train_061160,0.9141,3,3,X-Prize for world's 'Holy Grails',X-Prize for world's 'Holy Grails'
train_114899,train_115263,0.9062,0,0,Ukraine Speaker: Keep Poisoning Out of Campaign,Ukraine Speaker: Keep Poisoning Out of Campaign (Reuters)
train_046484,train_046589,0.9766,0,0,Stocks Move Higher As Oil Prices Dip,Stocks Move Higher As Oil Prices Dip
train_098155,train_108621,0.9609,3,3,AOL to Adapt WebEx Services for AIM Consumers,Update: AOL to adapt WebEx services for AIM consumers
train_061180,train_061365,0.9531,0,0,Vote Counting Begins in Afghan Election,Karzai Takes Early Lead in Afghan Count
train_070211,train_071093,0.9922,3,3,Two Back on Earth After Six Months on Space Station,Two Back on Earth After Six Months on Space Station
train_112679,train_112698,0.9062,0,0,Turkish Leader Wins EU Officials' Backing (AP),Turkish leader wins EU officials' backing
train_057269,train_057504,1.0,2,2,US Congress Sends Bush Corporate Tax Bill,Congress Sends Bush Corporate Tax Bill
train_003602,train_003609,0.9141,2,2,Oil Above $47 After New Record,Oil Above $47 After New Record (Reuters)
train_003602,train_003622,0.9688,2,2,Oil Above $47 After New Record,Oil Above $47 After New Record
train_043299,train_043314,0.9531,2,2,Nikkei Poised to Mark 9-Day Losing Streak,Nikkei Poised to Mark 9-Day Losing Streak
train_071479,train_071582,0.9609,2,2,Oil Scales New Highs,Oil Scales New High on Norway Fears
train_022731,train_022976,0.9766,0,0,Memos: Bush Suspended From Guard Flying,Memos: Bush Refused Order While in Guard
train_091975,train_092177,0.9297,3,3,"Wireless to Drive Internet Growth, Tech Leaders Say (Reuters)","Wireless to Drive Internet Growth, Tech Leaders Say"
train_070540,train_070815,0.9844,3,3,Brazil Launches First Test Rocket Since Accident,Brazil launches first rocket since accident
train_070540,train_071478,0.9297,3,3,Brazil Launches First Test Rocket Since Accident,Brazil Launches First Test Rocket Since Accident (Reuters)
train_028505,train_030084,0.9219,3,3,Mac OS X Tip of the Week: Custom Labels,Mac OS X Tip of the Week: Custom Labels
train_062732,train_062752,0.9453,1,0,"BoSox, Astros Play for Crucial Game 4 Wins (AP)","BoSox, Astros Play for Crucial Game 4 Wins"
train_052016,train_052022,1.0,2,2,Regulator Says Fannie Mae Flouted Rules,Regulator Says Fannie Mae Deliberately Flouted Rules
train_076088,train_076197,0.9609,2,2,CNNfn Network to Close by Mid-December,CNNfn Network to Close by Mid-December
train_076088,train_076181,0.9219,2,2,CNNfn Network to Close by Mid-December,CNNfn Network to Close by Mid-December
train_001014,train_001177,0.9688,0,0,Thorpedo Sinks Phelps' Shot at Record,Thorpedo Sinks Phelps' Shot at Spitz Mark
train_109279,train_109291,0.9297,3,3,Experts Push for More U.S. Computer Security Efforts (Reuters),Experts Push for More U.S. Computer Security Efforts
train_057018,train_057113,0.9609,2,2,Poles Line Up to Buy Shares in Bank,Poles Line Up for Shares in Bank
train_034978,train_035686,0.9297,2,3,"PeopleSoft Defies Oracle Bid, Pursues IBM","PeopleSoft Defies Oracle Bid, Pursues IBM"
train_035964,train_035995,0.9219,2,2,Tobacco Companies Deny Conspiracy to Push Smoking,Tobacco Cos. Deny Smoking Conspiracy
train_085793,train_085816,0.9297,3,3,Worm Breaks Speed Record from Discovery to Life,Worm Breaks Speed Record from Discovery to Life
train_004874,train_005035,0.9531,0,0,Twenty-Five Hurt as Azores Plane Avoids Collision (Reuters),Twenty-Five Hurt as Azores Plane Avoids Collision
train_071534,train_072901,0.9609,3,3,PalmOne updates the Treo smart phone,PalmOne updates the Treo smartphone
train_026595,train_026608,0.9219,2,2,Oil Eyes $44 as Hurricane Nears Gulf,Oil Eyes $44 as Hurricane Nears Gulf
train_017365,train_017484,0.9062,1,0,Red Sox Take Control of AL Wild-Card Race (AP),Red Sox Take Control of AL Wild-Card Race
train_043770,train_043773,0.9922,0,0,Neiman Marcus Selling Zeppelin for $10M,Neimen Marcus Selling Zeppelin for $10M
train_047333,train_047335,0.9453,1,1,NL Wrap: Rueter Sharp as Giants Stay in Division (Reuters),NL Wrap: Rueter Sharp as Giants Stay in Division
train_047333,train_047528,0.9062,1,1,NL Wrap: Rueter Sharp as Giants Stay in Division (Reuters),NL Wrap: Rueter Sharp as Giants Stay in Race
train_080185,train_080307,0.9609,3,3,Climax Peeks at Next-Gen Consoles,Climax Peeks at Next-Gen Consoles
train_059522,train_059681,0.9141,2,2,McDonald's Quarterly Earnings Rise,"McDonald's Earnings Rise, Stock Up"
train_087272,train_087349,0.9297,0,0,Spanish PM Having Trouble Congratulating Bush,Spanish PM Having Trouble Congratulating Bush
train_094307,train_094370,0.9219,2,2,Burst.com says Microsoft destroyed evidence,Burst.com Claims Microsoft Destroyed Evidence
train_067581,train_067833,0.9141,2,2,Oil Near Peaks on Winter Supply Worries,Oil Near Peaks on Winter Supply Worries
train_029331,train_109244,0.9609,3,3,Oracle readies major app server upgrade,Oracle readies major app server upgrade
train_086697,train_087318,0.9062,2,2,"Oil Fades to $47, Awaits U.S. Stock Data","Oil fades to $47, awaits US stock data"
train_036072,train_036381,0.9609,3,3,Ex-Computer Associates CEO Kumar Indicted (AP),Ex-Computer Associates CEO Kumar Indicted (AP)
train_063199,train_063278,0.9609,2,2,Japanese Bonds Fall as US Sales Figures Cool Export Concern,Japanese Bonds Drop as US Sales Figures Cool Export Concern
train_098900,train_099217,0.9453,3,3,Apple Stock Jumps to 4-Year High on IPod (AP),Apple Stock Jumps to 4-Year High on IPod
train_098418,train_098445,0.9297,2,3,Firefox helping to make Web better for all,Firefox helping to make Web better for all
train_014388,train_014608,0.9219,2,2,UBS to Buy Schwab Units - WSJ (Reuters),UBS Reportedly to Buy Schwab Units
train_110864,train_110872,0.9141,0,0,US Special Forces Punished for Iraq Prisoner Abuse (Reuters),US Special Forces Punished for Iraq Prisoner Abuse
train_082395,train_082493,0.9375,2,2,Oil at 5-Week Low as Supply Fears Ease,Oil at 5-Week Low as Supply Fears Ease
train_062601,train_062788,0.9062,3,3,A New Crew Arrives at the Space Station,A new crew arrives at the space station
train_001849,train_001875,0.9375,2,2,"Stocks End Higher, Lifted by Data","Stocks End Higher, Lifted by Data"
train_113173,train_113308,1.0,1,1,Raptors' Carter Placed on Injured List (Reuters),Carter Placed on Injured List (Reuters)
train_112194,train_112223,0.9219,0,2,Wall St. Expected to Open Slightly Lower (Reuters),Wall St. Expected to Open Slightly Lower
train_001603,train_001604,0.9062,2,2,Hurricane Charley Tears Into Outback (Reuters),Hurricane Charley Tears Into Outback
train_038078,train_038124,0.9453,2,2,Cadbury Says Annual Results to Be at Low End of Range (Update3),Cadbury Says Annual Results to Be at Low End of Range (Update4)
train_017076,train_017506,0.9219,0,0,Palestinian Prisoners End Hunger Strike,Palestinian Prisoners End Hunger Strike
train_060262,train_060263,0.9766,3,3,Photo 5 of 5: Gadgets galore in old Tokyo,Photo 2 of 5: Gadgets galore in old Tokyo
train_039085,train_039153,0.9375,0,0,U.S. Airstrike Targets Militants in Falluja,U.S. Airstrike Targets Militants in Falluja
train_042470,train_042553,0.9531,2,2,Consumer Confidence Falls Again,Consumer Confidence Falls Again in Sept.
train_041408,train_042285,0.9531,3,3,Anti-Spam Effort Killed Amid Patent Row,Anti-Spam Effort Killed Amid Patent Row
train_109921,train_109944,0.9531,2,2,Falling Oil Hits Europe; Dollar Bounces (Reuters),Falling Oil Hits Europe; Dollar Bounces
train_028054,train_028104,0.9688,2,2,"OPEC wrestles over output increase as hurricane, Iraq attacks lift ...","OPEC wrestles over output increase as hurricane, Iraq attacks lift prices"
train_076704,train_076705,0.9297,2,2,"Oil Extends $5 Rout, Uneasy Over China (Reuters)","Oil Extends $5 Rout, Uneasy Over China"
train_053120,train_053197,0.9453,3,3,Star-Power Surge for Satellite Radio,Star-Power Surge for Satellite Radio (washingtonpost.com)
train_066861,train_066863,0.9453,1,1,Record-Breaking Red Sox Clinch World Series Berth,Record-Breaking Red Sox Clinch World Series Berth (Reuters)
train_105925,train_106317,0.9453,1,1,"College Basketball: Georgia Tech, UConn Win","College Basketball: Georgia Tech, UConn Win"
train_098439,train_098618,0.9453,2,2,Trump's Casinos File for Bankruptcy,Trump's Casinos File for Bankruptcy
train_060706,train_060895,0.9531,1,1,Yankees Will Start El Duque in Game 4,Yankees Will Start El Duque in Game Four
train_100073,train_100076,0.9922,3,3,CA officially taps Swainson for CEO job delays CA World,"CA officially taps Swainson for CEO job, delays CA World"
train_068841,train_069128,0.9609,2,2,Falconbridge Profit Rises Eightfold on Nickel Prices (Update1),Falconbridge Profit Rises Eightfold on Nickel Prices (Update3)
train_005000,train_005024,0.9453,2,2,Cyberonics' Shares Jumps on Stock Buy,Update 1: Cyberonics' Shares Jump on Stock Buy
train_008621,train_008637,0.9453,3,2,US tops league of e-mail spammers,US tops league of spammers
train_088238,train_088312,0.9375,3,3,Wireless Carriers Ink International Roaming Deal,Wireless Carriers Ink International Roaming Deal
train_022712,train_022758,0.9609,2,2,Developer Wins Victory in WTC Case,Developer Wins Victory in WTC Case (Reuters)
train_063866,train_064632,0.9688,0,3,Iceman discoverer missing,Iceman discoverer missing in snow
train_021364,train_021564,0.9219,3,3,Smart Phone Market Growing More Crowded (AP),Smart Phone Market Growing More Crowded
train_021364,train_021816,0.9219,3,3,Smart Phone Market Growing More Crowded (AP),Smart Phone Market Growing Rapidly
train_080635,train_081159,0.9609,3,3,Hackers Reopen Online Store,Hackers re-open stolen code store
train_045309,train_045412,0.9453,2,2,"PepsiCo Profit Up, Cuts Jobs, Shares Rise","PepsiCo Profit Up, Cuts Jobs, Shares Rise"
train_114855,train_114947,0.9062,2,2,US Air Flight Attendants Ready for Strike,US Air Flight Attendants Ready for Strike
train_022036,train_023195,0.9844,3,3,Women Make Small Inroads in Game Industry (AP),Women Make Inroads in Video Game Industry (AP)
train_051570,train_051625,0.9531,2,2,"Oil, Astra Lead European Stocks Down","Oil, Astra Lead European Stocks Down (Reuters)"
train_096806,train_096845,0.9531,1,1,"Giants Are Wary of Vick, on the Ground or in the Air","Giants Are Wary of Vick, on the Ground or in the Air"
train_115487,train_115528,0.9062,0,0,"Rain, Flooding Hinders Asia's Tsunami Relief","Rain, Flooding Hinders Asia's Tsunami Relief (Reuters)"
train_034536,train_036680,0.9688,1,1,Tour cancel threat,Threat to cancel tour
train_092706,train_092867,0.9609,2,2,Google Stock Falls as Share Total Doubles,Google Stock Falls as Share Total Doubles
train_047015,train_047166,0.9375,3,3,"Network Appliance, EMC refine security strategies","Network Appliance, EMC refine security strategies (InfoWorld)"
train_075841,train_075916,0.9609,2,2,Update 1: Viacom Posts Loss on Blockbuster Charge,Update 2: Viacom Posts Loss on Blockbuster Charge
train_042520,train_042537,0.9609,3,3,Hackers Target Microsoft JPEG Hole,Hackers use porn to target Microsoft JPEG hole
train_091290,train_091463,0.9531,2,2,UPDATE 2-GE to buy SPX fire detection unit for $1.4 bln,UPDATE 3-GE to buy SPX fire detection unit for $1.4 bln
train_101005,train_101138,0.9297,2,2,Steel shortage hits Nissan plants,Nissan Halts Production at Japan Plants
train_088241,train_088836,0.9766,3,3,Microsoft Issues Only One Fix in Monthly Security Update,Microsoft issues one fix in monthly security update
train_085762,train_085771,0.9297,2,2,FCC Exempts Web Phones from State Rule (Reuters),FCC Exempts Web Phones from State Rule
train_085762,train_085765,0.9688,2,3,FCC Exempts Web Phones from State Rule (Reuters),FCC Insulates Web Phone Service from State Rule (Reuters)
train_047792,train_047794,0.9375,0,0,Ariel Sharon Calls for Expansion of Army's Gaza Raid,Ariel Sharon Calls for Expansion of Army's Gaza Raid (Reuters)
train_047792,train_047797,0.9141,0,0,Ariel Sharon Calls for Expansion of Army's Gaza Raid,Ariel Sharon Calls for Expansion of Army's Gaza Raid
train_102576,train_102702,0.9062,2,2,"Mitsubishi Motors, Merrill Lynch tie up over US auto loans","Mitsubishi Motors, Merrill Lynch tie up over US auto loans"
train_047392,train_047527,0.9453,1,1,AL Wrap: Angels Thump Athletics to Near Playoffs (Reuters),AL Wrap: Angels Thump Athletics to Near Playoffs
train_008720,train_008724,0.9766,2,3,"Portals, news sites, must improve customer satisfaction","Portals, news sites, must improve customer satisfaction"
train_051202,train_051585,0.9062,3,0,GOP Brings Up Draft to Knock It Down (washingtonpost.com),House GOP Brings Up Draft In Order to Knock It Down
train_063453,train_063455,0.9609,3,3,Digital Agenda: Homeland Security--Throwing money at technology (page 2),Digital Agenda: Homeland security--Throwing money at technology
train_089041,train_089123,0.9375,2,2,"Retail Sales Increase, Autos Lose Luster (AP)","Retail Sales Increase, Autos Lose Luster"
train_008116,train_008156,0.9844,2,2,Oil Won't Derail U.S. Expansion -Bernanke,Oil Won't Derail U.S. Expansion -Bernanke
train_025787,train_026046,0.9531,0,0,North Korean FM says explosion was demolition blast (AFP),North Korean FM says explosion was demolition blast (AFP)
train_075835,train_075844,0.9219,3,3,AMD Rolls Out Low-Cost Net Access Device in India,AMD Rolls Out Low-Cost Net Access Device in India (Reuters)
train_006951,train_007303,0.9844,3,2,The Call Is Cheap. The Wiretap Is Extra.,The Call Is Cheap. The Wiretap Is Extra.
train_031594,train_031595,0.9609,1,1,NL: Bonds Drills 700th Career Homer Against Padres (Reuters),NL: Bonds Drills 700th Career Homer Against Padres
train_001785,train_001786,0.9922,3,3,Advertisers Go Digital to Track Ads,U.S. Advertisers Go Digital to Track Ads
train_017852,train_017999,0.9688,1,1,"Hewitt Hits Top Gear, Mauresmo Storms On","U.S. Open: Hewitt Hits Top Gear, Mauresmo Storms On"
train_093559,train_093615,0.9219,3,3,"SBC, Microsoft in $400 Million Deal (AP)","SBC, Microsoft in $400 Million Deal"
train_023843,train_024010,0.9609,2,2,"US Airways Gives Pilots, Flight Attendants New Offer (Update2)","US Airways Gives Pilots, Flight Attendants New Offer (Update3)"
train_063353,train_063466,0.9375,2,3,Game firm Eidos delays launch,Games maker Eidos delays launch
train_051030,train_051050,0.9688,3,3,Adobe does document security,Adobe does document security
train_026594,train_026647,0.9922,2,2,Sony Group Agrees to Buy MGM,Sony Group to Buy MGM
train_034845,train_034973,0.9766,2,2,Fed Raises Rates for Third Time This Year,Fed Raises Rates for Third Time This Year
train_060379,train_061554,0.9766,3,3,Burt Rutan: Building 'Tomorrowland' One Launch at a Time,Burt Rutan: Building 'Tomorrowland' One Launch at a Time
train_012241,train_012602,0.9141,3,3,HP cues iPod,HP cues iPod in big product push
train_105913,train_107706,0.9688,2,2,Construction Spending Down,US Construction Spending Down in Nov
train_111964,train_111994,0.9766,0,2,OPEC Warns Oil Supply Cuts Needed for 2005,OPEC Warns Oil Supply Cuts Needed for '05
train_011321,train_011355,0.9297,2,2,Earnings Not So Sweet for Krispy Kreme (Reuters),Earnings Not So Sweet for Krispy Kreme
train_060078,train_061769,0.9141,2,2,Goldcorp Agrees to Buy Wheaton River for $1.8 Bln (Update3),Goldcorp Agrees to Buy Wheaton River for $1.8 Bln (Update1)
train_005542,train_005547,0.9375,0,1,Fourth gold for Pinsent,Fourth gold for Pinsent
train_010644,train_010960,0.9141,1,1,"Olympics: Cut It Out, Give It Back, Cool the Hype","Olympics: Cut It Out, Give It Back, Cool the Hype"
train_051463,train_051472,0.9062,3,3,IBM Rolling Out Biggest WebSphere Update in 2 Years,IBM Rolling Out Biggest WebSphere Update in 2 Years (Reuters)
train_068964,train_069003,0.9766,1,1,Broadhurst Honors and Obeys by Taking Madrid Open Lead,Broadhurst Honors and Obeys by Taking Madrid Open Lead
train_037290,train_038177,0.9688,2,2,Future Economic Activity Gauge Falls,Business Digest
train_014629,train_014662,0.9375,2,2,Stocks Set to Open Lower as Oil Rises,Stocks Set to Open Lower as Oil Rises (Reuters)
train_075878,train_075926,0.9844,2,2,SEC Probes DaimlerChrysler,SEC Probing DaimlerChrylser
train_117118,train_117129,0.9297,3,2,Technology Challenges Sprint-Nextel Merger (AP),Technology Challenges Sprint-Nextel Merger
train_073681,train_073705,0.9766,2,2,ATA Files for Bankruptcy,ATA Files for Bankruptcy Protection
train_011418,train_011496,0.9297,0,0,White House Drafts Intel Reform Orders,White House Proposes Intelligence Changes
train_082763,train_082813,0.9219,2,2,Berkshire Hathaway Profit Falls,Berkshire Profit Falls After Hurricanes
train_007016,train_007027,0.9062,2,2,"Dollar Edges Up, Direction Sought","Dollar Edges Up, Direction Sought (Reuters)"
train_094873,train_095085,0.9609,3,3,MPAA files first suits against movie file-swappers,MPAA files first suits against movie file-swappers
train_063407,train_063429,0.9531,0,0,Darfur mini-summit aims to ward off UN sanctions with African solution (AFP),Darfur meeting aims to ward off UN sanctions with African solution (AFP)
train_061746,train_061826,0.9531,3,3,Mobility ’s end game (InfoWorld),Mobilitys end game
train_036772,train_043137,0.9531,3,3,Vertical solutions take hold in CRM,Vertical solutions take hold in CRM (InfoWorld)
train_044185,train_045040,0.9062,0,0,Wounded Pilots Land Norway Plane After Axe Attack,Wounded Pilots Land Norway Plane After Axe Attack
train_004166,train_004172,0.9219,0,0,Israel AG Says Shift Barrier to Avoid Sanctions (Reuters),Israel AG Says Shift Barrier to Avoid Sanctions
train_028120,train_029190,0.9688,0,0,China Party Chief Rules Out Democracy,China party chief rules out full democracy
train_116116,train_116165,0.9609,2,2,G.M.-Fiat Talks Fail to Resolve Rift Over Partnership Agreement,GM-Fiat Talks Fail to Resolve Rift Over Partnership Agreement
train_032642,train_032646,0.9531,1,1,NFL Wrap: Manning Wins MVP Battle as Colts Beat Titans (Reuters),NFL Wrap: Manning Wins MVP Battle as Colts Beat Titans
train_064734,train_064797,0.9297,2,2,Sprint Reports Wider Loss on Writedowns,Sprint Reports Wider Loss on Writedowns
train_057164,train_057215,0.9375,3,3,Product Previews (InfoWorld),Product Previews
train_093692,train_093891,0.9219,1,1,English FA lodges protest over abuse of black players in Spain,English FA lodges protest over abuse of black players in Spain
train_012409,train_012411,0.9609,2,2,Stocks End Up; Techs Gain on Light Volume (Reuters),Stocks End Up; Techs Gain on Light Volume
train_083294,train_083326,0.9922,1,1,Eagles extend Sheppard and Rayburn,Eagles Extend Sheppard and Rayburn
train_003500,train_003531,0.9219,2,2,Google Raises $1.67 Bln in Cut-Price IPO,Google Raises $1.67 Bln in Cut-Price IPO
train_025859,train_025861,0.9688,0,0,Hurricane Ivan Rolls Towards Cuba,Hurricane Ivan Rolls Towards Cuba
train_083622,train_083645,0.9531,0,0,Iran Says Preliminary Nuclear Deal Reached with EU,Iran Says Preliminary Nuclear Deal Reached with EU (Reuters)
train_055135,train_055404,1.0,1,1,U.S. Continue to Dominate Without Injured Phelps,U.S. Continues to Dominate Without Injured Phelps
train_019629,train_019697,0.9062,0,0,West Japan Quakes Unlikely to Be Precursors-Panel (Reuters),"West Japan Quakes Unlikely to Be Precursors, Panel Says"
train_115740,train_117512,0.9688,2,3,Hollywood Wants BitTorrent Dead,Hollywood Wants BitTorrent Dead
train_090388,train_091402,0.9453,3,3,Titanic Founder Fears for Future of Great Wreck (Reuters),Titanic Finder Fears for Future of Great Wreck (Reuters)
train_024000,train_024004,0.9297,2,2,Spectrum-FDA OKs Generic Version of Cipro (Reuters),Spectrum-FDA OKs Generic Version of Cipro
train_002423,train_002445,0.9922,2,3,Google Cuts IPO Price Range (Reuters),Google Slashes IPO Price Range (Reuters)
train_002423,train_002448,0.9375,2,2,Google Cuts IPO Price Range (Reuters),Google Slashes IPO Price Range
train_013991,train_014000,0.9453,3,3,"Programs: For Stealth Lovers, 'Thief' Is a Steal","Programs: For Stealth Lovers, 'Thief' Is a Steal (Reuters)"
train_020550,train_020556,0.9219,2,2,Rite Aid Cuts View as Pharmacy Sales Slow (Reuters),Rite Aid Cuts View as Pharmacy Sales Slow
train_009151,train_013074,0.9219,3,3,PluggedIn: Lost? Your Phone Knows a Way Out (Reuters),Lost? Your Phone Knows a Way Out (Reuters)
train_053797,train_053803,0.9531,3,3,Photo 3 of 8: Global gamers clash for cash,Photo 7 of 8: Global gamers clash for cash
train_053797,train_053805,0.9609,3,3,Photo 3 of 8: Global gamers clash for cash,Photo 4 of 8: Global gamers clash for cash
train_053797,train_053799,0.9688,3,3,Photo 3 of 8: Global gamers clash for cash,Photo 2 of 8: Global gamers clash for cash
train_053797,train_053801,0.9766,3,3,Photo 3 of 8: Global gamers clash for cash,Photo 6 of 8: Global gamers clash for cash
train_053797,train_053800,0.9609,3,3,Photo 3 of 8: Global gamers clash for cash,Photo 5 of 8: Global gamers clash for cash
train_053797,train_053798,0.9609,3,3,Photo 3 of 8: Global gamers clash for cash,Photo 8 of 8: Global gamers clash for cash
train_057104,train_057108,0.9531,3,3,Polycom targets high-quality desktop conferencing (InfoWorld),Polycom targets high-quality desktop conferencing
train_085765,train_085771,0.9062,3,2,FCC Insulates Web Phone Service from State Rule (Reuters),FCC Exempts Web Phones from State Rule
train_011151,train_011296,0.9844,1,0,Olympic Wrap: Crawford Wins the 200m Amid Jeers,Olympic Wrap: Crawford Wins the 200m Amid Jeers (Reuters)
train_071065,train_071195,0.9766,2,2,"BHP Approves Spence Copper Mine, Iron Ore Expansion (Update2)","BHP Approves Spence Copper Mine, Iron Ore Expansion (Update3)"
train_028320,train_028993,0.9453,3,0,Beer in Moderation Could Be Good for You,Beer in Moderation Could Be Good for You
train_116487,train_116490,0.9688,0,0,Passenger Leaves Hijacked Greek Bus (Reuters),Passenger Leaves Hijacked Greek Bus
train_011048,train_011069,0.9297,3,3,"Intel Updates Wireless Chips, Software (AP)","Intel updates wireless chips, software"
train_010767,train_011082,0.9844,2,2,Citigroup Sued Over Enron Securities,Citigroup Sued Over Enron Securities
train_004527,train_004663,0.9609,2,2,Qantas Boosts Flight Surcharges as Fuel Prices Soar (Update2),Qantas Boosts Flight Surcharges as Fuel Prices Soar (Update5)
train_057267,train_059379,0.9531,0,0,A Look at Foreigners Taken Hostage in Iraq (AP),150 Foreigners Taken Hostage in Iraq (AP)
train_088541,train_088870,0.9375,3,3,LIDAR Laser Radar Finding More Uses (AP),LIDAR Laser Radar Finding More Uses
train_092987,train_093947,0.9062,2,3,Motorola to acquire MeshNetworks,Update: Motorola to acquire MeshNetworks
train_092987,train_093034,0.9453,2,2,Motorola to acquire MeshNetworks,Motorola to acquire MeshNetworks
train_087619,train_087739,0.9609,0,0,Afghan UN Kidnappers Await Release of 26 Taliban,Afghan UN Kidnappers Await Release of 26 Taliban (Reuters)
train_038573,train_038625,0.9844,0,0,"6 Egyptians, 2 Iraqis Kidnapped in Iraq","6 Egyptians, 4 Iraqis Kidnapped in Iraq"
train_057425,train_057470,0.9375,1,1,Yankees-Red Sox Set to Renew Rivalry in ALCS,Yankees-Red Sox Set to Renew Rivalry in ALCS
train_119317,train_119342,0.9219,0,2,White House Expects Steady Economic Growth (AP),White House Expects Steady Economic Growth
train_091890,train_091999,0.9219,1,1,NBA-James Inspires Cavaliers to Fourth Straight Win,NBA Wrap: James Inspires Cavs to 4th Straight Win
train_116319,train_116343,0.9141,2,2,Kuwait Will Meet Its OPEC Cut,Kuwait Will Meet Its OPEC Cut (Reuters)
train_029630,train_029690,0.9219,3,3,Supercomputers Help With Hurricane Forecasting,Supercomputers Aid Hurricane Forecasting
train_043114,train_043174,0.9297,2,2,Yen Near 6-Week Low Vs Dollar,Yen Near 6-Week Low Vs Dollar (Reuters)
train_099547,train_099637,0.9453,2,2,Gold Hits 16-Year High; Asian Shares Gain,Gold Hits 16-Year High; Asian Shares Gain
train_088509,train_089029,0.9453,3,3,Trojan horse spies on Web banking,Trojan logs e-banking habits
train_043189,train_043229,0.9297,0,0,Israeli Army Kills Gunman in Gaza Raid-Medics (Reuters),Israeli Army Kills Gunman in Gaza Raid-Medics
train_030785,train_030818,0.9062,2,2,Circuit City Posts Narrower Loss,Circuit City Posts Smaller Quarterly Loss
train_001828,train_001870,0.9609,1,1,Olympics-Fencing-U.S. and Swiss End Gold Drought,Fencing: U.S. and Swiss End Gold Drought
train_001828,train_001858,0.9766,1,1,Olympics-Fencing-U.S. and Swiss End Gold Drought,Olympics-Fencing-US and Swiss End Gold Drought
train_083912,train_083914,0.9609,2,2,U.S. Gasoline Prices Fall to $2.01/gallon (Reuters),U.S. Gasoline Prices Fall to $2.01/gallon
train_051274,train_051302,0.9375,2,2,Asian Shares Firm in Face of High Oil,Asian Shares Firm in Face of High Oil (Reuters)
train_054816,train_054883,0.9766,2,2,U.S. Job Growth Weaker Than Expected,September Job Growth Weaker Than Expected
train_037099,train_037185,0.9531,3,3,PeopleSoft throws customers a discount and free upgrade,Update: PeopleSoft throws customers a discount and free upgrade
train_073662,train_108978,0.9141,2,2,The Tax Man May Bite (Reuters),The Tax Man May Take a Bite (Reuters)
train_022911,train_023017,0.9844,1,1,Federer Survives Agassi Comeback to Reach Semifinals,Federer Survives Agassi Comeback to Reach Semifinals
train_002762,train_002793,0.9297,0,0,Iraq Delegates Say Sadr Agrees to End Najaf Crisis,Iraqi Delegates Say Sadr Agrees to End Najaf Crisis
train_010052,train_010176,0.9219,0,0,Thatcher's Son Charged in Coup Plot (AP),Thatcher's Son Charged in Coup Plot
train_089667,train_089668,0.9531,0,0,"US Attacks Falluja Rebels, Aid Convoy on Move (Reuters)","US Attacks Falluja Rebels, Aid Convoy on Move"
train_047237,train_047244,0.9531,2,2,Oil Closes Above $50,Oil Closes Above $50
train_042240,train_042710,0.9688,3,3,Sony Chases Rivals in Image Chip Race,INTERVIEW: Sony Chases Rivals in Image Chip Race
train_091518,train_091663,0.9062,1,1,WADA Wants More Funds to Fight Drug Cheats,WADA Wants More Funds to Fight Drug Cheats
train_032396,train_032431,0.9609,0,0,Iran Rejects UN Call for Uranium Enrichment Freeze,Iran Rejects UN Call for Uranium Enrichment Freeze
train_021831,train_021842,0.9688,3,3,Motorola Aims to Sharpen Design Edge,Motorola Aims to Sharpen Design Edge (Reuters)
train_020019,train_025905,0.9531,0,0,A Look at Presidential Polls (AP),Presidential Polls Glance (AP)
train_009101,train_009152,0.9531,3,3,Polish Cops Bust 100-Member Computer Piracy Gang,Polish Cops Bust 100-Member Computer Piracy Gang (Reuters)
train_118273,train_118433,0.9688,0,0,Cuban M.D. Staying at Argentine Embassy,Cuban M.D. Staying at Argentine Embassy
train_011457,train_011471,0.9766,2,2,Accounting Board Finds Violations at Big Four,Accounting Board Finds Violations
train_023674,train_023686,0.9297,2,2,Treasuries Rally on Drop in August PPI (Reuters),Treasuries Rally on Drop in August PPI
train_069900,train_069908,0.9219,0,0,Israel's Shas Party to Vote Against Gaza Pullout,Israel's Shas Party to Vote Against Gaza Pullout (Reuters)
train_064365,train_064747,0.9531,0,0,Astros Beat Cards 3-0 to Take NLCS Lead,"Astros Beat Cards, Take NLCS Series Lead"
train_023337,train_023373,0.9453,3,3,Motorola to Invest $90 Million in China R D Center (Reuters),Motorola to Invest $90 Million in China R D Center
train_110867,train_111302,1.0,0,0,Car Bomb Blast Near Allawi HQ in Baghdad Kills 2,Car Bomb Blast Near Allawi HQ in Baghdad
train_076181,train_076197,0.9609,2,2,CNNfn Network to Close by Mid-December,CNNfn Network to Close by Mid-December
train_086774,train_086852,0.9375,0,0,France Citizens Queue to Leave Ivory Coast,France Citizens Queue to Leave Ivory Coast (Reuters)
train_013424,train_013519,0.9531,1,1,AL Wrap: Blue Jays Blitzed by 6 Homers from Yankees,AL Wrap: Blue Jays Blitzed by Six Homers from Yankees
train_055583,train_056008,0.9844,0,0,House Backs $32 Bln Homeland Security Bill (Reuters),House Backs $32 Billion Homeland Security Bill (Reuters)
train_096769,train_096898,0.9531,0,0,Protesters Denounce APEC Summit in Chile,Chile Police Clash With Summit Protesters
train_052346,train_052922,0.9375,0,0,UN Challenges Israel on UNRWA Terror Link Claims,UN Challenges Israel on UNRWA Terror Link Claims
train_020993,train_024530,0.9531,3,3,Spaceport Mum on Frances Shuttle Delays,Spaceport Mum on Frances Shuttle Delays
train_069846,train_069875,0.9844,2,3,Amazon May Be Losing Its Dot-Com Glitz (Reuters),Amazon.com May Be Losing Its Dot-Com Glitz (Reuters)
train_037968,train_038187,0.9297,0,0,Warlord Will Be Tried for Beslan - Chechen Rebel,Warlord Will Be Tried for Beslan - Chechen Rebel
train_072059,train_072157,0.9453,1,1,Ravens' Ogden Likely to Be Sidelined,Ravens' Ogden likely to be sidelined Sunday against Eagles
train_095276,train_095369,0.9141,3,3,Ancient Animal Could Be Human-Ape Ancestor (AP),Ancient Animal Could Be Human-Ape Ancestor
train_104392,train_104674,0.9688,3,3,Toshiba Wins HD DVD Support from 4 in Hollywood,Toshiba Wins HD DVD Support from 4 in Hollywood
train_024684,train_024703,0.9844,1,1,Weir on Verge of Ending 50-Year Canadian Wait,Weir on Verge of Ending 50-Year Canadian Wait
train_067457,train_067459,0.9375,2,2,"Caesars Profit Rises, But Outlook Lags","Caesars Profit Rises, But Outlook Lags (Reuters)"
train_051282,train_051366,1.0,3,3,A Look at the Toys of Christmas (Near) Future,A Look at the Toys of Christmas (Near) Future
train_038119,train_038205,0.9141,2,2,Putin: State Firms Can Bid for YUKOS,Putin: State Firms Can Bid for YUKOS
train_028943,train_028946,0.9609,0,0,Bribes Helped Bombers to Russian Planes -Prosecutor (Reuters),Bribes Helped Bombers to Russian Planes -Prosecutor
train_103855,train_103858,0.9297,2,2,World Bank Head to Leave in June,World Bank Head to Leave in June (Reuters)
train_095121,train_095283,0.9219,1,1,Sprinters Charged With Dodging Drug Test (AP),Sprinters Charged With Dodging Drug Test
train_000668,train_000686,0.9453,2,2,Nikkei Falls Over 1 Pct on Oil Worries,Nikkei Falls Over 1 Pct on Oil Worries (Reuters)
train_011828,train_011840,0.9219,0,0,Investigators Find Explosives in Russia Plane Wreck,Investigators Find Explosives in Russia Plane Wreck
train_098848,train_099892,0.9766,3,3,Microsoft Is No Threat To Google -- Yet,Microsoft Is No Threat To Google -- Yet
