row_id,source_dataset,source_category,label,label_name,title_clean,description_clean,text
bbc_news:001997,bbc_news,sport,1,Sports,clijsters set for february return tennis star kim clijsters will make her return from a career-threatening,injury at the antwerp wta event in february. kim had considered returning to action in paris on 7 february a statement on her website said. she s decided against this so that she does not risk the final phase of her recovery. if all goes well kim will make her return on february 15. the 21-year-old has not played since last october after aggravating a wrist injury at the belgian open. back then a doctor treating the belgian feared that her career may be over with the player having already endured an operation earlier in the season to cure her wrist problem. i hope she comes back but i m pessimistic said bruno willems. clijsters was also due to marry fellow tennis star lleyton hewitt in february but the pair split for private reasons back in october.,clijsters set for february return tennis star kim clijsters will make her return from a career-threatening injury at the antwerp wta event in february. kim had considered returning to action in paris on 7 february a statement on her website said. she s decided against this so that she does not risk the final phase of her recovery. if all goes well kim will make her return on february 15. the 21-year-old has not played since last october after aggravating a wrist injury at the belgian open. back then a doctor treating the belgian feared that her career may be over with the player having already endured an operation earlier in the season to cure her wrist problem. i hope she comes back but i m pessimistic said bruno willems. clijsters was also due to marry fellow tennis star lleyton hewitt in february but the pair split for private reasons back in october.
bbc_news:000367,bbc_news,sport,1,Sports,safin slumps to shock dubai loss marat safin suffered a shock loss to unseeded nicolas kiefer,in round one of the dubai tennis championships. playing his first match since winning the australian open safin showed some good touches but was beaten 7-6 (7-2) 6-4 by the in-form kiefer. the german got on top in the first-set tie-break striking a sweet forehand to win the first point against serve. and he maintained the momentum early in the second set breaking the russian with the help of an inspired volley. spain s feliciano lopez lined up a second round clash with andre agassi by beating thailand s paradorn srichaphan. lopez who lost in three sets to roger federer in last year s final won 6-2 3-6 6-3. former champion fabrice santoro of france was beaten 6-3 6-0 by sixth seeded russian nikolay davydenko. there were also wins for two other russians igor andreev and seventh seed mikhail youzhny.,safin slumps to shock dubai loss marat safin suffered a shock loss to unseeded nicolas kiefer in round one of the dubai tennis championships. playing his first match since winning the australian open safin showed some good touches but was beaten 7-6 (7-2) 6-4 by the in-form kiefer. the german got on top in the first-set tie-break striking a sweet forehand to win the first point against serve. and he maintained the momentum early in the second set breaking the russian with the help of an inspired volley. spain s feliciano lopez lined up a second round clash with andre agassi by beating thailand s paradorn srichaphan. lopez who lost in three sets to roger federer in last year s final won 6-2 3-6 6-3. former champion fabrice santoro of france was beaten 6-3 6-0 by sixth seeded russian nikolay davydenko. there were also wins for two other russians igor andreev and seventh seed mikhail youzhny.
bbc_news:001948,bbc_news,sport,1,Sports,uk athletics agrees new kit deal uk athletics has agreed a new deal with adidas to,supply great britain squads of all ages with their kit for the next four years. the german-based firm kitted out team gb at the 2004 olympics and has deals with 20 other national olympic bodies. uk athletics chief david moorcroft said: the athens experience can now be extended to more major championships. in the year ahead these include the european indoor and world outdoor championships. we are delighted. moorcroft added: it is hugely beneficial to the sport that the adidas commitment will also provide for officials and other personnel at our world-class series of live televised events. this week uk athletics also agreed a four-year deal with energy drink company red bull who will be supplying the product to athletics at major domestic meetings and in high performance centres.,uk athletics agrees new kit deal uk athletics has agreed a new deal with adidas to supply great britain squads of all ages with their kit for the next four years. the german-based firm kitted out team gb at the 2004 olympics and has deals with 20 other national olympic bodies. uk athletics chief david moorcroft said: the athens experience can now be extended to more major championships. in the year ahead these include the european indoor and world outdoor championships. we are delighted. moorcroft added: it is hugely beneficial to the sport that the adidas commitment will also provide for officials and other personnel at our world-class series of live televised events. this week uk athletics also agreed a four-year deal with energy drink company red bull who will be supplying the product to athletics at major domestic meetings and in high performance centres.
bbc_news:002140,bbc_news,sport,1,Sports,celts savour grand slam prospect the six nations has heralded a new order in northern hemisphere,rugby this year and wales and ireland rather than traditional big guns france and england face a potential grand slam play-off in three weeks time. but before that game in cardiff wales must get past scotland at murrayfield while ireland face the not insignificant task of a home fixture with the mercurial french. no-one knows what mood france will be in at lansdowne road on 12 march - sublime as in the first half against wales or ridiculous like in the same period against england at twickenham. but how the mighty have fallen. england sat on rugby s summit 15 months ago as world champions and 2003 grand slam winners. but they have lost nine of their 14 matches since that heady night in sydney. and they face the ignominy of what could amount to a wooden spoon play-off against italy in a fortnight. england are enduring their worst run in the championship since captain richard hill was dumped in favour of mike harrison after three straight losses in 1987. coach andy robinson who took over from the successful sir clive woodward in september has lost a phalanx of world cup stars. and he is enduring the toughest of teething problems in bedding down his own style with a new team. the same year that england ruled the roost a woeful wales lost all five matches in the six nations. and they won only two games against scotland and italy in 2004. wales most recent championship title was in 1994 and their last grand slam success came in 1978 in the era of gareth edwards phil bennett jpr williams et al. but welsh rugby fans remain on permanent tenterhooks for the blossoming of a new golden age. after several false dawns coach mike ruddock may have come up with the team and philosophy to match expectations. the fresh verve is inspired by skipper gareth thomas now out with a broken thumb accurate kicking from either fly-half stephen jones or centre gavin henson a rampant martyn williams leading the way up front and exciting runners in the guise of henson and shane williams. ireland coach eddie o sullivan and captain brian o driscoll have got their side buzzing too and they are close to shedding the nearly-men tag that has dogged them for the past few years. the men from the emerald isle have been six nations runners-up for the past two years to france and england. but they have not won the title since 1985 and last clinched a grand slam in 1948. as for scotland they have struggled this decade and the 2004 wooden spoon winners have not been in the top two since they lifted the title in 1999. italy continue the elusive search for their first six nations away win and can still only account for the scalps of scotland (twice) and wales since joining the elite in 2000. coach john kirwan is a passionate and dedicated believer in the azzurri but is lacking in raw materials. and so to france. brilliant one minute inept the next. but the reigning champions could quite easily turn on the style in dublin and end up winning the title through the back door. ireland though have won three times in their last five meetings. welsh romantics would probably prefer a glorious victory in the celtic showdown to crown their grand slam. but given that ireland have beaten wales in four of their last five meetings the welsh legions are likely to be behind les bleus on 12 march.,celts savour grand slam prospect the six nations has heralded a new order in northern hemisphere rugby this year and wales and ireland rather than traditional big guns france and england face a potential grand slam play-off in three weeks time. but before that game in cardiff wales must get past scotland at murrayfield while ireland face the not insignificant task of a home fixture with the mercurial french. no-one knows what mood france will be in at lansdowne road on 12 march - sublime as in the first half against wales or ridiculous like in the same period against england at twickenham. but how the mighty have fallen. england sat on rugby s summit 15 months ago as world champions and 2003 grand slam winners. but they have lost nine of their 14 matches since that heady night in sydney. and they face the ignominy of what could amount to a wooden spoon play-off against italy in a fortnight. england are enduring their worst run in the championship since captain richard hill was dumped in favour of mike harrison after three straight losses in 1987. coach andy robinson who took over from the successful sir clive woodward in september has lost a phalanx of world cup stars. and he is enduring the toughest of teething problems in bedding down his own style with a new team. the same year that england ruled the roost a woeful wales lost all five matches in the six nations. and they won only two games against scotland and italy in 2004. wales most recent championship title was in 1994 and their last grand slam success came in 1978 in the era of gareth edwards phil bennett jpr williams et al. but welsh rugby fans remain on permanent tenterhooks for the blossoming of a new golden age. after several false dawns coach mike ruddock may have come up with the team and philosophy to match expectations. the fresh verve is inspired by skipper gareth thomas now out with a broken thumb accurate kicking from either fly-half stephen jones or centre gavin henson a rampant martyn williams leading the way up front and exciting runners in the guise of henson and shane williams. ireland coach eddie o sullivan and captain brian o driscoll have got their side buzzing too and they are close to shedding the nearly-men tag that has dogged them for the past few years. the men from the emerald isle have been six nations runners-up for the past two years to france and england. but they have not won the title since 1985 and last clinched a grand slam in 1948. as for scotland they have struggled this decade and the 2004 wooden spoon winners have not been in the top two since they lifted the title in 1999. italy continue the elusive search for their first six nations away win and can still only account for the scalps of scotland (twice) and wales since joining the elite in 2000. coach john kirwan is a passionate and dedicated believer in the azzurri but is lacking in raw materials. and so to france. brilliant one minute inept the next. but the reigning champions could quite easily turn on the style in dublin and end up winning the title through the back door. ireland though have won three times in their last five meetings. welsh romantics would probably prefer a glorious victory in the celtic showdown to crown their grand slam. but given that ireland have beaten wales in four of their last five meetings the welsh legions are likely to be behind les bleus on 12 march.
bbc_news:001931,bbc_news,sport,1,Sports,venus stunned by farina elia venus williams suffered a first-round defeat for the first time in,four years at the dubai championships. sylvia farina elia who had lost all nine of her previous meetings with the american fifth seed won 7-5 7-6 (8-6). former wimbledon champion conchita martinez and india s sania mirza the oldest and youngest players in the draw also reached the second round. martinez 32 beat shinobu asagoe 6-4 6-4 and 18-year-old mirza beat jelena kostanic 6-7 (7-2) 6-4 6-1. mirza the first indian woman to win a wta tour title this month on home ground at hyderabad will now face us open champion svetlana kuznetsova. but she is remaining confident. she (kuznetsova) is a great player she said. but everyone is beatable and i am looking forward to a great match. williams though blamed her defeat by farina elia on injuries. blisters were a factor but mostly my stomach wasn t that great she said. i did it in the last tournament in the semi-finals and i was serving at 40% in the final. the first time i served again was sunday and there wasn t a lot i could do out there. when your serve isn t good it throws the rest of your game off too. she will wait to see how she recovers before deciding whether to take part in the nasdaq-100 open in miami starting on 21 march.,venus stunned by farina elia venus williams suffered a first-round defeat for the first time in four years at the dubai championships. sylvia farina elia who had lost all nine of her previous meetings with the american fifth seed won 7-5 7-6 (8-6). former wimbledon champion conchita martinez and india s sania mirza the oldest and youngest players in the draw also reached the second round. martinez 32 beat shinobu asagoe 6-4 6-4 and 18-year-old mirza beat jelena kostanic 6-7 (7-2) 6-4 6-1. mirza the first indian woman to win a wta tour title this month on home ground at hyderabad will now face us open champion svetlana kuznetsova. but she is remaining confident. she (kuznetsova) is a great player she said. but everyone is beatable and i am looking forward to a great match. williams though blamed her defeat by farina elia on injuries. blisters were a factor but mostly my stomach wasn t that great she said. i did it in the last tournament in the semi-finals and i was serving at 40% in the final. the first time i served again was sunday and there wasn t a lot i could do out there. when your serve isn t good it throws the rest of your game off too. she will wait to see how she recovers before deciding whether to take part in the nasdaq-100 open in miami starting on 21 march.
bbc_news:001402,bbc_news,sport,1,Sports,davenport dismantles young rival top seed lindsay davenport booked her place in the last 16 of,the australian open with a convincing 6-2 6-4 win over nicole vaidisova of the czech republic. the american had too much power for her 15-year-old opponent breaking twice in the first set and once in the second. the german-born vaidisova rallied well at times but was unable to find a way back after falling behind 3-2 in the opening set. davenport who closed out with an ace plays karolina sprem in the next round. i was fully expecting a tough opponent and was able to play well enough to get through it said davenport. i think she hits some great shots. she made some errors but probably some inexperience played a role in that. but she s so young and obviously has a big game and has many many years to improve on that. sprem the croatian 13th seed saw off russia s elena likhovtseva 6-3 6-2. former world number one powered her way into the fourth round with a straight sets win over anna smashnova. the 27th seed from israel stuck with williams until 3-3 in the first set before it became one-way traffic. the american made 26 unforced errors but was still good enough to romp through the contest in exactly an hour. she reeled off nine straight games to finish a 6-3 6-0 winner. remains on course to become the first australian to win her home title since chris o neil in 1978. the 10th seed equalled her best performance at a grand slam event when she beat unseeded russian nadia petrova 6-3 6-2 to reach the fourth round. after a tough first set molik grew in confidence and won in just 56 minutes. she will now meet venus williams. bring it on said the 23-year-old. i played pretty well and it was nice to get through in straight sets. we were destined to meet i guess williams said referring to her match with molik. it will be a huge match for her in australia. i can tell she s probably very motivated by that so i need to get out there and play well. beat slovakia s daniela hantuchova in a rollercoaster match. dementieva came through 7-5 5-7 6-4 becoming the seventh russian woman to reach the last 16 in melbourne. the match lasted almost three hours and featured 13 service breaks including three in the final set when dementieva held her nerve to seal the win. she now faces after the swiss 12th seed beat american abigail spears 7-6 6-3. french open champion received a free ride into the last 16 after lisa raymond was forced to withdraw. raymond the 25th seeded american was ruled out after sustaining a left abdominal muscle tear in the doubles. myskina the third seed now plays france s who beat francesca schiavone of italy 6-3 6-3. i m extremely disappointed because i couldn t have asked to play better in my first two matches raymond said.,davenport dismantles young rival top seed lindsay davenport booked her place in the last 16 of the australian open with a convincing 6-2 6-4 win over nicole vaidisova of the czech republic. the american had too much power for her 15-year-old opponent breaking twice in the first set and once in the second. the german-born vaidisova rallied well at times but was unable to find a way back after falling behind 3-2 in the opening set. davenport who closed out with an ace plays karolina sprem in the next round. i was fully expecting a tough opponent and was able to play well enough to get through it said davenport. i think she hits some great shots. she made some errors but probably some inexperience played a role in that. but she s so young and obviously has a big game and has many many years to improve on that. sprem the croatian 13th seed saw off russia s elena likhovtseva 6-3 6-2. former world number one powered her way into the fourth round with a straight sets win over anna smashnova. the 27th seed from israel stuck with williams until 3-3 in the first set before it became one-way traffic. the american made 26 unforced errors but was still good enough to romp through the contest in exactly an hour. she reeled off nine straight games to finish a 6-3 6-0 winner. remains on course to become the first australian to win her home title since chris o neil in 1978. the 10th seed equalled her best performance at a grand slam event when she beat unseeded russian nadia petrova 6-3 6-2 to reach the fourth round. after a tough first set molik grew in confidence and won in just 56 minutes. she will now meet venus williams. bring it on said the 23-year-old. i played pretty well and it was nice to get through in straight sets. we were destined to meet i guess williams said referring to her match with molik. it will be a huge match for her in australia. i can tell she s probably very motivated by that so i need to get out there and play well. beat slovakia s daniela hantuchova in a rollercoaster match. dementieva came through 7-5 5-7 6-4 becoming the seventh russian woman to reach the last 16 in melbourne. the match lasted almost three hours and featured 13 service breaks including three in the final set when dementieva held her nerve to seal the win. she now faces after the swiss 12th seed beat american abigail spears 7-6 6-3. french open champion received a free ride into the last 16 after lisa raymond was forced to withdraw. raymond the 25th seeded american was ruled out after sustaining a left abdominal muscle tear in the doubles. myskina the third seed now plays france s who beat francesca schiavone of italy 6-3 6-3. i m extremely disappointed because i couldn t have asked to play better in my first two matches raymond said.
bbc_news:000114,bbc_news,sport,1,Sports,beckham relief as real go through david beckham expressed his relief at real madrid s passage,to the champions league knockout phase. after real s 3-0 win at roma the england skipper admitted another season of under-achievement would not be tolerated at the bernabeu stadium. beckham said: it s expected of madrid to get through but it s a relief for the club and players to have won. we lost momentum last season but we cannot afford to to go another season without winning anything. real s finish as runners-up in their champions league group means they cannot face his old club manchester united in the next round. but real could be drawn against other premiership hopefuls arsenal or chelsea who won their respective groups. it s going to be great whoever we play even if we don t get either of the two english teams.,beckham relief as real go through david beckham expressed his relief at real madrid s passage to the champions league knockout phase. after real s 3-0 win at roma the england skipper admitted another season of under-achievement would not be tolerated at the bernabeu stadium. beckham said: it s expected of madrid to get through but it s a relief for the club and players to have won. we lost momentum last season but we cannot afford to to go another season without winning anything. real s finish as runners-up in their champions league group means they cannot face his old club manchester united in the next round. but real could be drawn against other premiership hopefuls arsenal or chelsea who won their respective groups. it s going to be great whoever we play even if we don t get either of the two english teams.
bbc_news:000975,bbc_news,sport,1,Sports,zambia confident and cautious zambia s technical director kalusha bwalya is confident and cautious ahead of,the cosafa cup final against angola on saturday in lusaka. bwalya said: nothing short of victory will do. however bwalya warned his side not to be too complacent. i don t want my team to be too comfortable or too sure of victory as it is going to be a difficult game. for me the main aim of the game is to enjoy and to win. zambia have shown their determination to win this final by recalling nine of their foreign-based players. however the 41 year-old bwalya who became the oldest player to appear in the competition when he played and scored against mauritius is uncertain whether he will take to the field or not. the chipolopolo fans however are not being so cautious with a victory concert already scheduled for after the match featuring some of the country s top musicians. both sides are hoping to win the competition for a record third time and so keep the trophy for good. the chipolopolo won the first two editions of the regional tournament for southern african nations in 1997 and 1998. they were prevented from a third straight win by angola who knocked out the zambians at the semi-final stage in 1999. that victory for angola also marked a first defeat in 14 years for zambia at lusaka s independence stadium where saturday s game is being played. angola named just four overseas-based players in their preliminary squad. the palancas negras have been unable to secure the release of many of their portugal-based players.,zambia confident and cautious zambia s technical director kalusha bwalya is confident and cautious ahead of the cosafa cup final against angola on saturday in lusaka. bwalya said: nothing short of victory will do. however bwalya warned his side not to be too complacent. i don t want my team to be too comfortable or too sure of victory as it is going to be a difficult game. for me the main aim of the game is to enjoy and to win. zambia have shown their determination to win this final by recalling nine of their foreign-based players. however the 41 year-old bwalya who became the oldest player to appear in the competition when he played and scored against mauritius is uncertain whether he will take to the field or not. the chipolopolo fans however are not being so cautious with a victory concert already scheduled for after the match featuring some of the country s top musicians. both sides are hoping to win the competition for a record third time and so keep the trophy for good. the chipolopolo won the first two editions of the regional tournament for southern african nations in 1997 and 1998. they were prevented from a third straight win by angola who knocked out the zambians at the semi-final stage in 1999. that victory for angola also marked a first defeat in 14 years for zambia at lusaka s independence stadium where saturday s game is being played. angola named just four overseas-based players in their preliminary squad. the palancas negras have been unable to secure the release of many of their portugal-based players.
bbc_news:002180,bbc_news,sport,1,Sports,campbell lifts lid on united feud arsenal s sol campbell has called the rivalry between manchester,united and the gunners bitter and personal . past encounters have stirred up plenty of ill-feeling between the sides and they meet again at highbury on tuesday. it is just more bitter and personal against united the defender told the guardian newspaper. there s an edge. after all that has happened if we beat them it will be one of our sweetest ever wins especially because of how we lost to them up there. last october arsenal lost 2-0 at old trafford which ended a record 49-match unbeaten league run and sparked a mini-crisis with the gunners winning only three of their next 10 games. it had a psychological impact on us but again because of the way we were defeated added the 30-year-old referring to a controversial penalty award for united s first goal. that was far more upsetting losing like that because they just seem to get away with it. you try and balance out over the course of a season but i ve had so many rough decisions against them you begin to wonder. with tensions spilling over afterwards - united boss sir alex ferguson was allegedly pelted with pizza in the players tunnel - there is little surprise that so much is riding on the return encounter on. everyone at arsenal has been waiting for this game said campbell. we are up for this one. speaking on his long-term plans campbell signalled his intent to move abroad before he turns 35. i m 30 now and in five years time i won t be in this country - that s definite. italy looks good to me because it would suit my kind of football. spain is an option but the idea of tasting a new culture and learning another language excites me the most. i m starting a little with french of course.,campbell lifts lid on united feud arsenal s sol campbell has called the rivalry between manchester united and the gunners bitter and personal . past encounters have stirred up plenty of ill-feeling between the sides and they meet again at highbury on tuesday. it is just more bitter and personal against united the defender told the guardian newspaper. there s an edge. after all that has happened if we beat them it will be one of our sweetest ever wins especially because of how we lost to them up there. last october arsenal lost 2-0 at old trafford which ended a record 49-match unbeaten league run and sparked a mini-crisis with the gunners winning only three of their next 10 games. it had a psychological impact on us but again because of the way we were defeated added the 30-year-old referring to a controversial penalty award for united s first goal. that was far more upsetting losing like that because they just seem to get away with it. you try and balance out over the course of a season but i ve had so many rough decisions against them you begin to wonder. with tensions spilling over afterwards - united boss sir alex ferguson was allegedly pelted with pizza in the players tunnel - there is little surprise that so much is riding on the return encounter on. everyone at arsenal has been waiting for this game said campbell. we are up for this one. speaking on his long-term plans campbell signalled his intent to move abroad before he turns 35. i m 30 now and in five years time i won t be in this country - that s definite. italy looks good to me because it would suit my kind of football. spain is an option but the idea of tasting a new culture and learning another language excites me the most. i m starting a little with french of course.
bbc_news:001008,bbc_news,sport,1,Sports,corry backs skipper robinson england forward martin corry says jason robinson is the right man to,lead the national team back to winning ways. after losses to wales and france critics have started to wonder whether robinson can captain from full-back. but corry has backed robinson who was given the role after the injury to fly-half jonny wilkinson ahead of this weekend s trip to ireland. jason is doing a tremendous job. every week my respect for him goes up corry told bbc radio five live. he is an inspirational captain. when he talks with the squad he talks with a lot of sense. the players have a lot of respect for him. it s an honour to be in the england side and an honour to play under him. england are under immense pressure following their poor start to the year and victory is vital if they are to rescue their six nations campaign. but corry insists england are in the right frame of mind for the contest. there is apprehension going into every game he added. but you have to use that fear and put it into a positive mindset. when the whistle goes on sunday what has happened in the past does not count for anything. we have not performed but if we put in a performance on sunday then we can start turning results around. there are a lot of changes taking place with england and we are at the start of something. we have not got off to the greatest of starts but you need to experience the bad the before you can fully appreciate the good. a trip to lansdowne road is daunting at any time especially against an ireland side that are flying high after two impressive wins. they are the form team of the tournament and are tipped to claim their first grand slam since 1948. but corry is relishing the prospect of taking on the irish in their own backyard. they are full of confidence and are playing a great team game he said. the forwards are creating a great platform and they have explosive runners out wide. if you look at the team on paper they have stars from one to 15. it s a huge task but it is a great opportunity for us. lansdowne road is a tremendous venue to play in and we have to use it to our advantage.,corry backs skipper robinson england forward martin corry says jason robinson is the right man to lead the national team back to winning ways. after losses to wales and france critics have started to wonder whether robinson can captain from full-back. but corry has backed robinson who was given the role after the injury to fly-half jonny wilkinson ahead of this weekend s trip to ireland. jason is doing a tremendous job. every week my respect for him goes up corry told bbc radio five live. he is an inspirational captain. when he talks with the squad he talks with a lot of sense. the players have a lot of respect for him. it s an honour to be in the england side and an honour to play under him. england are under immense pressure following their poor start to the year and victory is vital if they are to rescue their six nations campaign. but corry insists england are in the right frame of mind for the contest. there is apprehension going into every game he added. but you have to use that fear and put it into a positive mindset. when the whistle goes on sunday what has happened in the past does not count for anything. we have not performed but if we put in a performance on sunday then we can start turning results around. there are a lot of changes taking place with england and we are at the start of something. we have not got off to the greatest of starts but you need to experience the bad the before you can fully appreciate the good. a trip to lansdowne road is daunting at any time especially against an ireland side that are flying high after two impressive wins. they are the form team of the tournament and are tipped to claim their first grand slam since 1948. but corry is relishing the prospect of taking on the irish in their own backyard. they are full of confidence and are playing a great team game he said. the forwards are creating a great platform and they have explosive runners out wide. if you look at the team on paper they have stars from one to 15. it s a huge task but it is a great opportunity for us. lansdowne road is a tremendous venue to play in and we have to use it to our advantage.
bbc_news:000041,bbc_news,sport,1,Sports,federer claims dubai crown world number one roger federer added the dubai championship trophy to his,long list of successes - but not before he was given a test by ivan ljubicic. top seed federer looked to be on course for a easy victory when he thumped the eighth seed 6-1 in the first set. but ljubicic who beat tim henman in the last eight dug deep to secure the second set after a tense tiebreak. swiss star federer was not about to lose his cool though turning on the style to win the deciding set 6-3. the match was a re-run of last week s final at the world indoor tournament in rotterdam where federer triumphed but not until ljubicic had stretched him for five sets. i really wanted to get off to a good start this time and i did and i could really play with confidence while he still looking for his rhythm federer said. that took me all the way through to 6-1 3-1 0-30 on his serve and i almost ran away with it. but he came back and that was a good effort on his side. ljubicic was at a loss to explain his poor showing in the first set. i didn t start badly but then suddenly i felt like my racket was loose and the balls were flying a little bit too much. and with roger if you relax for a second it just goes very quick he said. after those first three games it was no match at all. i don t know it was really weird. i was playing really well the whole year and then suddenly i found myself in trouble just to put the ball in the court. but despite his defeat the world number 14 was pleased with his overall performance. i had a chance in the third and for me it s really positive to twice in two weeks have a chance against roger to win the match. it s an absolutely great boost to my confidence that i m up there and belong with top-class players.,federer claims dubai crown world number one roger federer added the dubai championship trophy to his long list of successes - but not before he was given a test by ivan ljubicic. top seed federer looked to be on course for a easy victory when he thumped the eighth seed 6-1 in the first set. but ljubicic who beat tim henman in the last eight dug deep to secure the second set after a tense tiebreak. swiss star federer was not about to lose his cool though turning on the style to win the deciding set 6-3. the match was a re-run of last week s final at the world indoor tournament in rotterdam where federer triumphed but not until ljubicic had stretched him for five sets. i really wanted to get off to a good start this time and i did and i could really play with confidence while he still looking for his rhythm federer said. that took me all the way through to 6-1 3-1 0-30 on his serve and i almost ran away with it. but he came back and that was a good effort on his side. ljubicic was at a loss to explain his poor showing in the first set. i didn t start badly but then suddenly i felt like my racket was loose and the balls were flying a little bit too much. and with roger if you relax for a second it just goes very quick he said. after those first three games it was no match at all. i don t know it was really weird. i was playing really well the whole year and then suddenly i found myself in trouble just to put the ball in the court. but despite his defeat the world number 14 was pleased with his overall performance. i had a chance in the third and for me it s really positive to twice in two weeks have a chance against roger to win the match. it s an absolutely great boost to my confidence that i m up there and belong with top-class players.
bbc_news:000529,bbc_news,sport,1,Sports,newcastle line up babayaro newcastle manager graeme souness is closing in on signing chelsea defender celestine,babayaro when the transfer window reopens. souness is bidding to bolster his defence and according to reports contract negotiations are at an advanced stage with the player. babayaro has been in the premiership since 1997 when he moved to chelsea for £2.25m from anderlecht. but the 26-year-old has been surplus to requirements this season. souness would not be drawn on specifics over individual players. but he said: all i can tell you is that the chairman has worked really hard in the last couple of months to try to do deals. we have said from day one we want to strengthen and that is what we are hoping to do in the coming weeks.,newcastle line up babayaro newcastle manager graeme souness is closing in on signing chelsea defender celestine babayaro when the transfer window reopens. souness is bidding to bolster his defence and according to reports contract negotiations are at an advanced stage with the player. babayaro has been in the premiership since 1997 when he moved to chelsea for £2.25m from anderlecht. but the 26-year-old has been surplus to requirements this season. souness would not be drawn on specifics over individual players. but he said: all i can tell you is that the chairman has worked really hard in the last couple of months to try to do deals. we have said from day one we want to strengthen and that is what we are hoping to do in the coming weeks.
bbc_news:001901,bbc_news,sport,1,Sports,sociedad set to rescue mladenovic rangers are set to loan out-of-favour midfielder dragan mladenovic to real,sociedad despite the closure of the january transfer window. sociedad have been given special permission by the spanish fa to sign a player due to an injury crisis. mladenovic will effectively replace former rangers midfielder mikel arteta who has been loaned to everton. sociedad say they will pay rangers £150 000 with an option to buy the serbia & montenegro international. mladenovic s loan move is subject to him passing a medical. the 28-year-old who joined rangers from red star belgrade for £1.2m in the close season is expected in san sebastian later this week following his national side s game against bulgaria. sociedad are in 15th place in the 20-strong primera liga just two points above the relegation zone. special permission from the spanish fa came after an injury to central defender igor jauregi. the versatile mladenovic can also play in the back four. his agent said last month that rangers had told him to find the player a new club. mladenovic s time at ibrox has been plagued with injury and he has made just six starts in six months with the glasgow club.,sociedad set to rescue mladenovic rangers are set to loan out-of-favour midfielder dragan mladenovic to real sociedad despite the closure of the january transfer window. sociedad have been given special permission by the spanish fa to sign a player due to an injury crisis. mladenovic will effectively replace former rangers midfielder mikel arteta who has been loaned to everton. sociedad say they will pay rangers £150 000 with an option to buy the serbia & montenegro international. mladenovic s loan move is subject to him passing a medical. the 28-year-old who joined rangers from red star belgrade for £1.2m in the close season is expected in san sebastian later this week following his national side s game against bulgaria. sociedad are in 15th place in the 20-strong primera liga just two points above the relegation zone. special permission from the spanish fa came after an injury to central defender igor jauregi. the versatile mladenovic can also play in the back four. his agent said last month that rangers had told him to find the player a new club. mladenovic s time at ibrox has been plagued with injury and he has made just six starts in six months with the glasgow club.
bbc_news:000892,bbc_news,sport,1,Sports,rangers seal old firm win goals from gregory vignal and nacho novo gave rangers a scrappy,victory at celtic park that moves them three points clear of the champions. rangers had rarely threatened until celtic goalkeeper rab douglas let defender vignal s 25-yard drive slip through his grasp and into the net. opposite number ronald waterreus had been rangers hero saving superbly from craig bellamy and john hartson. striker novo secured victory lobbing douglas with eight minutes remaining. it ended celtic s 11-game unbeaten run at home in old firm derbies and gave rangers manager alex mcleish his first victory at the home of his glasgow rivals. celtic had won their last six meetings on their home pitch including twice already this season. they started confidently with new signing bellamy on loan from newcastle united given his celtic debut up front with wales international colleague john hartson and chris sutton dropping into midfield. it took bellamy just four minutes to threaten taking on marvin andrews before delivering a low drive that was held by waterreus at the second attempt. he had an even better chance after hartson dispossesed sotiris kyrgiakos and sent his strike partner clear with only the goalkeeper to beat. but waterreus did well to beat away bellamy s disappointing low drive from 16 yards. waterreus came to the rescue again when the ball fell to hartson just inside the box and the dutch goalkeeper made a brave block. it was an old firm return for barry ferguson as mcleish stuck by the side that thumped four goals past hibernian. but rangers found celtic harder to break down and douglas was not threatened until 10 minutes after the break. dado prso turned inside neil lennon only for the celtic goalkeeper to beat away his powerful 18-yard drive. a great defensive header by andrews prevented hartson pouncing from five yards out. hartson foxed vignal at the edge of the rangers box but the striker s shot on the turn was again beaten away by waterreus. rangers were beginning to dominate the midfield and vignal collecting a knock back from fernando ricksen broke the deadlock douglas somehow letting the frenchman s dipping drive slip through his grasp. novo pounced on a moments hesitation in the celtic defence to latch on to a long ball from ricksen and lob the ball over the advancing douglas. ricksen appeared to be hit by a coin but it could not prevent rangers celebrations at the final whistle. : douglas mcnamara balde varga laursen petrov lennon sutton thompson bellamy hartson. subs: marshall henchoz juninho paulista lambert maloney wallace mcgeady. : waterreus hutton kyrgiakos andrews ball buffel ferguson ricksen vignal prso novo. subs: mcgregor namouchi burke alex rae malcolm thompson lovenkrands. : m mccurry,rangers seal old firm win goals from gregory vignal and nacho novo gave rangers a scrappy victory at celtic park that moves them three points clear of the champions. rangers had rarely threatened until celtic goalkeeper rab douglas let defender vignal s 25-yard drive slip through his grasp and into the net. opposite number ronald waterreus had been rangers hero saving superbly from craig bellamy and john hartson. striker novo secured victory lobbing douglas with eight minutes remaining. it ended celtic s 11-game unbeaten run at home in old firm derbies and gave rangers manager alex mcleish his first victory at the home of his glasgow rivals. celtic had won their last six meetings on their home pitch including twice already this season. they started confidently with new signing bellamy on loan from newcastle united given his celtic debut up front with wales international colleague john hartson and chris sutton dropping into midfield. it took bellamy just four minutes to threaten taking on marvin andrews before delivering a low drive that was held by waterreus at the second attempt. he had an even better chance after hartson dispossesed sotiris kyrgiakos and sent his strike partner clear with only the goalkeeper to beat. but waterreus did well to beat away bellamy s disappointing low drive from 16 yards. waterreus came to the rescue again when the ball fell to hartson just inside the box and the dutch goalkeeper made a brave block. it was an old firm return for barry ferguson as mcleish stuck by the side that thumped four goals past hibernian. but rangers found celtic harder to break down and douglas was not threatened until 10 minutes after the break. dado prso turned inside neil lennon only for the celtic goalkeeper to beat away his powerful 18-yard drive. a great defensive header by andrews prevented hartson pouncing from five yards out. hartson foxed vignal at the edge of the rangers box but the striker s shot on the turn was again beaten away by waterreus. rangers were beginning to dominate the midfield and vignal collecting a knock back from fernando ricksen broke the deadlock douglas somehow letting the frenchman s dipping drive slip through his grasp. novo pounced on a moments hesitation in the celtic defence to latch on to a long ball from ricksen and lob the ball over the advancing douglas. ricksen appeared to be hit by a coin but it could not prevent rangers celebrations at the final whistle. : douglas mcnamara balde varga laursen petrov lennon sutton thompson bellamy hartson. subs: marshall henchoz juninho paulista lambert maloney wallace mcgeady. : waterreus hutton kyrgiakos andrews ball buffel ferguson ricksen vignal prso novo. subs: mcgregor namouchi burke alex rae malcolm thompson lovenkrands. : m mccurry
bbc_news:001641,bbc_news,sport,1,Sports,tulu to appear at caledonian run two-time olympic 10 000 metres champion derartu tulu has confirmed,she will take part in the bupa great caledonian run in edinburgh on 8 may. the 32-year-old ethiopian is the first star name to enter the event. tulu has won the boston london and tokyo marathons as well as the world 10 000m title in 2001. we are delighted to have secured the services of one the most decorated competitors the sport has ever seen said race director matthew turnbull. her record speaks for herself and there are few other women distance runners who would dare compare their pedigree with tulu s he added. she might be 33 next month but that didn t stop her winning the olympic 10 000m bronze medal last summer. she s an ultra-consistent championships racer.,tulu to appear at caledonian run two-time olympic 10 000 metres champion derartu tulu has confirmed she will take part in the bupa great caledonian run in edinburgh on 8 may. the 32-year-old ethiopian is the first star name to enter the event. tulu has won the boston london and tokyo marathons as well as the world 10 000m title in 2001. we are delighted to have secured the services of one the most decorated competitors the sport has ever seen said race director matthew turnbull. her record speaks for herself and there are few other women distance runners who would dare compare their pedigree with tulu s he added. she might be 33 next month but that didn t stop her winning the olympic 10 000m bronze medal last summer. she s an ultra-consistent championships racer.
bbc_news:000289,bbc_news,sport,1,Sports,sydney to host north v south game sydney will host a northern versus southern hemisphere charity,match in june or july the australian rugby union (aru) said on wednesday. the match will include players from the lions tour of new zealand. the australian rugby union has thrown its support behind a proposed north-south match to raise funds for the tsunami appeals the aru said. the date is yet to be decided but the most likely venue is sydney s olympic stadium. aru chief executive gary flowers said the world cricket charity match in melbourne earlier this month had inspired the aru. we still need to discuss the options with the irb (international rugby board) the lions and our sanzar (south africa new zealand and australia rugby) partners but june or july is seen as a better option than march to ensure we have the cream of southern hemisphere rugby available he said. wallabies captain george gregan said the charity match was a great initiative . tri-nations rivals australia new zealand and south africa would feature prominently in a southern team against a northern side comprised of six nations teams france ireland england wales italy and scotland. coach clive woodward s lions squad will tour new zealand in june and july including tests on 25 june 2 and 9 july. almost 80 000 fans packed into melbourne cricket ground on 10 january for a charity match that raised £5.9m for victims of the asian tsunami.,sydney to host north v south game sydney will host a northern versus southern hemisphere charity match in june or july the australian rugby union (aru) said on wednesday. the match will include players from the lions tour of new zealand. the australian rugby union has thrown its support behind a proposed north-south match to raise funds for the tsunami appeals the aru said. the date is yet to be decided but the most likely venue is sydney s olympic stadium. aru chief executive gary flowers said the world cricket charity match in melbourne earlier this month had inspired the aru. we still need to discuss the options with the irb (international rugby board) the lions and our sanzar (south africa new zealand and australia rugby) partners but june or july is seen as a better option than march to ensure we have the cream of southern hemisphere rugby available he said. wallabies captain george gregan said the charity match was a great initiative . tri-nations rivals australia new zealand and south africa would feature prominently in a southern team against a northern side comprised of six nations teams france ireland england wales italy and scotland. coach clive woodward s lions squad will tour new zealand in june and july including tests on 25 june 2 and 9 july. almost 80 000 fans packed into melbourne cricket ground on 10 january for a charity match that raised £5.9m for victims of the asian tsunami.
bbc_news:001939,bbc_news,sport,1,Sports,england claim dubai sevens glory england beat fiji 26-21 in a dramatic final in dubai to,win the first irb sevens event of the season. having beaten australia and south africa to reach the final england fell behind to an early try against fiji. they then took charge with scores from pat sanderson kai horstman mathew tait and rob thirlby but fiji rallied to force a tense finale. scotland were beaten 33-15 by samoa in the plate semi-final and ireland lost 17-5 to tunisia in the shield final. mike friday s england side matched their opponents for pace power and skill in the final and led 19-7 at half-time. but neumi nanuku and marika vakacegu touched down for fiji only for a needless trip by tuidriva bainivalu on geoff appleford to allow england to run down the clock. to be honest england have wanted to win in dubai for a very long time now and the people here have wanted us to win for just as long said friday. we didn t want to put pressure on ourselves but we are thankful we have achieved that and brought through some young talent at the same time that can hopefully play for the england 15s in a few years. portugal confirmed their impressive progress in sevens rugby by recording a sudden-death win over france in the bowl final. samoa won the plate title by edging out argentina 21-19.,england claim dubai sevens glory england beat fiji 26-21 in a dramatic final in dubai to win the first irb sevens event of the season. having beaten australia and south africa to reach the final england fell behind to an early try against fiji. they then took charge with scores from pat sanderson kai horstman mathew tait and rob thirlby but fiji rallied to force a tense finale. scotland were beaten 33-15 by samoa in the plate semi-final and ireland lost 17-5 to tunisia in the shield final. mike friday s england side matched their opponents for pace power and skill in the final and led 19-7 at half-time. but neumi nanuku and marika vakacegu touched down for fiji only for a needless trip by tuidriva bainivalu on geoff appleford to allow england to run down the clock. to be honest england have wanted to win in dubai for a very long time now and the people here have wanted us to win for just as long said friday. we didn t want to put pressure on ourselves but we are thankful we have achieved that and brought through some young talent at the same time that can hopefully play for the england 15s in a few years. portugal confirmed their impressive progress in sevens rugby by recording a sudden-death win over france in the bowl final. samoa won the plate title by edging out argentina 21-19.
bbc_news:001940,bbc_news,sport,1,Sports,iaaf awaits greek pair s response kostas kenteris and katerina thanou are yet to respond to,doping charges from the international association of athletics federations (iaaf). the greek pair were charged after missing a series of routine drugs tests in tel aviv chicago and athens. they have until midnight on 16 december and an iaaf spokesman said: we re sure their responses are on their way. if they do not respond or their explanations are rejected they will be provisionally banned from competition. they will then face a hearing in front of the greek federation which will ultimately determine their fate. their former coach christos tzekos has also been charged with distributing banned substances. under iaaf rules the athletes could receive a maximum one-year suspension. kenteris and thanou already face a criminal trial after being charged with avoiding a drug test on the eve of the athens olympics and then faking a motorcyle crash. no date for the trial has yet been set and again tzekos is also facing charges. the iaaf issued an official warning to the trio last year after they were discovered training in qatar rather than in crete where they had said they would be. all athletes must inform their national federations where they are at all times so they can be available for out-of-competition drugs tests. but kenteris and thanou then went on to skip tests in tel aviv and chicago when they decided to fly back to greece early. then just before the olympics the pair dramatically missed another test in athens and withdrew from the games.,iaaf awaits greek pair s response kostas kenteris and katerina thanou are yet to respond to doping charges from the international association of athletics federations (iaaf). the greek pair were charged after missing a series of routine drugs tests in tel aviv chicago and athens. they have until midnight on 16 december and an iaaf spokesman said: we re sure their responses are on their way. if they do not respond or their explanations are rejected they will be provisionally banned from competition. they will then face a hearing in front of the greek federation which will ultimately determine their fate. their former coach christos tzekos has also been charged with distributing banned substances. under iaaf rules the athletes could receive a maximum one-year suspension. kenteris and thanou already face a criminal trial after being charged with avoiding a drug test on the eve of the athens olympics and then faking a motorcyle crash. no date for the trial has yet been set and again tzekos is also facing charges. the iaaf issued an official warning to the trio last year after they were discovered training in qatar rather than in crete where they had said they would be. all athletes must inform their national federations where they are at all times so they can be available for out-of-competition drugs tests. but kenteris and thanou then went on to skip tests in tel aviv and chicago when they decided to fly back to greece early. then just before the olympics the pair dramatically missed another test in athens and withdrew from the games.
bbc_news:001648,bbc_news,sport,1,Sports,prutton poised for lengthy fa ban southampton s david prutton faces a possible seven-match ban when,he goes before the football association. the 23-year-old has admitted two charges of improper conduct following his dismissal against arsenal. the first charge relates to his failure to leave the field promptly pushing referee alan wiley and remonstrating with assistant referee paul norman. and the second charge is for using threatening words and/or behaviour to a match official during the 1-1 draw. paolo di canio was given a seven-match suspension when he pushed referee paul alcock over in a premiership game between sheffield wednesday and arsenal in 1998. prutton will be joined at wednesday s hearing by saints boss harry redknapp who believes that the fa will throw the book at his player. redknapp himself sprinted along the touchline to help physio jim joyce and coach denis rofe shepherd the enraged prutton away from referee s assistant norman. david has made a big mistake and he knows it. i can t condone what he s done. he was out of order but he knows that said redknapp. he s a decent lad. he over-reacted badly for some reason - he had a rush of blood from somewhere. off the pitch you couldn t meet a nicer lad. prutton has apologised publicly for his actions and to arsenal s robert pires who was injured in a wild tackle by the saints midfield man. he said: it s an horrendous situation. i apologise to the ref and linesman who were only doing their job. i ve also seen what happened to pires leg and i m sorry for that as well. i apologise for the people who saw it. i know you get lots of kids going to the match now and they don t pay money to see that sort of thing. it s not a cop-out but it was all a bit of a blur. sometimes you react and it s beyond your control added prutton.,prutton poised for lengthy fa ban southampton s david prutton faces a possible seven-match ban when he goes before the football association. the 23-year-old has admitted two charges of improper conduct following his dismissal against arsenal. the first charge relates to his failure to leave the field promptly pushing referee alan wiley and remonstrating with assistant referee paul norman. and the second charge is for using threatening words and/or behaviour to a match official during the 1-1 draw. paolo di canio was given a seven-match suspension when he pushed referee paul alcock over in a premiership game between sheffield wednesday and arsenal in 1998. prutton will be joined at wednesday s hearing by saints boss harry redknapp who believes that the fa will throw the book at his player. redknapp himself sprinted along the touchline to help physio jim joyce and coach denis rofe shepherd the enraged prutton away from referee s assistant norman. david has made a big mistake and he knows it. i can t condone what he s done. he was out of order but he knows that said redknapp. he s a decent lad. he over-reacted badly for some reason - he had a rush of blood from somewhere. off the pitch you couldn t meet a nicer lad. prutton has apologised publicly for his actions and to arsenal s robert pires who was injured in a wild tackle by the saints midfield man. he said: it s an horrendous situation. i apologise to the ref and linesman who were only doing their job. i ve also seen what happened to pires leg and i m sorry for that as well. i apologise for the people who saw it. i know you get lots of kids going to the match now and they don t pay money to see that sort of thing. it s not a cop-out but it was all a bit of a blur. sometimes you react and it s beyond your control added prutton.
bbc_news:000936,bbc_news,sport,1,Sports,charvis set to lose fitness bid flanker colin charvis is unlikely to play any part in,wales final two games of the six nations. charvis has missed all three of wales victories with an ankle injury and his recovery has been slower than expected. he will not figure in the scotland game and is now thought unlikely to be ready for the final game said wales physio mark davies. sonny parker is continuing to struggle with a neck injury but hal luscombe should be fit for the murrayfield trip. centre parker has only a slim chance of being involved against the scots on 13 march so luscombe s return to fitness after missing the france match with hamstring trouble is a timely boost. said wales assistant coach scott johnson: we re positive about hal and hope he ll be raring to go. he comes back into the mix again adds to the depth and gives us other options. replacement hooker robin mcbryde remains a doubt after picking up knee ligament damage in paris last saturday. we re getting that reviewed and we should know more by the end of the week how robin s looking added johnson. we re hopeful but it s too early to say at this stage. steve jones from the dragons is likely to be drafted in if mcbryde fails to recover.,charvis set to lose fitness bid flanker colin charvis is unlikely to play any part in wales final two games of the six nations. charvis has missed all three of wales victories with an ankle injury and his recovery has been slower than expected. he will not figure in the scotland game and is now thought unlikely to be ready for the final game said wales physio mark davies. sonny parker is continuing to struggle with a neck injury but hal luscombe should be fit for the murrayfield trip. centre parker has only a slim chance of being involved against the scots on 13 march so luscombe s return to fitness after missing the france match with hamstring trouble is a timely boost. said wales assistant coach scott johnson: we re positive about hal and hope he ll be raring to go. he comes back into the mix again adds to the depth and gives us other options. replacement hooker robin mcbryde remains a doubt after picking up knee ligament damage in paris last saturday. we re getting that reviewed and we should know more by the end of the week how robin s looking added johnson. we re hopeful but it s too early to say at this stage. steve jones from the dragons is likely to be drafted in if mcbryde fails to recover.
bbc_news:000327,bbc_news,sport,1,Sports,nadal marches on in mexico rafael nadal continued his run of fine form to beat guillermo,canas and reach the mexican open semis in acapulco. eighth seed nadal who picked up his second atp title when he beat alberto martin in last week s brazil open saw off the argentine third seed 7-5 6-3. he now meets argentine wild card mariano puerta who followed up his win over top seed carlos moya by overcoming spain s felix mantilla 6-4 3-6 7-6. czech fifth seed czech jiri novak was eliminated 7-5 6-1 by agustin calleri. the unseeded argentine who won the tournament two years ago now plays spain s albert montanes. montanes advanced to his first semi-final of the year with a 4-6 6-3 6-4 triumph over sixth-seeded italian filippo volandri. argentina s agustin calleri beat fourth seed jiri novak 7-5 6-1 in a battle of former champions at the mexican open. calleri won his only atp title in acapulco two years ago while novak won the singles and doubles titles in 1998. calleri will face albert montanes in the semi-finals after the spaniard ousted sixth seed filippo volandri of italy 4-6 6-3 6-4. argentine wild card mariano puerta continued his improbable run outlasting felix mantilla 6-4 3-6 7-6.,nadal marches on in mexico rafael nadal continued his run of fine form to beat guillermo canas and reach the mexican open semis in acapulco. eighth seed nadal who picked up his second atp title when he beat alberto martin in last week s brazil open saw off the argentine third seed 7-5 6-3. he now meets argentine wild card mariano puerta who followed up his win over top seed carlos moya by overcoming spain s felix mantilla 6-4 3-6 7-6. czech fifth seed czech jiri novak was eliminated 7-5 6-1 by agustin calleri. the unseeded argentine who won the tournament two years ago now plays spain s albert montanes. montanes advanced to his first semi-final of the year with a 4-6 6-3 6-4 triumph over sixth-seeded italian filippo volandri. argentina s agustin calleri beat fourth seed jiri novak 7-5 6-1 in a battle of former champions at the mexican open. calleri won his only atp title in acapulco two years ago while novak won the singles and doubles titles in 1998. calleri will face albert montanes in the semi-finals after the spaniard ousted sixth seed filippo volandri of italy 4-6 6-3 6-4. argentine wild card mariano puerta continued his improbable run outlasting felix mantilla 6-4 3-6 7-6.
bbc_news:000775,bbc_news,sport,1,Sports,london hope over chepkemei london marathon organisers are hoping that banned athlete susan chepkemei will still,take part in this year s race on 17 april. chepkemei was suspended from all competition until the end of the year by athletics kenya after failing to report to a national training camp. we are watching it closely said london race director david bedford. there is a long way to go before the race and we are hoping the situation will be satisfactorily resolved. the camp in embu was to prepare for the iaaf world cross country championships later this month. chepkemei however took part and finished third in last sunday s world best 10k race in puerto rico. the 29-year-old has finished second to paula radcliffe in the 2002 and 2003 london races as well as in november s new york city marathon.,london hope over chepkemei london marathon organisers are hoping that banned athlete susan chepkemei will still take part in this year s race on 17 april. chepkemei was suspended from all competition until the end of the year by athletics kenya after failing to report to a national training camp. we are watching it closely said london race director david bedford. there is a long way to go before the race and we are hoping the situation will be satisfactorily resolved. the camp in embu was to prepare for the iaaf world cross country championships later this month. chepkemei however took part and finished third in last sunday s world best 10k race in puerto rico. the 29-year-old has finished second to paula radcliffe in the 2002 and 2003 london races as well as in november s new york city marathon.
bbc_news:001909,bbc_news,sport,1,Sports,sculthorpe wants lions captaincy paul sculthorpe has admitted he would love to succeed andy farrell as,great britain skipper if the wigan star does switch codes to rugby union. sculthorpe was vice-captain in the tri-nations and took the st helens captaincy from chris joynt last year. i would definitely want the job - i make no bones about it sculthorpe told bbc sport. it s something i ve always wanted to do. i d gladly take it if it was offered to me. the 27-year-old who captained st helens to challenge cup success last year said following in the footsteps of farrell would be a challenge. andy would be a hard act to follow but it s something i m confident of being up to he said. the gb team isn t a one-man team. there are a lot of good young players who are pushing for places anyway. sculthorpe said the rugby league world would understand if farrell did decide to move to rugby union. it s a short career and you have to make of it what you can said sculthorpe. nobody can blame him if he does go - he s done everything in the game of rugby league. financially it could set him up for life. if he fancies a new challenge then who could fault him sculthorpe also called on the rugby league authorities to have a serious look at the number of games the top players are being asked to play. sean long sculthorpe s saints and lions team-mate has expressed doubts about his international future i think sean s situation is to do with the sheer number of games we re playing he said. the way he s looking at it is that if he can extend his career by a couple of years by not playing international rugby then he s willing to do that. the rfl has got to do something about the fixtures. we re playing 42 weeks of the year and it s too much. a lot of the niggly injuries that i ve suffered with over the last couple of years have come about because of the lack of rest time. st helens have been strongly linked with a move for brilliant young forward sonny bill williams and sculthorpe said he would love the 19-year-old to come to knowsley road. he s a great player - a big strong lad who can certainly hit hard in defence but who is also very skilful he said. i d love him to come to st helens. who knows what might happen but you want the best players in your team and he s certainly one of the best players in the world.,sculthorpe wants lions captaincy paul sculthorpe has admitted he would love to succeed andy farrell as great britain skipper if the wigan star does switch codes to rugby union. sculthorpe was vice-captain in the tri-nations and took the st helens captaincy from chris joynt last year. i would definitely want the job - i make no bones about it sculthorpe told bbc sport. it s something i ve always wanted to do. i d gladly take it if it was offered to me. the 27-year-old who captained st helens to challenge cup success last year said following in the footsteps of farrell would be a challenge. andy would be a hard act to follow but it s something i m confident of being up to he said. the gb team isn t a one-man team. there are a lot of good young players who are pushing for places anyway. sculthorpe said the rugby league world would understand if farrell did decide to move to rugby union. it s a short career and you have to make of it what you can said sculthorpe. nobody can blame him if he does go - he s done everything in the game of rugby league. financially it could set him up for life. if he fancies a new challenge then who could fault him sculthorpe also called on the rugby league authorities to have a serious look at the number of games the top players are being asked to play. sean long sculthorpe s saints and lions team-mate has expressed doubts about his international future i think sean s situation is to do with the sheer number of games we re playing he said. the way he s looking at it is that if he can extend his career by a couple of years by not playing international rugby then he s willing to do that. the rfl has got to do something about the fixtures. we re playing 42 weeks of the year and it s too much. a lot of the niggly injuries that i ve suffered with over the last couple of years have come about because of the lack of rest time. st helens have been strongly linked with a move for brilliant young forward sonny bill williams and sculthorpe said he would love the 19-year-old to come to knowsley road. he s a great player - a big strong lad who can certainly hit hard in defence but who is also very skilful he said. i d love him to come to st helens. who knows what might happen but you want the best players in your team and he s certainly one of the best players in the world.
bbc_news:000227,bbc_news,sport,1,Sports,all black magic: new zealand rugby playing colours: all black the haka and more! the all,blacks charles john munro discovered rugby at london s christ college and on his return to nelson he staged new zealand s first game. nelson town met nelson college on 14 may 1870 the town triumphing by two goals to nil instigating a game that would become a national obsession and come to dominate the country s sporting passions. the game appealed to the kiwi psyche and quickly spread the native maoris finding a particular empathy with the sport s warrior ethos. in 1888 a british team led by ae stoddart toured new zealand and australia and soon after a maori named joe warbrick and an english ex-pat called thomas eyton decided to gather a combined new zealand team. twenty-two maori and four pakiha formed the new zealand native team who played a total of 107 matches in new zealand australia and the uk. the integration of white and maori was a reflecion of enlightened new zealand rugby and society even if the british press were somewhat mystified by the pre-match tradition of the maori war dance the haka! the other great symbol of new zealand rugby the all black kit with the silver fern on the breast was proposed by tom ellison at the first annual meeting of the new zealand rugby football union in 1893. new zealand played their first international against australia in 1903 the kiwis triumphing 22-3 in sydney and the following year an official british touring team came to new zealand for the first time. the tourists had gone through australia undefeated but their captain david revell bedell-sivright created animosity in new zealand with his patronising attitude. the kiwis shocked the rugby world with a 9-3 triumph in wellington sparking great celebrations across the country but bedell-sivright churlishly suggested that the victors would have no chance when they visited the uk. their opportunity to prove him wrong came in 1905 with the first official new zealand tour to europe. the tourists won their early games with a quick-thinking inventive approach but press criticism began to grow over their 2-3-2 scrum formation that left a roving forward free to disrupt opposition attacks. the tactic was effective two late tries seeing the kiwis to a 12-7 win over scotland before ireland were despatched 15-0 in dublin. a huge crowd at crystal palace convulsed with laughter at the sight of the haka - but the smiles were soon wiped from their faces when the tourists ran in five tries in a 15-0 hammering of england. new zealand headed to wales to meet a country in the midst of its first golden age and the encounter would be the first in a series of controversial clashes between the sides. an excellent try on the left wing by teddy morgan sealed a 3-0 win in a hard-fought encounter at cardiff arms park but post-match talk was dominated by a bob deans try that was ruled out by scottish referee john dallas. dallas said that deans was tackled short but the kiwi said he was dragged back into the field of play after grounding a try - on his death-bed three years later he exclaimed: i did score that try in cardiff. four of the 1905 all blacks went over to the newly formed all golds rugby league side soon after the tour but new zealand were strong enough to crush an anglo-welsh touring team in 1908. the first south africa tour of new zealand in 1921 saw honours shared in a three-test series starting the greatest rivalry in rugby - and the long-running controversy between the countries over the all blacks inclusion of maori players. the awesome 1924-5 all black tourists became known as the invincibles after winning all 30 of their games in france britain and ireland including a crushing 19-0 victory over wales at st helen s. despite their success the all blacks 2-3-2 scrum formation left them somewhat short of possession at times and the flaws were exploited by the springboks in south africa in 1928. employing the modern 3-4-1 scrum line-up against the new zealand rover system for the first time south african teams defeated the all blacks in five games and the test series was drawn two-all. the controversial new zealand scrum method finally disappeared after the 1930 lions tour (a series won 3-1 by new zealand) the lions manager describing the tactic as cheating prompting the international rugby board to rule that three men had to pack down in the front row of the scrum. the all blacks 1935 european tour started inauspiciously with an 11-3 loss to a swansea side inspired by teenage schoolboy half-backs hayden tanner and willie davies. a thrilling test at cardiff arms park went to wales 13-12 although the winning try from geoffrey rees-jones was controversial following an illegal claude davey tackle in the build-up. new zealand s next visit to wales in 1953 proved difficult as they lost 8-3 to cardiff and drew 6-6 at swansea. the all blacks were on top in the test with wales at the arms park but the teams were locked at 8-8 when a clem thomas cross kick was gathered by ken jones for a famous match-winning try. the tourists made some amends with wins over the other home nations before a 19-5 success over the barbarians in an arms park thriller. new zealand built from that tour and by the time they returned in 1963-4 they were undoubtedly the leading side in the world. that made the shock all the greater when a drop goal by student john uzzell gave newport an unlikely 3-0 win over the tourists at rodney parade. wilson whinneray s side rallied to beat wales 6-0 their first win at the arms park in four attempts and went unbeaten through the rest of the tour but when they returned home the first question put to them was: what happened in newport the only blemish on the record of the awesome 1967 tourists was a draw with east wales as they beat the full wales team 13-6 in cardiff to take the lead in the series between the countries for the first time. that lead was increased with two comfortable wins for the home side in new zealand in 1969 the first time wales had toured the country as an independent team. a ferocious game at the arms park in 1972 was edged 19-16 by the all blacks a measure of revenge for the defeat inflicted on new zealand by the carwyn james-inspired lions of 1971. james guided llanelli to a famous 9-3 win over the tourists at stradey park though and in the final game of the tour the barbarians defeated the all blacks 23-11 in cardiff in a game regarded by many as the greatest ever played. new zealand defeated a wales xv 12-3 at the arms park in a non-cap game in 1974 but it was the 1978 game in cardiff that would reignite the history of controversy between the two countries. wales were leading 12-10 with one minute left when andy haden flew to the floor from a line-out. television pictures clearly showed that he dived but english referee roger quittenton was fooled and awarded a penalty duly converted by brian mckechnie for a 13-12 win. since that infamous game the competition has largely left wales v new zealand fixtures as the men in red have slipped from the pinnacle of the world game. a crushing 23-3 win for new zealand in cardiff in the welsh rugby union s 1980 centenary game was a sign of things to come. the new professionalism in the southern hemisphere game that had left europe behind was shown as the all blacks swatted wales aside 49-6 in brisbane in the semi-final of the inaugural world cup. the kiwis went on to claim the cup and would inflict further misery on wales on their ill-fated 1988 tour of new zealand. a young talented wales side left britain full of confidence as triple crown winners but one of the greatest ever new zealand teams demolished them 52-3 and 54-9. after also taking some fearful beatings in the provincial games wales captain jonathan davies returned home calling for urgent change in the national game but as his views were ignored he - along with a generation of wales best players - chose to head north to rugby league. a 34-9 win in cardiff followed for new zealand in 1989 and at the 1995 world cup wales big talk was made to look embarrassing as the all blacks eased to victory in johannesburg. a crushing 42-7 kiwi triumph in wembley followed in 1997 and as wales misery increased they turned to new zealand for their salvation in the shape of coaches graham henry and steve hansen. there was a temporary resurgence in the welsh game but when an experimental new zealand side came to cardiff s new millennium stadium in 2002 they left with a 43-17 victory. a bruising 55-3 defeat followed for wales in hamilton in 2003 as hansen built towards the world cup but in australia it was a remarkable performance against the all blacks that gave his side renewed hope. wales were given no chance going into the game but in the course of the match they rediscovered the value of attacking flair to lead 37-33 early in the second half. new zealand rallied to a 53-37 win but the style shown by wales has been used as an inspiration as they look to a better future. they now face an all blacks team led by henry and hansen coming to europe with a weakened squad at the end of a long season. an encouraging display against south africa has inspired a confident wales camp to believe they can claim their first win over the men in black for over 50 years. they have a chance but clearly history is not on their side.,all black magic: new zealand rugby playing colours: all black the haka and more! the all blacks charles john munro discovered rugby at london s christ college and on his return to nelson he staged new zealand s first game. nelson town met nelson college on 14 may 1870 the town triumphing by two goals to nil instigating a game that would become a national obsession and come to dominate the country s sporting passions. the game appealed to the kiwi psyche and quickly spread the native maoris finding a particular empathy with the sport s warrior ethos. in 1888 a british team led by ae stoddart toured new zealand and australia and soon after a maori named joe warbrick and an english ex-pat called thomas eyton decided to gather a combined new zealand team. twenty-two maori and four pakiha formed the new zealand native team who played a total of 107 matches in new zealand australia and the uk. the integration of white and maori was a reflecion of enlightened new zealand rugby and society even if the british press were somewhat mystified by the pre-match tradition of the maori war dance the haka! the other great symbol of new zealand rugby the all black kit with the silver fern on the breast was proposed by tom ellison at the first annual meeting of the new zealand rugby football union in 1893. new zealand played their first international against australia in 1903 the kiwis triumphing 22-3 in sydney and the following year an official british touring team came to new zealand for the first time. the tourists had gone through australia undefeated but their captain david revell bedell-sivright created animosity in new zealand with his patronising attitude. the kiwis shocked the rugby world with a 9-3 triumph in wellington sparking great celebrations across the country but bedell-sivright churlishly suggested that the victors would have no chance when they visited the uk. their opportunity to prove him wrong came in 1905 with the first official new zealand tour to europe. the tourists won their early games with a quick-thinking inventive approach but press criticism began to grow over their 2-3-2 scrum formation that left a roving forward free to disrupt opposition attacks. the tactic was effective two late tries seeing the kiwis to a 12-7 win over scotland before ireland were despatched 15-0 in dublin. a huge crowd at crystal palace convulsed with laughter at the sight of the haka - but the smiles were soon wiped from their faces when the tourists ran in five tries in a 15-0 hammering of england. new zealand headed to wales to meet a country in the midst of its first golden age and the encounter would be the first in a series of controversial clashes between the sides. an excellent try on the left wing by teddy morgan sealed a 3-0 win in a hard-fought encounter at cardiff arms park but post-match talk was dominated by a bob deans try that was ruled out by scottish referee john dallas. dallas said that deans was tackled short but the kiwi said he was dragged back into the field of play after grounding a try - on his death-bed three years later he exclaimed: i did score that try in cardiff. four of the 1905 all blacks went over to the newly formed all golds rugby league side soon after the tour but new zealand were strong enough to crush an anglo-welsh touring team in 1908. the first south africa tour of new zealand in 1921 saw honours shared in a three-test series starting the greatest rivalry in rugby - and the long-running controversy between the countries over the all blacks inclusion of maori players. the awesome 1924-5 all black tourists became known as the invincibles after winning all 30 of their games in france britain and ireland including a crushing 19-0 victory over wales at st helen s. despite their success the all blacks 2-3-2 scrum formation left them somewhat short of possession at times and the flaws were exploited by the springboks in south africa in 1928. employing the modern 3-4-1 scrum line-up against the new zealand rover system for the first time south african teams defeated the all blacks in five games and the test series was drawn two-all. the controversial new zealand scrum method finally disappeared after the 1930 lions tour (a series won 3-1 by new zealand) the lions manager describing the tactic as cheating prompting the international rugby board to rule that three men had to pack down in the front row of the scrum. the all blacks 1935 european tour started inauspiciously with an 11-3 loss to a swansea side inspired by teenage schoolboy half-backs hayden tanner and willie davies. a thrilling test at cardiff arms park went to wales 13-12 although the winning try from geoffrey rees-jones was controversial following an illegal claude davey tackle in the build-up. new zealand s next visit to wales in 1953 proved difficult as they lost 8-3 to cardiff and drew 6-6 at swansea. the all blacks were on top in the test with wales at the arms park but the teams were locked at 8-8 when a clem thomas cross kick was gathered by ken jones for a famous match-winning try. the tourists made some amends with wins over the other home nations before a 19-5 success over the barbarians in an arms park thriller. new zealand built from that tour and by the time they returned in 1963-4 they were undoubtedly the leading side in the world. that made the shock all the greater when a drop goal by student john uzzell gave newport an unlikely 3-0 win over the tourists at rodney parade. wilson whinneray s side rallied to beat wales 6-0 their first win at the arms park in four attempts and went unbeaten through the rest of the tour but when they returned home the first question put to them was: what happened in newport the only blemish on the record of the awesome 1967 tourists was a draw with east wales as they beat the full wales team 13-6 in cardiff to take the lead in the series between the countries for the first time. that lead was increased with two comfortable wins for the home side in new zealand in 1969 the first time wales had toured the country as an independent team. a ferocious game at the arms park in 1972 was edged 19-16 by the all blacks a measure of revenge for the defeat inflicted on new zealand by the carwyn james-inspired lions of 1971. james guided llanelli to a famous 9-3 win over the tourists at stradey park though and in the final game of the tour the barbarians defeated the all blacks 23-11 in cardiff in a game regarded by many as the greatest ever played. new zealand defeated a wales xv 12-3 at the arms park in a non-cap game in 1974 but it was the 1978 game in cardiff that would reignite the history of controversy between the two countries. wales were leading 12-10 with one minute left when andy haden flew to the floor from a line-out. television pictures clearly showed that he dived but english referee roger quittenton was fooled and awarded a penalty duly converted by brian mckechnie for a 13-12 win. since that infamous game the competition has largely left wales v new zealand fixtures as the men in red have slipped from the pinnacle of the world game. a crushing 23-3 win for new zealand in cardiff in the welsh rugby union s 1980 centenary game was a sign of things to come. the new professionalism in the southern hemisphere game that had left europe behind was shown as the all blacks swatted wales aside 49-6 in brisbane in the semi-final of the inaugural world cup. the kiwis went on to claim the cup and would inflict further misery on wales on their ill-fated 1988 tour of new zealand. a young talented wales side left britain full of confidence as triple crown winners but one of the greatest ever new zealand teams demolished them 52-3 and 54-9. after also taking some fearful beatings in the provincial games wales captain jonathan davies returned home calling for urgent change in the national game but as his views were ignored he - along with a generation of wales best players - chose to head north to rugby league. a 34-9 win in cardiff followed for new zealand in 1989 and at the 1995 world cup wales big talk was made to look embarrassing as the all blacks eased to victory in johannesburg. a crushing 42-7 kiwi triumph in wembley followed in 1997 and as wales misery increased they turned to new zealand for their salvation in the shape of coaches graham henry and steve hansen. there was a temporary resurgence in the welsh game but when an experimental new zealand side came to cardiff s new millennium stadium in 2002 they left with a 43-17 victory. a bruising 55-3 defeat followed for wales in hamilton in 2003 as hansen built towards the world cup but in australia it was a remarkable performance against the all blacks that gave his side renewed hope. wales were given no chance going into the game but in the course of the match they rediscovered the value of attacking flair to lead 37-33 early in the second half. new zealand rallied to a 53-37 win but the style shown by wales has been used as an inspiration as they look to a better future. they now face an all blacks team led by henry and hansen coming to europe with a weakened squad at the end of a long season. an encouraging display against south africa has inspired a confident wales camp to believe they can claim their first win over the men in black for over 50 years. they have a chance but clearly history is not on their side.
bbc_news:000308,bbc_news,sport,1,Sports,ruddock backs yapp s credentials wales coach mike ruddock says john yapp has what it takes,as an international. the 21-year-old blues prop is the only uncapped player in wales six nations squad gaining a chance in the absence of ospreys loose-head duncan jones. john is a young man with a big future. he has been playing with the blues for two years and has racked up mileage on his playing clock said ruddock. he has international size is a big physical lad and a good ball-carrier with a high tackle-count. ruddock s assessment was backed up by yapp s coach at the blues former wales and lions prop dai young. john s been on an upward curve all season and is going from strength to strength young told bbc sport wales. his ball carrying gives us good go-forward he impresses in defence and his work-rate is excellent. he s working hard on his scrummaging technique which he is keen to improve to become a destroyer on the loose-head. to be fair to him he s not quite there with the scrummaging yet but nobody can fault his effort commitment and attitude. john s a very strong man and is eager for the challenge if he s pitched in he won t let anyone down. he s developing quickly but i hope he isn t pushed too quickly in a way that would hurt his development. ruddock hopes that the selection of yapp and dragons lock ian gough - out of the international reckoning since falling out with former coach steve hansen - will send a message to other players in wales. john and ian have been rewarded for impressing during the heineken cup competition said ruddock. both of them have played well and we want to send a message out that consistently playing well gets you in the squad. we believe this is an exciting squad representing traditional values of welsh rugby and based on the performances in the november internationals. we have strength and experience up front and well-recognised talent pace and skill behind. the management team just want to get hold of the players and get out on the training pitch at the moment. they are all due in on sunday and that s when the hard work starts.,ruddock backs yapp s credentials wales coach mike ruddock says john yapp has what it takes as an international. the 21-year-old blues prop is the only uncapped player in wales six nations squad gaining a chance in the absence of ospreys loose-head duncan jones. john is a young man with a big future. he has been playing with the blues for two years and has racked up mileage on his playing clock said ruddock. he has international size is a big physical lad and a good ball-carrier with a high tackle-count. ruddock s assessment was backed up by yapp s coach at the blues former wales and lions prop dai young. john s been on an upward curve all season and is going from strength to strength young told bbc sport wales. his ball carrying gives us good go-forward he impresses in defence and his work-rate is excellent. he s working hard on his scrummaging technique which he is keen to improve to become a destroyer on the loose-head. to be fair to him he s not quite there with the scrummaging yet but nobody can fault his effort commitment and attitude. john s a very strong man and is eager for the challenge if he s pitched in he won t let anyone down. he s developing quickly but i hope he isn t pushed too quickly in a way that would hurt his development. ruddock hopes that the selection of yapp and dragons lock ian gough - out of the international reckoning since falling out with former coach steve hansen - will send a message to other players in wales. john and ian have been rewarded for impressing during the heineken cup competition said ruddock. both of them have played well and we want to send a message out that consistently playing well gets you in the squad. we believe this is an exciting squad representing traditional values of welsh rugby and based on the performances in the november internationals. we have strength and experience up front and well-recognised talent pace and skill behind. the management team just want to get hold of the players and get out on the training pitch at the moment. they are all due in on sunday and that s when the hard work starts.
bbc_news:000069,bbc_news,business,2,Business,indonesia declines debt freeze indonesia no longer needs the debt freeze offered by the paris club,group of creditors economics minister aburizal bakrie has reportedly said. indonesia which originally accepted the debt moratorium offer owes the paris club about $48bn (£25.5bn). mr bakrie told the bisnis indonesia newspaper that a $1.7bn donors aid package meant that the debt moratorium was unnecessary. this aid comes on top of a previously-pledged $3.4bn package. most of this normal aid would be used to finance the country s budget deficit. the indonesian economics minister explained that the money - $1.2bn in grants and $500m in soft loans - was for the rebuilding of aceh province which was badly hit by the tsunami of 26 december. nevertheless one of mr bakrie s deputies mahendra siregar told afp news agency that indonesia was still considering the offer by the paris club of rich creditor nations to temporarily suspend its debt payments. what is true is that we are still discussing... the paris club decision to find out more details such as how much of our debt will be subject to a moratorium. that s how far we are at this stage said mr siregar. the 19 member countries of the paris club are owed about $5bn this year in debt repayments by nations affected by the indian ocean tsunami. indonesia sri lanka and the seychelles accepted the paris club offer which was criticised by some aid groups as being too little. thailand and india have however declined the offer with thailand prefering to keep up with its payments while india said it would prefer to rely on its own resources rather than on international aid. putting off payments may lower a country s rating among financial organisations making it more expensive and more difficult for them to borrow money in the future analysts said. separately the indonesian government has said it will announce monthly how much it has received in foreign donations and how it has spent the money. welfare minister alwi shihab told ap news agency that this announcement should allay suspicion of official corruption in relief operations.,indonesia declines debt freeze indonesia no longer needs the debt freeze offered by the paris club group of creditors economics minister aburizal bakrie has reportedly said. indonesia which originally accepted the debt moratorium offer owes the paris club about $48bn (£25.5bn). mr bakrie told the bisnis indonesia newspaper that a $1.7bn donors aid package meant that the debt moratorium was unnecessary. this aid comes on top of a previously-pledged $3.4bn package. most of this normal aid would be used to finance the country s budget deficit. the indonesian economics minister explained that the money - $1.2bn in grants and $500m in soft loans - was for the rebuilding of aceh province which was badly hit by the tsunami of 26 december. nevertheless one of mr bakrie s deputies mahendra siregar told afp news agency that indonesia was still considering the offer by the paris club of rich creditor nations to temporarily suspend its debt payments. what is true is that we are still discussing... the paris club decision to find out more details such as how much of our debt will be subject to a moratorium. that s how far we are at this stage said mr siregar. the 19 member countries of the paris club are owed about $5bn this year in debt repayments by nations affected by the indian ocean tsunami. indonesia sri lanka and the seychelles accepted the paris club offer which was criticised by some aid groups as being too little. thailand and india have however declined the offer with thailand prefering to keep up with its payments while india said it would prefer to rely on its own resources rather than on international aid. putting off payments may lower a country s rating among financial organisations making it more expensive and more difficult for them to borrow money in the future analysts said. separately the indonesian government has said it will announce monthly how much it has received in foreign donations and how it has spent the money. welfare minister alwi shihab told ap news agency that this announcement should allay suspicion of official corruption in relief operations.
bbc_news:000499,bbc_news,business,2,Business,argentina closes $102.6bn debt swap argentina is set to close its $102.6bn (£53.51bn) debt restructuring offer,for bondholders later on friday with the government hopeful that most creditors will accept the deal. the estimated loss to bondholders is up to 70% of the original value of the bonds yet the majority are expected to accept the government s offer. argentina defaulted on its debt three years ago the biggest sovereign default in modern history. yesterday argentina s economy minister roberto lavagna said that he estimated that the results of the restructuring would be ready around next thursday (3 march). argentina s president nestor kirchner said on friday: a year ago when we started the swap (negotiations) they told us we were crazy that we were irrational. but he added that his government was close to achieving: the best debt renegotiation in history. the country has been in default on the $102.6bn - based on an original debt of $81.8bn plus interest - for the past three years. if the offer does not go ahead international lawsuits on behalf of aggrieved investors could follow but analysts are optimistic that it will go through despite the tough terms for bondholders. about 70% to 80% of bondholders are expected to accept the terms of the offer. by 18 february creditors holding $41bn - or 40% of the total debt - had accepted the offer. sorting out its debt would enhance the country s credibility on international markets and enable it to attract more foreign investment. of argentina s bondholders 38.4% reside in argentina 15.6% in italy 10.3% in switzerland 9.1% in the united states 5.1% in germany and 3.1% in japan. investors in the uk holland and luxembourg have about 1% each and the remainder were not broken down by country. the deal is likely to be taken up most enthusiastically by domestic investors who will benefit if argentina s economy becomes more stable.,argentina closes $102.6bn debt swap argentina is set to close its $102.6bn (£53.51bn) debt restructuring offer for bondholders later on friday with the government hopeful that most creditors will accept the deal. the estimated loss to bondholders is up to 70% of the original value of the bonds yet the majority are expected to accept the government s offer. argentina defaulted on its debt three years ago the biggest sovereign default in modern history. yesterday argentina s economy minister roberto lavagna said that he estimated that the results of the restructuring would be ready around next thursday (3 march). argentina s president nestor kirchner said on friday: a year ago when we started the swap (negotiations) they told us we were crazy that we were irrational. but he added that his government was close to achieving: the best debt renegotiation in history. the country has been in default on the $102.6bn - based on an original debt of $81.8bn plus interest - for the past three years. if the offer does not go ahead international lawsuits on behalf of aggrieved investors could follow but analysts are optimistic that it will go through despite the tough terms for bondholders. about 70% to 80% of bondholders are expected to accept the terms of the offer. by 18 february creditors holding $41bn - or 40% of the total debt - had accepted the offer. sorting out its debt would enhance the country s credibility on international markets and enable it to attract more foreign investment. of argentina s bondholders 38.4% reside in argentina 15.6% in italy 10.3% in switzerland 9.1% in the united states 5.1% in germany and 3.1% in japan. investors in the uk holland and luxembourg have about 1% each and the remainder were not broken down by country. the deal is likely to be taken up most enthusiastically by domestic investors who will benefit if argentina s economy becomes more stable.
bbc_news:001619,bbc_news,business,2,Business,mci shares climb on takeover bid shares in us phone company mci have risen on speculation,that it is in takeover talks. the wall street journal reported on thursday that qwest has bid $6.3bn (£3.4bn) for mci. other firms have also expressed an interest in mci the second-largest us long-distance phone firm and may now table rival bids analysts said. shares in mci which changed its name from worldcom when it emerged from bankruptcy were up 2.4% at $20.15. press reports suggest that qwest and mci may reach an agreement as early as next week although rival bids may muddy the waters. the largest us telephone company verizon has previously held preliminary merger discussions with mci reuters quoted sources as saying. consolidation in the us telecommunications industry has picked up in the past few months as companies look to cut costs and boost client bases. a merger between mci and qwest would be the fifth billion-dollar telecoms deal since october. last week sbc communications agreed to buy its former parent and phone trailblazer at&t for about $16bn. competition has intensified and fixed-line phone providers such as mci and at&t have seen themselves overtaken by rivals. buying mci would give qwest a local phone service provider access to mci s global network and business-based subscribers. mci also offers internet services. mci was renamed after it emerged from chapter 11 bankruptcy protection in april last year. it hit the headlines as worldcom in 2002 after admitting it illegally booked expenses and inflated profits. the scandal was a key factor in a global slide in share prices and the reverberations are still being felt today. shareholders lost about $180bn when the company collapsed while 20 000 workers lost their jobs. former worldcom boss bernie ebbers is currently on trial accused of overseeing an $11bn fraud.,mci shares climb on takeover bid shares in us phone company mci have risen on speculation that it is in takeover talks. the wall street journal reported on thursday that qwest has bid $6.3bn (£3.4bn) for mci. other firms have also expressed an interest in mci the second-largest us long-distance phone firm and may now table rival bids analysts said. shares in mci which changed its name from worldcom when it emerged from bankruptcy were up 2.4% at $20.15. press reports suggest that qwest and mci may reach an agreement as early as next week although rival bids may muddy the waters. the largest us telephone company verizon has previously held preliminary merger discussions with mci reuters quoted sources as saying. consolidation in the us telecommunications industry has picked up in the past few months as companies look to cut costs and boost client bases. a merger between mci and qwest would be the fifth billion-dollar telecoms deal since october. last week sbc communications agreed to buy its former parent and phone trailblazer at&t for about $16bn. competition has intensified and fixed-line phone providers such as mci and at&t have seen themselves overtaken by rivals. buying mci would give qwest a local phone service provider access to mci s global network and business-based subscribers. mci also offers internet services. mci was renamed after it emerged from chapter 11 bankruptcy protection in april last year. it hit the headlines as worldcom in 2002 after admitting it illegally booked expenses and inflated profits. the scandal was a key factor in a global slide in share prices and the reverberations are still being felt today. shareholders lost about $180bn when the company collapsed while 20 000 workers lost their jobs. former worldcom boss bernie ebbers is currently on trial accused of overseeing an $11bn fraud.
bbc_news:000330,bbc_news,business,2,Business,yangtze electric s profits double yangtze electric power the operator of china s three gorges dam,has said its profits more than doubled in 2004. the firm has benefited from increased demand for electricity at a time when power shortages have hit cities and provinces across the country. as a hydroelectric-power generator it has not been hurt by higher coal costs. net income jumped to 3bn yuan in 2004 ($365m; £190m) compared with 1.4bn yuan in 2003. sales surged to 6.2bn yuan from 3bn yuan a year earlier. the figures topped analysts expectations even though the rate of growth has slowed from 2003. analysts forecast that it is likely to decline further this year to a rate of expansion of closer to 20%. yangtze electric has been expanding its output to meet demand driven by china s booming economy. the government has delayed the building of a number of power plants in an effort to rein in growth amid concerns that the economy may overheat. that has led to an energy crunch with demand outstripping supply. earlier this month work was halted on an underground power station and a supply unit on the three gorges dam as well as a power station on its sister xiluodu dam because of environmental worries. a total of 30 large-scale projects have been halted across the country for similar reasons. the three gorges dam project has led to more than half a million people being relocated and drawn criticism from environmental groups and overseas human rights activists. its sister project the xiluodu dam is being built on the jinshajiang - or river of golden sand as the upper reaches of the yangtze are known.,yangtze electric s profits double yangtze electric power the operator of china s three gorges dam has said its profits more than doubled in 2004. the firm has benefited from increased demand for electricity at a time when power shortages have hit cities and provinces across the country. as a hydroelectric-power generator it has not been hurt by higher coal costs. net income jumped to 3bn yuan in 2004 ($365m; £190m) compared with 1.4bn yuan in 2003. sales surged to 6.2bn yuan from 3bn yuan a year earlier. the figures topped analysts expectations even though the rate of growth has slowed from 2003. analysts forecast that it is likely to decline further this year to a rate of expansion of closer to 20%. yangtze electric has been expanding its output to meet demand driven by china s booming economy. the government has delayed the building of a number of power plants in an effort to rein in growth amid concerns that the economy may overheat. that has led to an energy crunch with demand outstripping supply. earlier this month work was halted on an underground power station and a supply unit on the three gorges dam as well as a power station on its sister xiluodu dam because of environmental worries. a total of 30 large-scale projects have been halted across the country for similar reasons. the three gorges dam project has led to more than half a million people being relocated and drawn criticism from environmental groups and overseas human rights activists. its sister project the xiluodu dam is being built on the jinshajiang - or river of golden sand as the upper reaches of the yangtze are known.
bbc_news:000247,bbc_news,business,2,Business,steady job growth continues in us the us created fewer jobs than expected in december but,analysts said that the dip in hiring was not enough to derail the world s biggest economy. according to labor department figures 157 000 new jobs were added last month. that took 2004 s total to 2.2 million the best showing in five years. job creation was one of last year s main concerns for the us economy. while worries still remain the conditions are set for steady growth in 2005 analysts said. the unemployment rate stayed at 5.4% in december and about 200 000 jobs will need to be created each month if that figure is to drop. it was a respectable report said michael moran analyst at daiwa securities. payroll growth in december was a little lighter than the consensus forecast but we had upward revisions to the prior two months and an increase in manufacturing employment. manufacturing is a cyclical area of the economy and if it s showing job growth it s a good indication that the economy is on a solid growth track. that means that the federal reserve is likely to continue its policy of raising interest rates. the fed lifted borrowing costs five times last year to 2.25% citing evidence the us economic recovery was becoming more robust. job creation was one of last year s main concerns for the us economy and proved to be a main topic of debate in the us presidential election. while demand for workers is far from booming the conditions are set for steady growth. overall compared to the previous year it looks great it just keeps going stronger and stronger and i expect that to be the case in 2005 said kurt karl economist at swiss re in new york. meanwhile economists cautioned against reading too much into data from the federal reserve showing an unexpected $8.7bn drop in consumer debt in november. a fall in consumer spending which makes up about two-thirds of all us economic activity could help limit the extent of any future interest rate rises. but economists said there could be a number of reasons for a fall in the borrowing which include credit cards and personal loans while noting that such figures can vary on a month-to-month basis.,steady job growth continues in us the us created fewer jobs than expected in december but analysts said that the dip in hiring was not enough to derail the world s biggest economy. according to labor department figures 157 000 new jobs were added last month. that took 2004 s total to 2.2 million the best showing in five years. job creation was one of last year s main concerns for the us economy. while worries still remain the conditions are set for steady growth in 2005 analysts said. the unemployment rate stayed at 5.4% in december and about 200 000 jobs will need to be created each month if that figure is to drop. it was a respectable report said michael moran analyst at daiwa securities. payroll growth in december was a little lighter than the consensus forecast but we had upward revisions to the prior two months and an increase in manufacturing employment. manufacturing is a cyclical area of the economy and if it s showing job growth it s a good indication that the economy is on a solid growth track. that means that the federal reserve is likely to continue its policy of raising interest rates. the fed lifted borrowing costs five times last year to 2.25% citing evidence the us economic recovery was becoming more robust. job creation was one of last year s main concerns for the us economy and proved to be a main topic of debate in the us presidential election. while demand for workers is far from booming the conditions are set for steady growth. overall compared to the previous year it looks great it just keeps going stronger and stronger and i expect that to be the case in 2005 said kurt karl economist at swiss re in new york. meanwhile economists cautioned against reading too much into data from the federal reserve showing an unexpected $8.7bn drop in consumer debt in november. a fall in consumer spending which makes up about two-thirds of all us economic activity could help limit the extent of any future interest rate rises. but economists said there could be a number of reasons for a fall in the borrowing which include credit cards and personal loans while noting that such figures can vary on a month-to-month basis.
bbc_news:001109,bbc_news,business,2,Business,quake s economic costs emerging asian governments and international agencies are reeling at the potential economic,devastation left by the asian tsunami and floods. world bank president james wolfensohn has said his agency is only beginning to grasp the magnitude of the disaster and its economic impact. the tragedy has left at least 25 000 people dead with sri lanka thailand india and indonesia worst hit. some early estimates of reconstruction costs are starting to emerge. millions have been left homeless while businesses and infrastructure have been washed away. economists believe several of the 10 countries hit by the giant waves could see a slowdown in growth. in sri lanka some observers have said that as much as 1% of annual growth may be lost. for thailand that figure is much lower at 0.1%. governments are expected to take steps such as cutting taxes and increasing spending to facilitate a recovery. with the enormous displacement of people...there will be a serious relaxation of fiscal policy glenn maguire chief economist for the region at societe generale told agence france presse. the economic impact of it will certainly be large but it should not be enough to derail the momentum of the region in 2005 he said. first and foremost this is a human tragedy. india s economy however is less likely to slow because the areas hit are some of the least developed. the regional giant has enjoyed strong growth in 2004. but india now faces other problems with aid workers under pressure to ensure a clean supply of water and sanitation to prevent an outbreak of disease. thailand s prime minister thaksin shinawatra has estimated the destruction at 20bn baht ($510m). analysts said that figure is likely to rise and the country s tourist industry is likely to be hardest hit. thailand s fishing and real estate sectors also will be affected by sunday s 9.0 magnitude earthquake which sent huge waves from malaysia to africa. malaysia said as many as 1 000 fishermen will be affected and that damage to the industry will be significant agence france presse reported. rapid rebuilding will be key to limiting the impact of the tragedy. in three months we should rebuild 70% of the damage in the three worst hit provinces said juthamas siriwan governor of the tourism authority of thailand. the outlook for sri lanka is less optimistic with analysts predicting that the country s tourist industry will struggle to recovery quickly. tourism is a vital to many developing countries providing jobs for 19 million people in the south east asian region according to the world travel and tourism council (wttc).,quake s economic costs emerging asian governments and international agencies are reeling at the potential economic devastation left by the asian tsunami and floods. world bank president james wolfensohn has said his agency is only beginning to grasp the magnitude of the disaster and its economic impact. the tragedy has left at least 25 000 people dead with sri lanka thailand india and indonesia worst hit. some early estimates of reconstruction costs are starting to emerge. millions have been left homeless while businesses and infrastructure have been washed away. economists believe several of the 10 countries hit by the giant waves could see a slowdown in growth. in sri lanka some observers have said that as much as 1% of annual growth may be lost. for thailand that figure is much lower at 0.1%. governments are expected to take steps such as cutting taxes and increasing spending to facilitate a recovery. with the enormous displacement of people...there will be a serious relaxation of fiscal policy glenn maguire chief economist for the region at societe generale told agence france presse. the economic impact of it will certainly be large but it should not be enough to derail the momentum of the region in 2005 he said. first and foremost this is a human tragedy. india s economy however is less likely to slow because the areas hit are some of the least developed. the regional giant has enjoyed strong growth in 2004. but india now faces other problems with aid workers under pressure to ensure a clean supply of water and sanitation to prevent an outbreak of disease. thailand s prime minister thaksin shinawatra has estimated the destruction at 20bn baht ($510m). analysts said that figure is likely to rise and the country s tourist industry is likely to be hardest hit. thailand s fishing and real estate sectors also will be affected by sunday s 9.0 magnitude earthquake which sent huge waves from malaysia to africa. malaysia said as many as 1 000 fishermen will be affected and that damage to the industry will be significant agence france presse reported. rapid rebuilding will be key to limiting the impact of the tragedy. in three months we should rebuild 70% of the damage in the three worst hit provinces said juthamas siriwan governor of the tourism authority of thailand. the outlook for sri lanka is less optimistic with analysts predicting that the country s tourist industry will struggle to recovery quickly. tourism is a vital to many developing countries providing jobs for 19 million people in the south east asian region according to the world travel and tourism council (wttc).
bbc_news:001133,bbc_news,business,2,Business,economy stronger than forecast the uk economy probably grew at a faster rate in the third,quarter than the 0.4% reported according to bank of england deputy governor rachel lomax. private sector business surveys suggest a stronger economy than official estimates ms lomax said. other surveys collectively show a rapid slowdown in uk house price growth she pointed out. this means that despite a strong economic growth base rates will probably stay on hold at 4.75%. official data comes from the office for national statistics (ons). though reliable ons data takes longer to publish so now the boe is calling for faster delivery of data so it can make more effective policy decisions. recent work by the bank has shown that private sector surveys add value even when preliminary ons estimates are available ms lomax said in a speech to the north wales business club. the ons is due to publish its second estimate of third quarter growth on friday. the mpc judges that overall growth was a little higher in the third quarter than the official data currently indicate ms lomax said. the bank said successful monetary policy depends on having good information. rachel lomax cited the late 1980s as an example of a time when weak economic figures were published but substantially revised upwards years later. the statistical fog surrounding the true state of the economy has proved a particularly potent breeding ground for policy errors in the past she said. improving the quality of national statistics is the single the best way of making sure the monetary policy committee (mpc) makes the right decisions she said. the bank of england is working in tandem with the ons to improve the quality and speed of delivery of data. her remarks follow criticism from the house of lords economic affairs committee which said the mpc had held interest rates too high given that inflation was way below the 2% target. a slowdown in the housing market and this year s surge in oil prices has made economic forecasting all the more tricky leading to a more uncertain outlook. this year rising oil prices and a significant slowdown in the housing market have awoken bad memories of the 1970s and 1980s ms lomax said. the mpc will be doing well if it can achieve the same stability over the next decade as we have enjoyed over the past 10 years. decisions on interest rates are made after the mpc gathers together the range of indicators available every month. the clearest signals come when all indicators are pointing the same direction ms lomax intimated. in economic assessment there is safety in numbers.,economy stronger than forecast the uk economy probably grew at a faster rate in the third quarter than the 0.4% reported according to bank of england deputy governor rachel lomax. private sector business surveys suggest a stronger economy than official estimates ms lomax said. other surveys collectively show a rapid slowdown in uk house price growth she pointed out. this means that despite a strong economic growth base rates will probably stay on hold at 4.75%. official data comes from the office for national statistics (ons). though reliable ons data takes longer to publish so now the boe is calling for faster delivery of data so it can make more effective policy decisions. recent work by the bank has shown that private sector surveys add value even when preliminary ons estimates are available ms lomax said in a speech to the north wales business club. the ons is due to publish its second estimate of third quarter growth on friday. the mpc judges that overall growth was a little higher in the third quarter than the official data currently indicate ms lomax said. the bank said successful monetary policy depends on having good information. rachel lomax cited the late 1980s as an example of a time when weak economic figures were published but substantially revised upwards years later. the statistical fog surrounding the true state of the economy has proved a particularly potent breeding ground for policy errors in the past she said. improving the quality of national statistics is the single the best way of making sure the monetary policy committee (mpc) makes the right decisions she said. the bank of england is working in tandem with the ons to improve the quality and speed of delivery of data. her remarks follow criticism from the house of lords economic affairs committee which said the mpc had held interest rates too high given that inflation was way below the 2% target. a slowdown in the housing market and this year s surge in oil prices has made economic forecasting all the more tricky leading to a more uncertain outlook. this year rising oil prices and a significant slowdown in the housing market have awoken bad memories of the 1970s and 1980s ms lomax said. the mpc will be doing well if it can achieve the same stability over the next decade as we have enjoyed over the past 10 years. decisions on interest rates are made after the mpc gathers together the range of indicators available every month. the clearest signals come when all indicators are pointing the same direction ms lomax intimated. in economic assessment there is safety in numbers.
bbc_news:001476,bbc_news,business,2,Business,dollar slides ahead of new year the us dollar has hit a new record low against,the euro and analysts predict that more declines are likely in 2005. disappointing economic reports dented the currency which had been rallying after european policy makers said they were worried about the euro s strength. earlier on thursday the japanese yen touched its lowest versus the euro on concerns about economic growth in asia. currency markets have been volatile over the past week because of technical and automated trading and light demand. this has amplified reactions analysts said adding that they expect markets to become less jumpy in january. people want to go into the weekend and the new year positioned for a weaker buck said tim mazanec director of foreign exchange at investors bank and trust. the dollar slid to a record $1.3666 versus the euro on thursday before bouncing back to $1.3636. against the yen the dollar was trading down at $103.05. the yen meanwhile dropped to 141.60 per euro in afternoon trading. it later strengthened to 140.55. investors are concerned about the size of the us trade and budget deficits and are betting that george w bush s administration will allow the dollar to weaken despite saying they favour a strong currency. also playing on investors minds are mixed reports about the state of the us economy. on thursday disappointing business figures from chicago brought a sudden end to a rally in the value of the dollar. the national association of purchasing management-chicago said its index dropped to 61.2 more than analysts had expected. german chancellor gerhard schroeder and italian prime minister silvio berlusconi voiced concerns about the strength of the euro. mr berlusconi said the euro s strength was absolutely worrying for italian exports. mr schroeder said in a newspaper article that stability in foreign exchange markets required a correction of global economic imbalances.,dollar slides ahead of new year the us dollar has hit a new record low against the euro and analysts predict that more declines are likely in 2005. disappointing economic reports dented the currency which had been rallying after european policy makers said they were worried about the euro s strength. earlier on thursday the japanese yen touched its lowest versus the euro on concerns about economic growth in asia. currency markets have been volatile over the past week because of technical and automated trading and light demand. this has amplified reactions analysts said adding that they expect markets to become less jumpy in january. people want to go into the weekend and the new year positioned for a weaker buck said tim mazanec director of foreign exchange at investors bank and trust. the dollar slid to a record $1.3666 versus the euro on thursday before bouncing back to $1.3636. against the yen the dollar was trading down at $103.05. the yen meanwhile dropped to 141.60 per euro in afternoon trading. it later strengthened to 140.55. investors are concerned about the size of the us trade and budget deficits and are betting that george w bush s administration will allow the dollar to weaken despite saying they favour a strong currency. also playing on investors minds are mixed reports about the state of the us economy. on thursday disappointing business figures from chicago brought a sudden end to a rally in the value of the dollar. the national association of purchasing management-chicago said its index dropped to 61.2 more than analysts had expected. german chancellor gerhard schroeder and italian prime minister silvio berlusconi voiced concerns about the strength of the euro. mr berlusconi said the euro s strength was absolutely worrying for italian exports. mr schroeder said in a newspaper article that stability in foreign exchange markets required a correction of global economic imbalances.
bbc_news:000921,bbc_news,business,2,Business,french boss to leave eads the french co-head of european defence and aerospace group eads philippe,camus is to leave his post. mr camus said in a statement that he has accepted the invitation to return full-time to the lagardere group which owns 30% of eads. i will give up my role as soon as the board of directors asks me to do so he said. airbus head noel forgeard is now set to replace mr camus bringing the company s power struggle to an end. fighting between mr camus and mr forgeard has hit the headlines in france and analysts feared that this fighting could destabilise the defence and aerospace group. french finance minister herve gaymard is on record as saying that he deplored the infighting at the company. the company should now be able put this dispute behind it with the departure of mr camus and with the clear support given to mr forgeard by the lagardere group the main french shareholder of eads. the other main shareholders of eads are the french government (15%) who also support mr forgeard and germany s daimlerchrysler (30%). rainer hertrich the german co-head of eads will also step down when his contract expires next year. mr camus recently came under pressure as it became clear that the a380 superjumbo was running over budget. eads - airbus majority owner - admitted earlier this week that the project was running 1.45bn euros (£1bn; $1.9bn) over budget. but mr forgeard has denied this telling french media that there is no current overrun in the budget. but for the sake of transparency we told our shareholders last week that if we look at the forecast for total costs of the project up to 2010 there is a risk that we will go over by around 10% which is about 1bn euros (£686m; $1.32bn) he told france s lci television. due to enter service in 2006 the a380 will replace the boeing 747 jumbo as the world s biggest passenger aircraft.,french boss to leave eads the french co-head of european defence and aerospace group eads philippe camus is to leave his post. mr camus said in a statement that he has accepted the invitation to return full-time to the lagardere group which owns 30% of eads. i will give up my role as soon as the board of directors asks me to do so he said. airbus head noel forgeard is now set to replace mr camus bringing the company s power struggle to an end. fighting between mr camus and mr forgeard has hit the headlines in france and analysts feared that this fighting could destabilise the defence and aerospace group. french finance minister herve gaymard is on record as saying that he deplored the infighting at the company. the company should now be able put this dispute behind it with the departure of mr camus and with the clear support given to mr forgeard by the lagardere group the main french shareholder of eads. the other main shareholders of eads are the french government (15%) who also support mr forgeard and germany s daimlerchrysler (30%). rainer hertrich the german co-head of eads will also step down when his contract expires next year. mr camus recently came under pressure as it became clear that the a380 superjumbo was running over budget. eads - airbus majority owner - admitted earlier this week that the project was running 1.45bn euros (£1bn; $1.9bn) over budget. but mr forgeard has denied this telling french media that there is no current overrun in the budget. but for the sake of transparency we told our shareholders last week that if we look at the forecast for total costs of the project up to 2010 there is a risk that we will go over by around 10% which is about 1bn euros (£686m; $1.32bn) he told france s lci television. due to enter service in 2006 the a380 will replace the boeing 747 jumbo as the world s biggest passenger aircraft.
bbc_news:000285,bbc_news,business,2,Business,nissan names successor to ghosn nissan has named a lifetime employee to run its operations after,carlos ghosn its highly successful boss takes charge at renault. as chief operating officer toshiyuki shiga will run nissan on a daily basis although mr ghosn who masterminded its recovery will remain chief executive. mr ghosn is to become chairman and chief executive of renault which owns 44% of the japanese carmaker in april. mr ghosn transformed nissan into a fast-growing and profitable business. mr shiga will nominally serve as mr ghosn s deputy. however he will be nissan s most senior japan-based executive and will be in charge of the firm s global sales and marketing. he is currently in charge of nissan s operations across asia and australasia and is credited with significantly improving its sales in china. he will inherit a strong legacy from mr ghosn who has overseen a dramatic turnaround in nissan s fortunes in the past five years. dubbed le cost killer for pushing through huge cost cuts in previous jobs mr ghosn reduced nissan s overheads by 20% and trimmed its workforce by about 200 000 after taking charge in 1999. these actions helped nissan turn a 684bn yen ($6.4bn) loss in 2000 into a 331bn yen ($2.7bn) profit the following year. during his tenure nissan has increased its market share and made significant strides in key export markets. nissan aims to increase vehicle sales to more than four million by 2008 launching 28 new models in the process. in his new job as renault chief executive mr ghosn will devote 40% of his time to renault 40% to nissan and the rest to the group s activities in north america and other key markets. mr ghosn said mr shiga s appointment would ensure a seamless transition in management. i need a leadership team capable of accelerating the performance and delivery of results that has characterized nissan over the past six years mr ghosn said. i have full confidence in toshiyuki shiga and the new leadership team to help me implement the next chapter of nissan s growth. nissan also announced a number of other management appointments with promotions for several younger executives.,nissan names successor to ghosn nissan has named a lifetime employee to run its operations after carlos ghosn its highly successful boss takes charge at renault. as chief operating officer toshiyuki shiga will run nissan on a daily basis although mr ghosn who masterminded its recovery will remain chief executive. mr ghosn is to become chairman and chief executive of renault which owns 44% of the japanese carmaker in april. mr ghosn transformed nissan into a fast-growing and profitable business. mr shiga will nominally serve as mr ghosn s deputy. however he will be nissan s most senior japan-based executive and will be in charge of the firm s global sales and marketing. he is currently in charge of nissan s operations across asia and australasia and is credited with significantly improving its sales in china. he will inherit a strong legacy from mr ghosn who has overseen a dramatic turnaround in nissan s fortunes in the past five years. dubbed le cost killer for pushing through huge cost cuts in previous jobs mr ghosn reduced nissan s overheads by 20% and trimmed its workforce by about 200 000 after taking charge in 1999. these actions helped nissan turn a 684bn yen ($6.4bn) loss in 2000 into a 331bn yen ($2.7bn) profit the following year. during his tenure nissan has increased its market share and made significant strides in key export markets. nissan aims to increase vehicle sales to more than four million by 2008 launching 28 new models in the process. in his new job as renault chief executive mr ghosn will devote 40% of his time to renault 40% to nissan and the rest to the group s activities in north america and other key markets. mr ghosn said mr shiga s appointment would ensure a seamless transition in management. i need a leadership team capable of accelerating the performance and delivery of results that has characterized nissan over the past six years mr ghosn said. i have full confidence in toshiyuki shiga and the new leadership team to help me implement the next chapter of nissan s growth. nissan also announced a number of other management appointments with promotions for several younger executives.
bbc_news:001812,bbc_news,business,2,Business,fannie mae should restate books us mortgage company fannie mae should restate its earnings a move,that is likely to put a billion-dollar dent in its accounts watchdogs have said. the securities & exchange commission accused fannie mae of using techniques that did not comply in material respects with accounting standards. fannie mae last month warned that some records were incorrect. the other main us mortgage firm freddie mac restated earnings by $5bn (£2.6bn) last year after a probe of its books. the sec s comments are likely to increase pressure on congress to strengthen supervision of fannie mae and freddie mac. the two firms are key parts of the us financial system and effectively underwrite the mortgage market financing nearly half of all american house purchases and dealing actively in bonds and other financial instruments. the investigation of freddie mac in june 2003 sparked concerns about the wider health of the industry and raised questionsmarks over the role of the office of federal housing enterprise oversight (ofheo) the industry s main regulator. having been pricked into action the ofheo turned its attention to fannie may and in september this year said that the firm had tweaked its books to spread earnings more smoothly across quarters and play down the amount of risk it had taken on. the sec found similar problems. the watchdog s chief accountant donald nicolaisen said that fannie mae s methodology of assessing measuring and documenting hedge ineffectiveness was inadequate and was not supported by generally accepted accounting principles.,fannie mae should restate books us mortgage company fannie mae should restate its earnings a move that is likely to put a billion-dollar dent in its accounts watchdogs have said. the securities & exchange commission accused fannie mae of using techniques that did not comply in material respects with accounting standards. fannie mae last month warned that some records were incorrect. the other main us mortgage firm freddie mac restated earnings by $5bn (£2.6bn) last year after a probe of its books. the sec s comments are likely to increase pressure on congress to strengthen supervision of fannie mae and freddie mac. the two firms are key parts of the us financial system and effectively underwrite the mortgage market financing nearly half of all american house purchases and dealing actively in bonds and other financial instruments. the investigation of freddie mac in june 2003 sparked concerns about the wider health of the industry and raised questionsmarks over the role of the office of federal housing enterprise oversight (ofheo) the industry s main regulator. having been pricked into action the ofheo turned its attention to fannie may and in september this year said that the firm had tweaked its books to spread earnings more smoothly across quarters and play down the amount of risk it had taken on. the sec found similar problems. the watchdog s chief accountant donald nicolaisen said that fannie mae s methodology of assessing measuring and documenting hedge ineffectiveness was inadequate and was not supported by generally accepted accounting principles.
bbc_news:001797,bbc_news,business,2,Business,standoff on deutsche s lse bid deutsche boerse investors unhappy with its london stock exchange bid,will have no chance to throw out the exchange s management until may reuters says. the sunday times reported that hedge funds tci and atticus were planning to demand the removal of the group s chairman and chief executive. but deutsche boerse told news agency reuters such a move would have to wait until may s annual general meeting. investors want deutsche to return cash to shareholders rather than bid. we are long-term investors and are experienced in removing management. we are not scared to take this to its conclusion this time atticus david slager told the sunday times. however deutsche boerse told reuters: tci s request for the removal of the supervisory board will be considered at the annual general meeting on may 25. the sunday times reported that tci had been drawing up a list of heavyweight executives to replace deutsche s chairman rolf breuer and chief executive werner seifert. the group owns more than 5% of deutsche - more than enough to demand an extraordinary general meeting to call on shareholders to oust the german exchange s management. under german law deutsche does not need investor backing to make a takeover bid. tci and atticus have opposed the lse bid for some time saying it would destroy shareholder value and would be better spent on a share buyback. deutsche is in competition with pan-european bourse euronext to take over the london exchange. many commentators have suggested a bidding war between the two could break out. however any such move would have to wait until march when the office of fair trading completes an investigation into the competition aspects of the pair s takeover proposals.,standoff on deutsche s lse bid deutsche boerse investors unhappy with its london stock exchange bid will have no chance to throw out the exchange s management until may reuters says. the sunday times reported that hedge funds tci and atticus were planning to demand the removal of the group s chairman and chief executive. but deutsche boerse told news agency reuters such a move would have to wait until may s annual general meeting. investors want deutsche to return cash to shareholders rather than bid. we are long-term investors and are experienced in removing management. we are not scared to take this to its conclusion this time atticus david slager told the sunday times. however deutsche boerse told reuters: tci s request for the removal of the supervisory board will be considered at the annual general meeting on may 25. the sunday times reported that tci had been drawing up a list of heavyweight executives to replace deutsche s chairman rolf breuer and chief executive werner seifert. the group owns more than 5% of deutsche - more than enough to demand an extraordinary general meeting to call on shareholders to oust the german exchange s management. under german law deutsche does not need investor backing to make a takeover bid. tci and atticus have opposed the lse bid for some time saying it would destroy shareholder value and would be better spent on a share buyback. deutsche is in competition with pan-european bourse euronext to take over the london exchange. many commentators have suggested a bidding war between the two could break out. however any such move would have to wait until march when the office of fair trading completes an investigation into the competition aspects of the pair s takeover proposals.
bbc_news:000786,bbc_news,business,2,Business,german jobless rate at new record more than 5.2 million germans were out of work in,february new figures show. the figure of 5.216 million people or 12.6% of the working-age population is the highest jobless rate in europe s biggest economy since the 1930s. the news comes as the head of germany s panel of government economic advisers predicted growth would again stagnate. speaking on german tv bert ruerup said the panel s earlier forecast of 1.4% was too optimistic and warned growth would be just 1% in 2005. the german government is trying to tackle the stubbornly-high levels of joblessness with a range of labour market reforms. at their centre is the hartz-iv programme introduced in january to shake up welfare benefits and push people back into work - even if some of the jobs are heavily subsidised. the latest unemployment figures look set to increase the pressure on the government. widely leaked to the german newspapers a day in advance they produced screaming headlines criticising chancellor gerhard schroeder s social democrat-green party administration. mr schroeder had originally come into office promising to halve unemployment. still some measures suggest the picture is not quite so bleak. the soaring official unemployment figure follows a change in the methodology which pushed up the jobless rate by more than 500 000 in january. adjusted for seasonal changes the overall unemployment rate is 4.875 million people or 11.7% up 0.3 percentage points from the previous month. using the most internationally-accepted methodology of the international labour organisation (ilo) germany had 3.97 million people out of work in january. and ilo-based figures also suggest that 14 000 new net jobs were created that month taking the number of people employed to 38.9 million. the ilo defines an unemployed person as someone who in the previous four weeks had actively looked for work they could take up immediately.,german jobless rate at new record more than 5.2 million germans were out of work in february new figures show. the figure of 5.216 million people or 12.6% of the working-age population is the highest jobless rate in europe s biggest economy since the 1930s. the news comes as the head of germany s panel of government economic advisers predicted growth would again stagnate. speaking on german tv bert ruerup said the panel s earlier forecast of 1.4% was too optimistic and warned growth would be just 1% in 2005. the german government is trying to tackle the stubbornly-high levels of joblessness with a range of labour market reforms. at their centre is the hartz-iv programme introduced in january to shake up welfare benefits and push people back into work - even if some of the jobs are heavily subsidised. the latest unemployment figures look set to increase the pressure on the government. widely leaked to the german newspapers a day in advance they produced screaming headlines criticising chancellor gerhard schroeder s social democrat-green party administration. mr schroeder had originally come into office promising to halve unemployment. still some measures suggest the picture is not quite so bleak. the soaring official unemployment figure follows a change in the methodology which pushed up the jobless rate by more than 500 000 in january. adjusted for seasonal changes the overall unemployment rate is 4.875 million people or 11.7% up 0.3 percentage points from the previous month. using the most internationally-accepted methodology of the international labour organisation (ilo) germany had 3.97 million people out of work in january. and ilo-based figures also suggest that 14 000 new net jobs were created that month taking the number of people employed to 38.9 million. the ilo defines an unemployed person as someone who in the previous four weeks had actively looked for work they could take up immediately.
bbc_news:000741,bbc_news,business,2,Business,electrolux to export europe jobs electrolux saw its shares rise 14% on tuesday after it said,it would be shifting more of its manufacturing to low-cost countries. the swedish firm the world s largest maker of home appliances said it is to relocate about 10 of its 27 plants in western europe and north america. it did not say which facilities would be affected but intends moving them to asia eastern europe and mexico. the company has two manufacturing sites in county durham. it makes lawn and garden products in newton aycliffe and cookers and ovens in spennymoor. the newton aycliffe plant could also be affected by electrolux s separate announcement that it is to spin-off its outdoor products unit into a new separate company. electrolux s subsidiary brands include aeg zanussi and frigidaire. the company said it was speeding up its restructuring programme which aims to save between £190m and £265m annually from 2009. we see that about half the plants in high-cost countries - that is around 10 - are at risk said electrolux chief executive hans straberg. it looks pretty grim said swedish trades union official ulf carlsson. what are we going to end up producing in sweden,electrolux to export europe jobs electrolux saw its shares rise 14% on tuesday after it said it would be shifting more of its manufacturing to low-cost countries. the swedish firm the world s largest maker of home appliances said it is to relocate about 10 of its 27 plants in western europe and north america. it did not say which facilities would be affected but intends moving them to asia eastern europe and mexico. the company has two manufacturing sites in county durham. it makes lawn and garden products in newton aycliffe and cookers and ovens in spennymoor. the newton aycliffe plant could also be affected by electrolux s separate announcement that it is to spin-off its outdoor products unit into a new separate company. electrolux s subsidiary brands include aeg zanussi and frigidaire. the company said it was speeding up its restructuring programme which aims to save between £190m and £265m annually from 2009. we see that about half the plants in high-cost countries - that is around 10 - are at risk said electrolux chief executive hans straberg. it looks pretty grim said swedish trades union official ulf carlsson. what are we going to end up producing in sweden
bbc_news:000290,bbc_news,business,2,Business,yukos seeks court action on sale yukos will return to a us court on wednesday to,seek sanctions against baikal finance group the little-known firm which has bought its main asset. yukos has said it will sue baikal and others involved in the sale of yuganskneftegas for $20bn in damages. yukos us lawyers will attempt to have baikal assets frozen after the russian government ignored a us court order last week blocking the sale. baikal s background and its motives for buying the unit are still unclear. russian newspapers have claimed that baikal - which bought the yuganskneftegas production unit for $9.4bn (261bn roubles £4.8bn) on sunday at a state provoked auction - has strong links with surgutneftegas russia s fourth-biggest oil producer. many observers believe that the unit which produces 60% of yukos oil output could ultimately fall into the hands of surgutneftegas or even gazprom the state gas firm which opted out of the auction. the russian government forced the sale of yukos most lucrative asset as part of its action to enforce a $27bn back tax bill it says the company owes. yukos us lawyers claim the auction was illegal because the firm had filed for bankruptcy and therefore its assets were now under the protection of us bankruptcy law which has worldwide jurisdiction. on wednesday yukos will also seek further legal remedies to prevent the break-up of the group. we believe the auction was illegal and we intend to pursue all legal recourses available to us yukos spokesman mike lake told agence france press. if it exports that oil it will be marketing a stolen product he added. the future ownership of yuganksneftegas remains unclear amid widespread suggestions that baikal was established as a front for other interests. speaking on tuesday president putin said baikal was owned by individual investors who planned to build relationships with other russian energy firms interested in the development of yuganskneftegas. president putin also suggested that china s national petroleum corporation could play a role in the unit s future after signing a commercial agreement with gazprom to work on joint energy projects. yukos has claimed that the sale of its main asset will lead to the collapse of the company. commentators and yukos itself claim the firm is the target of a government campaign to destroy it because of the political ambitions of its founder mikhail khodorkovsky.,yukos seeks court action on sale yukos will return to a us court on wednesday to seek sanctions against baikal finance group the little-known firm which has bought its main asset. yukos has said it will sue baikal and others involved in the sale of yuganskneftegas for $20bn in damages. yukos us lawyers will attempt to have baikal assets frozen after the russian government ignored a us court order last week blocking the sale. baikal s background and its motives for buying the unit are still unclear. russian newspapers have claimed that baikal - which bought the yuganskneftegas production unit for $9.4bn (261bn roubles £4.8bn) on sunday at a state provoked auction - has strong links with surgutneftegas russia s fourth-biggest oil producer. many observers believe that the unit which produces 60% of yukos oil output could ultimately fall into the hands of surgutneftegas or even gazprom the state gas firm which opted out of the auction. the russian government forced the sale of yukos most lucrative asset as part of its action to enforce a $27bn back tax bill it says the company owes. yukos us lawyers claim the auction was illegal because the firm had filed for bankruptcy and therefore its assets were now under the protection of us bankruptcy law which has worldwide jurisdiction. on wednesday yukos will also seek further legal remedies to prevent the break-up of the group. we believe the auction was illegal and we intend to pursue all legal recourses available to us yukos spokesman mike lake told agence france press. if it exports that oil it will be marketing a stolen product he added. the future ownership of yuganksneftegas remains unclear amid widespread suggestions that baikal was established as a front for other interests. speaking on tuesday president putin said baikal was owned by individual investors who planned to build relationships with other russian energy firms interested in the development of yuganskneftegas. president putin also suggested that china s national petroleum corporation could play a role in the unit s future after signing a commercial agreement with gazprom to work on joint energy projects. yukos has claimed that the sale of its main asset will lead to the collapse of the company. commentators and yukos itself claim the firm is the target of a government campaign to destroy it because of the political ambitions of its founder mikhail khodorkovsky.
bbc_news:001915,bbc_news,business,2,Business,no seasonal lift for house market a swathe of figures have provided further evidence of a,slowdown in the uk property market. the council of mortgage lenders (cml) british bankers association (bba) and building societies association (bsa) all said mortgage lending was slowing. cml figures showed gross lending fell by 4% in november as the number of people buying new homes fell. elsewhere the bba added underlying mortgage lending rose by £4m in november compared to october s £4.29m. the cml said that loans for new property purchases fell 25% year-on-year to 85 000 - the lowest total seen since february 2003. data from the cml showed lending fell to just over £25bn in november from £25.5bn a year earlier. separate figures from the building societies association showed the value of mortgage approvals -- loans agreed but not yet made -- stood 32% lower than at the same time last year at a seasonally-adjusted £2.98bn. the figures come hot on the heels of new data from property website rightmove which suggested owners must indulge in a winter sale and slash prices by up to 8%. miles shipside commercial director at rightmove said sellers would have to be more realistic with their asking prices to tempt buyers. the average asking price of a home fell by more than £600 from £190 329 in november to £189 733 in december while the length of time it takes to sell a home rose to 81 days from 53 in the summer. rightmove said estate agents were set to enter 2005 with a third more properties on their books than a year ago. even once the quieter holiday period is over sellers will find themselves competing with a lot of other properties on the market. in any business excess supply and low demand means one thing - cut prices mr shipside said. the proof is that some properties that have been appropriately discounted are selling even in the current market. overall asking prices have fallen 3.3% from their july peaks as the equivalent of £6 500 has been cut from an average property. a host of mortgage lenders and economists have predicted that property prices will either fall or stagnate in 2005. what is apparent is a picture of a slowing market but one that should remain stable as we return to more normal volumes of lending over 2005 as a whole cml director general michael coogan said. it s a fairly consistent picture showing that mortgage demand has fallen back again which is consistent with a continuing correction in the housing market investec economist philip shaw said. however the figures do suggest only a modest weakening and we stand by our view that the property market will remain in the doldrums for some time though a collapse is still unlikely.,no seasonal lift for house market a swathe of figures have provided further evidence of a slowdown in the uk property market. the council of mortgage lenders (cml) british bankers association (bba) and building societies association (bsa) all said mortgage lending was slowing. cml figures showed gross lending fell by 4% in november as the number of people buying new homes fell. elsewhere the bba added underlying mortgage lending rose by £4m in november compared to october s £4.29m. the cml said that loans for new property purchases fell 25% year-on-year to 85 000 - the lowest total seen since february 2003. data from the cml showed lending fell to just over £25bn in november from £25.5bn a year earlier. separate figures from the building societies association showed the value of mortgage approvals -- loans agreed but not yet made -- stood 32% lower than at the same time last year at a seasonally-adjusted £2.98bn. the figures come hot on the heels of new data from property website rightmove which suggested owners must indulge in a winter sale and slash prices by up to 8%. miles shipside commercial director at rightmove said sellers would have to be more realistic with their asking prices to tempt buyers. the average asking price of a home fell by more than £600 from £190 329 in november to £189 733 in december while the length of time it takes to sell a home rose to 81 days from 53 in the summer. rightmove said estate agents were set to enter 2005 with a third more properties on their books than a year ago. even once the quieter holiday period is over sellers will find themselves competing with a lot of other properties on the market. in any business excess supply and low demand means one thing - cut prices mr shipside said. the proof is that some properties that have been appropriately discounted are selling even in the current market. overall asking prices have fallen 3.3% from their july peaks as the equivalent of £6 500 has been cut from an average property. a host of mortgage lenders and economists have predicted that property prices will either fall or stagnate in 2005. what is apparent is a picture of a slowing market but one that should remain stable as we return to more normal volumes of lending over 2005 as a whole cml director general michael coogan said. it s a fairly consistent picture showing that mortgage demand has fallen back again which is consistent with a continuing correction in the housing market investec economist philip shaw said. however the figures do suggest only a modest weakening and we stand by our view that the property market will remain in the doldrums for some time though a collapse is still unlikely.
bbc_news:001391,bbc_news,business,2,Business,manufacturing recovery slowing uk manufacturing grew at its slowest pace in one-and-a-half years in january according,to a survey. the chartered institute of purchasing and supply (cips) said its purchasing manager index (pmi) fell to 51.8 from a revised 53.3 in december. but despite missing forecasts of 53.7 the pmi number remained above 50 - indicating expansion in the sector. the cips said that the strong pound had dented exports while rising oil and metals prices had kept costs high. the survey added that rising input prices and cooling demand had deterred factory managers from hiring new workers in an effort to cut costs. that triggered the second successive monthly fall in the cips employment index to 48.3 - its lowest level since june 2003. the survey is more upbeat than official figures - which suggest that manufacturing is in recession - but analysts said the survey did suggest that the manufacturing recovery was running out of steam. it appears that the uk is in a two-tier economy again said prebon yamane economist lena komileva. you have weakness in manufacturing which i think would concern policymakers at the bank of england.,manufacturing recovery slowing uk manufacturing grew at its slowest pace in one-and-a-half years in january according to a survey. the chartered institute of purchasing and supply (cips) said its purchasing manager index (pmi) fell to 51.8 from a revised 53.3 in december. but despite missing forecasts of 53.7 the pmi number remained above 50 - indicating expansion in the sector. the cips said that the strong pound had dented exports while rising oil and metals prices had kept costs high. the survey added that rising input prices and cooling demand had deterred factory managers from hiring new workers in an effort to cut costs. that triggered the second successive monthly fall in the cips employment index to 48.3 - its lowest level since june 2003. the survey is more upbeat than official figures - which suggest that manufacturing is in recession - but analysts said the survey did suggest that the manufacturing recovery was running out of steam. it appears that the uk is in a two-tier economy again said prebon yamane economist lena komileva. you have weakness in manufacturing which i think would concern policymakers at the bank of england.
bbc_news:002138,bbc_news,business,2,Business,libya takes $1bn in unfrozen funds libya has withdrawn $1bn in assets from the us assets,which had previously been frozen for almost 20 years the libyan central bank has said. the move came after the us lifted a trade ban to reward tripoli for giving up weapons of mass destruction and vowing to compensate lockerbie victims. the original size of libya s funds was $400m the central bank told reuters. however the withdrawal did not mean that libya had cut its ties with the us he added. we are in the process of opening accounts in banks in the united states the central bank s vice president farhat omar ben gadaravice said. the previously frozen assets had been invested in various countries and are believed to have included equity holdings in banks. the us ban on trade and economic activity with tripoli - imposed by then president ronald regan in 1986 after a series of what the us deemed terrorist acts including the 1988 lockerbie air crash - was suspended in april. bankers from the two country s had been working on how to unfreeze libya s assets.,libya takes $1bn in unfrozen funds libya has withdrawn $1bn in assets from the us assets which had previously been frozen for almost 20 years the libyan central bank has said. the move came after the us lifted a trade ban to reward tripoli for giving up weapons of mass destruction and vowing to compensate lockerbie victims. the original size of libya s funds was $400m the central bank told reuters. however the withdrawal did not mean that libya had cut its ties with the us he added. we are in the process of opening accounts in banks in the united states the central bank s vice president farhat omar ben gadaravice said. the previously frozen assets had been invested in various countries and are believed to have included equity holdings in banks. the us ban on trade and economic activity with tripoli - imposed by then president ronald regan in 1986 after a series of what the us deemed terrorist acts including the 1988 lockerbie air crash - was suspended in april. bankers from the two country s had been working on how to unfreeze libya s assets.
bbc_news:000409,bbc_news,business,2,Business,eu aiming to fuel development aid european union finance ministers meet on thursday to discuss proposals,including a tax on jet fuel to boost development aid for poorer nations. the policy makers are to ask for a report into how more development money can be raised the eu said. the world s richest countries have said they want to increase the amount of aid they give to 0.7% of their annual gross national income by 2015. airlines have reacted strongly against the proposed fuel levy. profits have been under pressure in the airline industry with low-cost firms driving down prices and demand dipping after the 11 september terrorist attacks and the outbreak of the killer sars virus. things have picked up but some european and us companies are teetering on the brink of bankruptcy. at present the fuel used by airlines enjoys either a very low tax rate or is untaxed in eu member states. of course we applaud humanitarian initiatives but why target the airlines said ulrich schulte-strathaus secretary general of the association of european airlines. our industry is in the midst of a fundamental crisis...only to be once again confronted with a measure designed to increase our costs he continued. the eu sought to allay the airlines fears stressing that thursday s meeting was only a first step and that other proposals were also under consideration. it added that any plan to levy taxes on jet fuel should not hinder the competitiveness of the airlines and that they themselves will not be solely funding development . any tax would only be implemented after full consultation with the airlines the eu said. there is thought to be widespread support for the plan - tabled by france and germany following the recent g7 meeting of the world s richest nations - from eu ministers. the issue of poverty in africa and south asia has forced itself to the top of the politicial agenda with politicians and campaigners calling for more to be done. at their meeting in london g7 finance ministers backed plans to write off up to 100% of the debts of some of the world s poorest countries.,eu aiming to fuel development aid european union finance ministers meet on thursday to discuss proposals including a tax on jet fuel to boost development aid for poorer nations. the policy makers are to ask for a report into how more development money can be raised the eu said. the world s richest countries have said they want to increase the amount of aid they give to 0.7% of their annual gross national income by 2015. airlines have reacted strongly against the proposed fuel levy. profits have been under pressure in the airline industry with low-cost firms driving down prices and demand dipping after the 11 september terrorist attacks and the outbreak of the killer sars virus. things have picked up but some european and us companies are teetering on the brink of bankruptcy. at present the fuel used by airlines enjoys either a very low tax rate or is untaxed in eu member states. of course we applaud humanitarian initiatives but why target the airlines said ulrich schulte-strathaus secretary general of the association of european airlines. our industry is in the midst of a fundamental crisis...only to be once again confronted with a measure designed to increase our costs he continued. the eu sought to allay the airlines fears stressing that thursday s meeting was only a first step and that other proposals were also under consideration. it added that any plan to levy taxes on jet fuel should not hinder the competitiveness of the airlines and that they themselves will not be solely funding development . any tax would only be implemented after full consultation with the airlines the eu said. there is thought to be widespread support for the plan - tabled by france and germany following the recent g7 meeting of the world s richest nations - from eu ministers. the issue of poverty in africa and south asia has forced itself to the top of the politicial agenda with politicians and campaigners calling for more to be done. at their meeting in london g7 finance ministers backed plans to write off up to 100% of the debts of some of the world s poorest countries.
bbc_news:002131,bbc_news,business,2,Business,millions go missing at china bank two senior officials at one of china s top commercial,banks have reportedly disappeared after funds worth up to $120m (£64m) went missing. the pair both worked at bank of china in the northern city of harbin the south china morning post reported. the latest scandal at bank of china will do nothing to reassure foreign investors that china s big four banks are ready for international listings. government policy sees the bank listings as vital economic reforms. bank of china is one of two frontrunners in the race to list overseas. the other is china construction bank. both are expected to list abroad during 2005. they shared a $45bn state bailout in 2003 to help clean up their balance sheets in preparation for a foreign stock market debut. however a report in the china-published economic observer said on monday that the two banks may have scrapped plans to list in new york because of the cost of meeting regulatory requirements imposed since the enron scandal. bank of china is the country s biggest foreign exchange dealer while china construction bank is the largest deposit holder. china s banking sector is burdened with at least $190bn of bad debt according to official data though most observers believe the true figure is far higher. officially one in five loans is not being repaid. attempts to strengthen internal controls and tighten lending policies have uncovered a succession of scandals involving embezzlement by bank officials and loans-for-favours. the most high-profile case involved the ex-president of bank of china wang xuebing jailed for 12 years in 2003. although he committed the offences whilst running bank of china in new york mr wang was head of china construction bank when the scandal broke. earlier this month a china construction bank branch manager was jailed for life in a separate case. china s banks used to act as cash offices for state enterprises and did not require checks on credit worthiness. the introduction of market reforms has been accompanied by attempts to modernise the banking sector but links between banks and local government remain strong. last year china s premier wen jiabao targeted bank lending practices in a series of speeches and regulators ordered all big loans to be scrutinised in an attempt to cool down irresponsible lending. china s leaders see reforming the top four banks as vital to distribute capital to profitable companies and protect the health of china s economic boom. but two problems persist. first inefficient state enterprises continue to receive protection from bankruptcy because they employ large numbers of people. second many questionable loans come not from the big four but from smaller banks. another high profile financial firm china life is facing shareholder lawsuits and a probe by the us securities and exchange commission following its 2004 new york listing over its failure to disclose accounting irregularities at its parent company.,millions go missing at china bank two senior officials at one of china s top commercial banks have reportedly disappeared after funds worth up to $120m (£64m) went missing. the pair both worked at bank of china in the northern city of harbin the south china morning post reported. the latest scandal at bank of china will do nothing to reassure foreign investors that china s big four banks are ready for international listings. government policy sees the bank listings as vital economic reforms. bank of china is one of two frontrunners in the race to list overseas. the other is china construction bank. both are expected to list abroad during 2005. they shared a $45bn state bailout in 2003 to help clean up their balance sheets in preparation for a foreign stock market debut. however a report in the china-published economic observer said on monday that the two banks may have scrapped plans to list in new york because of the cost of meeting regulatory requirements imposed since the enron scandal. bank of china is the country s biggest foreign exchange dealer while china construction bank is the largest deposit holder. china s banking sector is burdened with at least $190bn of bad debt according to official data though most observers believe the true figure is far higher. officially one in five loans is not being repaid. attempts to strengthen internal controls and tighten lending policies have uncovered a succession of scandals involving embezzlement by bank officials and loans-for-favours. the most high-profile case involved the ex-president of bank of china wang xuebing jailed for 12 years in 2003. although he committed the offences whilst running bank of china in new york mr wang was head of china construction bank when the scandal broke. earlier this month a china construction bank branch manager was jailed for life in a separate case. china s banks used to act as cash offices for state enterprises and did not require checks on credit worthiness. the introduction of market reforms has been accompanied by attempts to modernise the banking sector but links between banks and local government remain strong. last year china s premier wen jiabao targeted bank lending practices in a series of speeches and regulators ordered all big loans to be scrutinised in an attempt to cool down irresponsible lending. china s leaders see reforming the top four banks as vital to distribute capital to profitable companies and protect the health of china s economic boom. but two problems persist. first inefficient state enterprises continue to receive protection from bankruptcy because they employ large numbers of people. second many questionable loans come not from the big four but from smaller banks. another high profile financial firm china life is facing shareholder lawsuits and a probe by the us securities and exchange commission following its 2004 new york listing over its failure to disclose accounting irregularities at its parent company.
bbc_news:000620,bbc_news,business,2,Business,israel looks to us for bank chief israel has asked a us banker and former international,monetary fund director to run its central bank. stanley fischer vice chairman of banking giant citigroup has agreed to take the bank of israel job subject to approval from parliament and cabinet. his nomination by prime minister ariel sharon came as a surprise and led to gains on the tel aviv stock market. mr fischer who speaks fluent hebrew will have to become an israeli citizen to take the job. the us says he will not have to give up us citizenship to do so. previous incumbent david klein who often argued with the finance ministry steps down on 16 january. mr fischer will face a delicate balancing act - both in political and economic terms - between mr sharon and finance minister binyamin netanyahu who also backed his nomination. but his appointment has also raised hopes that it could bring in fresh investment - and perhaps even an improvement in the country s credit rating mr fischer first went to israel for six months in 1973 and almost emigrated there before deciding finally to return to the us. while teaching at the massachussetts institute of technology he spent a month seconded to the bank of israel in 1979 beginning a long-time involvement in studying israel s economy. in 1983 mr fischer became adviser on israel s economy to then-us secretary of state george shultz. at the world bank in 1985 he participated in drawing up an economic stabilisation package for israel.,israel looks to us for bank chief israel has asked a us banker and former international monetary fund director to run its central bank. stanley fischer vice chairman of banking giant citigroup has agreed to take the bank of israel job subject to approval from parliament and cabinet. his nomination by prime minister ariel sharon came as a surprise and led to gains on the tel aviv stock market. mr fischer who speaks fluent hebrew will have to become an israeli citizen to take the job. the us says he will not have to give up us citizenship to do so. previous incumbent david klein who often argued with the finance ministry steps down on 16 january. mr fischer will face a delicate balancing act - both in political and economic terms - between mr sharon and finance minister binyamin netanyahu who also backed his nomination. but his appointment has also raised hopes that it could bring in fresh investment - and perhaps even an improvement in the country s credit rating mr fischer first went to israel for six months in 1973 and almost emigrated there before deciding finally to return to the us. while teaching at the massachussetts institute of technology he spent a month seconded to the bank of israel in 1979 beginning a long-time involvement in studying israel s economy. in 1983 mr fischer became adviser on israel s economy to then-us secretary of state george shultz. at the world bank in 1985 he participated in drawing up an economic stabilisation package for israel.
bbc_news:000237,bbc_news,business,2,Business,brewers profits lose their fizz heineken and carlsberg two of the world s largest brewers have,reported falling profits after beer sales in western europe fell flat. dutch firm heineken saw its annual profits drop 33% and warned that earnings in 2005 may also slide. danish brewer carlsberg suffered a 3% fall in profits due to waning demand and increased marketing costs. both are looking to russia and china to provide future growth as western european markets are largely mature. heineken s net income fell to 537m euros ($701m; £371m) during 2004 from 798m euro a year ago. it blamed weak demand in western europe and currency losses. it had warned in september that the weakening us dollar which has cut the value of foreign sales would knock 125m euros off its operating profits. despite the dip in profits heineken s sales have been improving and total revenue for the year was 10bn euros up 8.1% from 9.26bn euros in 2003. heineken said it now plans to invest 100m euros in aggressive and high-impact marketing in europe and the us in 2005. heineken which also owns the amstel and murphy s stout brands said it would also seek to cut costs. this may involve closing down breweries. heineken increased its dividend payment by 25% to 40 euro cents but warned that the continued impact of a weaker dollar and an increased marketing spend may lead to a drop in 2005 net profit. carlsberg the world s fifth-largest brewer saw annual pre-tax profits fall to 3.4bn danish kroner (456m euros). its beer sales have been affected by the sluggish european economy and by the banning of smoking in pubs in several european countries. nevertheless total sales increased 4% to 36bn kroner thanks to strong sales of carlsberg lager in russia and poland. carlsberg is more optimistic than heineken about 2005 projecting a 15% rise in net profits for the year. however it also plans to cut 200 jobs in sweden where sales have been hit by demand for cheap imported brands. we remain cautious about the medium-to-long term outlook for revenue growth across western europe for a host of economic social and structural reasons investment bank merrill lynch said of carlsberg.,brewers profits lose their fizz heineken and carlsberg two of the world s largest brewers have reported falling profits after beer sales in western europe fell flat. dutch firm heineken saw its annual profits drop 33% and warned that earnings in 2005 may also slide. danish brewer carlsberg suffered a 3% fall in profits due to waning demand and increased marketing costs. both are looking to russia and china to provide future growth as western european markets are largely mature. heineken s net income fell to 537m euros ($701m; £371m) during 2004 from 798m euro a year ago. it blamed weak demand in western europe and currency losses. it had warned in september that the weakening us dollar which has cut the value of foreign sales would knock 125m euros off its operating profits. despite the dip in profits heineken s sales have been improving and total revenue for the year was 10bn euros up 8.1% from 9.26bn euros in 2003. heineken said it now plans to invest 100m euros in aggressive and high-impact marketing in europe and the us in 2005. heineken which also owns the amstel and murphy s stout brands said it would also seek to cut costs. this may involve closing down breweries. heineken increased its dividend payment by 25% to 40 euro cents but warned that the continued impact of a weaker dollar and an increased marketing spend may lead to a drop in 2005 net profit. carlsberg the world s fifth-largest brewer saw annual pre-tax profits fall to 3.4bn danish kroner (456m euros). its beer sales have been affected by the sluggish european economy and by the banning of smoking in pubs in several european countries. nevertheless total sales increased 4% to 36bn kroner thanks to strong sales of carlsberg lager in russia and poland. carlsberg is more optimistic than heineken about 2005 projecting a 15% rise in net profits for the year. however it also plans to cut 200 jobs in sweden where sales have been hit by demand for cheap imported brands. we remain cautious about the medium-to-long term outlook for revenue growth across western europe for a host of economic social and structural reasons investment bank merrill lynch said of carlsberg.
bbc_news:001753,bbc_news,business,2,Business,wembley firm won t make a profit shares in multiplex group which is building the new,wembley stadium fell as much as 19% after it said it would not make any money on the project. the australian firm said it would only break even on the 1.2bn australian dollars (£458m; $874m) rebuild after a rise in costs on the work. any profits would depend on the outcome of legal cases resulting from a change in steel contractor it added. it cut a$68m from profit targets for wembley and another uk project. investors were shaken by the news and the firm s shares fell to a four month low of a$4.50 before recovering to close 16% down at a$4.67. the decline came despite multiplex reporting an 11% rise in pre-tax profits to a$67.7m for 2004 and reaffirming its 2005 profit forecasts. increased costs at wembley and a separate development in london s docklands saw multiplex s construction division report profits of a$35.1m. the firm said the result was below expectations but stressed that the majority of its uk projects - which also include the white city redevelopment scheme in west london - were performing strongly. to recoup any profit from wembley where the firm changed its steel contractor due to a legal dispute multiplex will have to win legal claims against subcontractors. these claims could take up to two years to resolve. multiplex believes its claim are sound and ultimately will exceed the level needed to support the break even position it said. it is expected that profits will be possible in future periods as the claims are finalised. wembley stadium is to due to be completed in january and will officially open for the 2006 fa cup final. analysts expressed concern at the unexpected paring back in profit. such a big writeback on the wembley project in such a short period has impacted on management credibility simon wheatley from goldman sachs told reuters.,wembley firm won t make a profit shares in multiplex group which is building the new wembley stadium fell as much as 19% after it said it would not make any money on the project. the australian firm said it would only break even on the 1.2bn australian dollars (£458m; $874m) rebuild after a rise in costs on the work. any profits would depend on the outcome of legal cases resulting from a change in steel contractor it added. it cut a$68m from profit targets for wembley and another uk project. investors were shaken by the news and the firm s shares fell to a four month low of a$4.50 before recovering to close 16% down at a$4.67. the decline came despite multiplex reporting an 11% rise in pre-tax profits to a$67.7m for 2004 and reaffirming its 2005 profit forecasts. increased costs at wembley and a separate development in london s docklands saw multiplex s construction division report profits of a$35.1m. the firm said the result was below expectations but stressed that the majority of its uk projects - which also include the white city redevelopment scheme in west london - were performing strongly. to recoup any profit from wembley where the firm changed its steel contractor due to a legal dispute multiplex will have to win legal claims against subcontractors. these claims could take up to two years to resolve. multiplex believes its claim are sound and ultimately will exceed the level needed to support the break even position it said. it is expected that profits will be possible in future periods as the claims are finalised. wembley stadium is to due to be completed in january and will officially open for the 2006 fa cup final. analysts expressed concern at the unexpected paring back in profit. such a big writeback on the wembley project in such a short period has impacted on management credibility simon wheatley from goldman sachs told reuters.
bbc_news:002033,bbc_news,business,2,Business,car giant hit by mercedes slump a slump in profitability at luxury car maker mercedes has,prompted a big drop in profits at parent daimlerchrysler. the german-us carmaker saw fourth quarter operating profits fall to 785m euros ($1bn) from 2.4bn euros in 2003. mercedes-benz s woes - its profits slid to just 20m euros - obscured a strong performance from the chrysler group whose returns met market expectations. mercedes faces fierce competition in the luxury car sector from bmw and but hopes to revive its fortunes by 2006. mercedes profits over the period compared unfavourably with 2003 s 784m euro figure and were well below analyst expectations of 374m euros. for the year as a whole its operating profits fell 46% to 1.6bn euros. sales of mercedes brands fell 2% as demand cooled while revenues were affected by the weakness of the us dollar. the carmaker blamed the fall in profits on high launch costs for new models and losses from its mercedes smart mini-car range. mercedes is hoping to increase productivity by 3bn euros having negotiated 500m euros in annual savings with german workers last year. the firm said it was determined to retain mercedes position as the world s most successful luxury brand. however daimlerchrysler s shares fell 1.5% on the news. while all these divisions are doing well the big worries continue to surround mercedes-benz michael rabb an analyst with bank sal oppenheim told reuters. in contrast chrysler enjoyed a 5% annual increase in unit sales while revenues - calculated in us dollars - rose 10%. the us division - whose marques include dodge and jeep - transformed a full year operating loss of 506m euros in 2003 into a 1.4bn euros profit last year. overall daimlerchrysler saw worldwide vehicle sales rise 8% to 4.7 million in 2004 while total revenues added 4% to 142bn euros. chrysler s strong performance helped the world s fifth largest carmaker boost net income by 400m euros to 2.5bn euros. the year 2004 shows that our strategy works well - even in such a challenging competitive environment said jurgen schrempp daimlerchrysler s chairman. daimlerchrysler took a 475m euro hit in costs stemming from a defects scandal at its joint venture japanese subsidiary fuso. daimlerchrysler last week agreed a compensation package with partner mitsubishi motors which will see it buy out its stake in fuso. looking forward daimerchrysler s profits are expected to be slightly higher in 2005. however it is expecting significant improvements in profitability in 2006 as a result of a major investment in the mercedes product range.,car giant hit by mercedes slump a slump in profitability at luxury car maker mercedes has prompted a big drop in profits at parent daimlerchrysler. the german-us carmaker saw fourth quarter operating profits fall to 785m euros ($1bn) from 2.4bn euros in 2003. mercedes-benz s woes - its profits slid to just 20m euros - obscured a strong performance from the chrysler group whose returns met market expectations. mercedes faces fierce competition in the luxury car sector from bmw and but hopes to revive its fortunes by 2006. mercedes profits over the period compared unfavourably with 2003 s 784m euro figure and were well below analyst expectations of 374m euros. for the year as a whole its operating profits fell 46% to 1.6bn euros. sales of mercedes brands fell 2% as demand cooled while revenues were affected by the weakness of the us dollar. the carmaker blamed the fall in profits on high launch costs for new models and losses from its mercedes smart mini-car range. mercedes is hoping to increase productivity by 3bn euros having negotiated 500m euros in annual savings with german workers last year. the firm said it was determined to retain mercedes position as the world s most successful luxury brand. however daimlerchrysler s shares fell 1.5% on the news. while all these divisions are doing well the big worries continue to surround mercedes-benz michael rabb an analyst with bank sal oppenheim told reuters. in contrast chrysler enjoyed a 5% annual increase in unit sales while revenues - calculated in us dollars - rose 10%. the us division - whose marques include dodge and jeep - transformed a full year operating loss of 506m euros in 2003 into a 1.4bn euros profit last year. overall daimlerchrysler saw worldwide vehicle sales rise 8% to 4.7 million in 2004 while total revenues added 4% to 142bn euros. chrysler s strong performance helped the world s fifth largest carmaker boost net income by 400m euros to 2.5bn euros. the year 2004 shows that our strategy works well - even in such a challenging competitive environment said jurgen schrempp daimlerchrysler s chairman. daimlerchrysler took a 475m euro hit in costs stemming from a defects scandal at its joint venture japanese subsidiary fuso. daimlerchrysler last week agreed a compensation package with partner mitsubishi motors which will see it buy out its stake in fuso. looking forward daimerchrysler s profits are expected to be slightly higher in 2005. however it is expecting significant improvements in profitability in 2006 as a result of a major investment in the mercedes product range.
bbc_news:002201,bbc_news,business,2,Business,ban on forced retirement under 65 employers will no longer be able to force workers to,retire before 65 unless they can justify it. the government has announced that firms will be barred from 2006 from imposing arbitrary retirement ages. under new european age discrimination rules a default retirement age of 65 will be introduced. workers will be permitted to request staying on beyond this compulsory retirement age although employers will have the right to refuse. trade and industry secretary patricia hewitt said people would not be forced to work longer than they wanted saying the default age was not a statutory compulsory retirement age. she said employers would be free to continue employing people for as long as they were competent. under age discrimination proposals from the department of trade and industry last year workers were to be allowed to work on till 70 if they wished. business leaders had opposed the plan as they said it would be too costly and cumbersome. the british chambers of commerce welcomed the latest proposal. this move today is the best of both worlds it said. employers have the ability to define the end point of the employer-employee relationship and employees have flexibility with a right to request to work past the age of 65. but age concern said imposing a retirement age of 65 was cowardly and a complete u-turn . this makes a mockery of the government s so-called commitment to outlawing ageism leaving the incoming age discrimination law to unravel said gordon lishman director general of age concern england . it is now inevitable that older people will mount legal challenges to the decision using european law. the decision will have no impact on the age at which workers can collect their state pension the government has said.,ban on forced retirement under 65 employers will no longer be able to force workers to retire before 65 unless they can justify it. the government has announced that firms will be barred from 2006 from imposing arbitrary retirement ages. under new european age discrimination rules a default retirement age of 65 will be introduced. workers will be permitted to request staying on beyond this compulsory retirement age although employers will have the right to refuse. trade and industry secretary patricia hewitt said people would not be forced to work longer than they wanted saying the default age was not a statutory compulsory retirement age. she said employers would be free to continue employing people for as long as they were competent. under age discrimination proposals from the department of trade and industry last year workers were to be allowed to work on till 70 if they wished. business leaders had opposed the plan as they said it would be too costly and cumbersome. the british chambers of commerce welcomed the latest proposal. this move today is the best of both worlds it said. employers have the ability to define the end point of the employer-employee relationship and employees have flexibility with a right to request to work past the age of 65. but age concern said imposing a retirement age of 65 was cowardly and a complete u-turn . this makes a mockery of the government s so-called commitment to outlawing ageism leaving the incoming age discrimination law to unravel said gordon lishman director general of age concern england . it is now inevitable that older people will mount legal challenges to the decision using european law. the decision will have no impact on the age at which workers can collect their state pension the government has said.
bbc_news:000198,bbc_news,tech,3,Sci/Tech,portable playstation ready to go sony s playstation portable (psp) will go on sale in japan,on 12 december. the long-awaited handheld game playing gadget will cost about 19 800 yen (145 euros) when it hits the shelves. at launch 21 games will be available for the psp including need for speed ridge racer metal gear acid and vampire chronicle. sony has not yet announced when the psp will be available in europe and the us but analysts expect it to debut in those territories in early 2005. fifa 2005 is back at the top of the uk games charts a week after losing it to rival pro evolution soccer 4. konami s pro evo dropped only one place to two while the only new entry in the top 10 was another football title lma manager 2005 in at number seven. tony hawk s underground 2 held its own at three while star wars battlefront inched up to four places to four. there was good news for disney with the spin-off from the shark s tale film moving up the charts into number eight. fans of the gran turismo series in europe are going to have to wait until next year for the latest version. sony has said that the pal version of gt4 will not be ready for christmas. the product is localised into 13 different languages across the pal territories therefore the process takes considerably longer than it does in japan it said. gran turismo 4 for the playstation 2 is still expected to be released in japan and the usa this year. halo 2 has broken video game records with pre-orders of more than 1.5 million in the us alone. some 6 500 us stores plan to open just after midnight on tuesday 9 november for the game s release. halo 2 is projected to bring in more revenue than any day one box office blockbuster movie in the united states said xbox s peter moore. we ve even heard rumours of fan anticipation of the halo 2 flu on 9 november.,portable playstation ready to go sony s playstation portable (psp) will go on sale in japan on 12 december. the long-awaited handheld game playing gadget will cost about 19 800 yen (145 euros) when it hits the shelves. at launch 21 games will be available for the psp including need for speed ridge racer metal gear acid and vampire chronicle. sony has not yet announced when the psp will be available in europe and the us but analysts expect it to debut in those territories in early 2005. fifa 2005 is back at the top of the uk games charts a week after losing it to rival pro evolution soccer 4. konami s pro evo dropped only one place to two while the only new entry in the top 10 was another football title lma manager 2005 in at number seven. tony hawk s underground 2 held its own at three while star wars battlefront inched up to four places to four. there was good news for disney with the spin-off from the shark s tale film moving up the charts into number eight. fans of the gran turismo series in europe are going to have to wait until next year for the latest version. sony has said that the pal version of gt4 will not be ready for christmas. the product is localised into 13 different languages across the pal territories therefore the process takes considerably longer than it does in japan it said. gran turismo 4 for the playstation 2 is still expected to be released in japan and the usa this year. halo 2 has broken video game records with pre-orders of more than 1.5 million in the us alone. some 6 500 us stores plan to open just after midnight on tuesday 9 november for the game s release. halo 2 is projected to bring in more revenue than any day one box office blockbuster movie in the united states said xbox s peter moore. we ve even heard rumours of fan anticipation of the halo 2 flu on 9 november.
bbc_news:001647,bbc_news,tech,3,Sci/Tech,game makers get xbox 2 sneak peek microsoft has given game makers a glimpse of the,new xbox 2 console. some details of the xbox s performance and what gaming will be like with the device were given at the annual game developers conference in the us. xbox frontman j. allard said the console looked set to be capable of one trillion calculations per second. also all titles for the new xbox will have the same interface to make it easy to play online and buy extras for characters or other add-ons for games. microsoft is saving the official unveiling of the xbox 2 codenamed xenon for the e3 show in may and the device could be on shop shelves by november. however during his keynote speech at gdc mr allard who heads development of game-making tools for the console gave a glimpse into how some of its core software will work. he said gaming was entering a high-definition era that demanded detailed and convincing graphics that could adequately compete with the hdtv people were starting to watch as well as the hd dvds that will soon start to appear. industry watchers took this to mean that the xbox 2 will push for hdtv quality graphics as standard as well as multi-channel audio to give gamers an authentic experience. mr allard said microsoft had to work hard to ensure that it was easy for game makers to produce titles for the xbox 2 and for players to get playing. to this end microsoft was building in to xbox hardware systems to support headset chat buddy list controls and custom soundtracks so developers were free to concentrate on the games. the xbox would also support well-known industry specifications such as directx to make it simple for game studios to make titles for the console. for gamers this emphasis on ease of use would mean every xbox title uses the same interface to set up online play and get at music stored on the hardware. this interface will hold details of a player s statistics and skill level on a gamer card as well as give access to a store where people can spend small amounts of cash to buy extras for their avatars or add-ons such as new maps or vehicles for games they possess. this ability to personalise games and in-game characters would be key in the future said mr allard. only with such consistency would the xbox be able to support the 10-20 million subscribers that it was aiming for said mr allard. during his speech mr allard took several swipes at the playstation and said processors for consoles had to be made with developers not just engineers in mind. our approach is bruce lee not brute force he said.,game makers get xbox 2 sneak peek microsoft has given game makers a glimpse of the new xbox 2 console. some details of the xbox s performance and what gaming will be like with the device were given at the annual game developers conference in the us. xbox frontman j. allard said the console looked set to be capable of one trillion calculations per second. also all titles for the new xbox will have the same interface to make it easy to play online and buy extras for characters or other add-ons for games. microsoft is saving the official unveiling of the xbox 2 codenamed xenon for the e3 show in may and the device could be on shop shelves by november. however during his keynote speech at gdc mr allard who heads development of game-making tools for the console gave a glimpse into how some of its core software will work. he said gaming was entering a high-definition era that demanded detailed and convincing graphics that could adequately compete with the hdtv people were starting to watch as well as the hd dvds that will soon start to appear. industry watchers took this to mean that the xbox 2 will push for hdtv quality graphics as standard as well as multi-channel audio to give gamers an authentic experience. mr allard said microsoft had to work hard to ensure that it was easy for game makers to produce titles for the xbox 2 and for players to get playing. to this end microsoft was building in to xbox hardware systems to support headset chat buddy list controls and custom soundtracks so developers were free to concentrate on the games. the xbox would also support well-known industry specifications such as directx to make it simple for game studios to make titles for the console. for gamers this emphasis on ease of use would mean every xbox title uses the same interface to set up online play and get at music stored on the hardware. this interface will hold details of a player s statistics and skill level on a gamer card as well as give access to a store where people can spend small amounts of cash to buy extras for their avatars or add-ons such as new maps or vehicles for games they possess. this ability to personalise games and in-game characters would be key in the future said mr allard. only with such consistency would the xbox be able to support the 10-20 million subscribers that it was aiming for said mr allard. during his speech mr allard took several swipes at the playstation and said processors for consoles had to be made with developers not just engineers in mind. our approach is bruce lee not brute force he said.
bbc_news:000674,bbc_news,tech,3,Sci/Tech,the pirates with no profit motive two men who were part of a huge network of,internet software pirates known as drink or die have been convicted at the old bailey. bbc news investigates how the network worked and what motivated those involved. they called themselves drink or die (dod). they were a network of computer buffs who derived pleasure from cracking codes protecting copyrighted software such as windows 95. they would then share it with each other. there is no suggestion any of them profited financially. but the authorities in both britain and the united states considered it software piracy and took a dim view of networks such as dod one of a number of so-called warez organisations operating on the internet. in october 2000 the us customs service began an investigation into dod and other networks such as razor 1911 risciso myth and popz. fourteen months later us customs co-ordinated a series of raids across the globe as part of operation buccaneer. seventy search warrants were executed in the us britain australia norway sweden and finland. at least 60 people were arrested worldwide - 45 of them in the us. among the leaders of the network were americans john sankus - known by his internet nickname eriflleh (hellfire spelt backwards) - richard berry kent kartadinata and christopher tresco who used a server based at the prestigious massachusetts institute of technology (mit). the longest jail sentence - 46 months - was handed down to sankus a 28-year-old from philadelphia. us attorney paul mcnulty said at the time: john sankus and his techno-gang operated in the faceless world of the internet and thought they would never be caught. they were wrong. these sentences and those to follow should send a message to others entertaining similar beliefs of invincibility. but one man still in legal limbo is british-born australian hew raymond griffiths who is still fighting against extradition to the us. us customs claimed mr griffiths was one of dod s leaders but his lawyer antony townsden told the bbc news website it was a laughable suggestion and added: he was living on welfare and had such an old computer that he couldn t even download software. the allegation that he was the group s co-leader is illusory. he had the least technical skills of anyone he couldn t crack any codes and he has only been called a leader because he was a loudmouth who wrote a lot on their messageboard. mr townsden said if he had committed any crimes he should be prosecuted in australia not the us. he claimed the australian government s decision to accept the extradition request was typical of their current acquiescent attitude to the us. mr griffiths is expecting to hear this week the outcome of his appeal against the decision to extradite him. those involved would give themselves internet aliases which would act in the same way as tags used by graffiti artists. they could then brag about their code-cracking abilities without giving away their real identities. alex bell whose trial at the old bailey ended on friday was known as mr 2940 - after a computer device - while his co-defendant steven dowd s nickname curiously was tim. a spokesman for us immigration customs and enforcement dean boyd said dod did not appear to be motivated by money. their motivation was the kudos which surrounded being able to crack sophisticated software. he told the bbc news website: primarily they were just interested in how fast they could crack the code. it was all about underground notoriety. but mr boyd pointed out that once the software had been distributed on the internet it fell into the hands of organised criminals who were able to mass produce pirated software at zero cost. it cost us industries a lot of money billions of dollars he said. mr boyd said: it was truly global in scope. we raided a number of universities including duke (in north carolina) and mit and found that several of the people involved were employed by major computer corporations. they would go home from work in the evenings and get involved in this warez culture. warez groups which began to surface in the early 1990s operate according to a strict code of honour. for example if one group cracked the software first its rivals would respect that achievement and not seek to claim it themselves. mr boyd said the destruction of dod was a great coup but he added: i m not going to sit here and say we have sorted the problem. there are still hackers and people who do this for fun. internet piracy of computer software remains a gigantic problem. a spokesman for the business software alliance said: dod members claim they did not profit at all. but they did profit by getting access to very expensive servers. he said dod and other warez groups were fostering a culture of piracy on the internet. he said 29% of computer software in britain was believed to have been pirated and this cost £1bn in revenue for software companies their suppliers and distributors. it may seem like a victimless crime but it touches more people than you might care to believe.,the pirates with no profit motive two men who were part of a huge network of internet software pirates known as drink or die have been convicted at the old bailey. bbc news investigates how the network worked and what motivated those involved. they called themselves drink or die (dod). they were a network of computer buffs who derived pleasure from cracking codes protecting copyrighted software such as windows 95. they would then share it with each other. there is no suggestion any of them profited financially. but the authorities in both britain and the united states considered it software piracy and took a dim view of networks such as dod one of a number of so-called warez organisations operating on the internet. in october 2000 the us customs service began an investigation into dod and other networks such as razor 1911 risciso myth and popz. fourteen months later us customs co-ordinated a series of raids across the globe as part of operation buccaneer. seventy search warrants were executed in the us britain australia norway sweden and finland. at least 60 people were arrested worldwide - 45 of them in the us. among the leaders of the network were americans john sankus - known by his internet nickname eriflleh (hellfire spelt backwards) - richard berry kent kartadinata and christopher tresco who used a server based at the prestigious massachusetts institute of technology (mit). the longest jail sentence - 46 months - was handed down to sankus a 28-year-old from philadelphia. us attorney paul mcnulty said at the time: john sankus and his techno-gang operated in the faceless world of the internet and thought they would never be caught. they were wrong. these sentences and those to follow should send a message to others entertaining similar beliefs of invincibility. but one man still in legal limbo is british-born australian hew raymond griffiths who is still fighting against extradition to the us. us customs claimed mr griffiths was one of dod s leaders but his lawyer antony townsden told the bbc news website it was a laughable suggestion and added: he was living on welfare and had such an old computer that he couldn t even download software. the allegation that he was the group s co-leader is illusory. he had the least technical skills of anyone he couldn t crack any codes and he has only been called a leader because he was a loudmouth who wrote a lot on their messageboard. mr townsden said if he had committed any crimes he should be prosecuted in australia not the us. he claimed the australian government s decision to accept the extradition request was typical of their current acquiescent attitude to the us. mr griffiths is expecting to hear this week the outcome of his appeal against the decision to extradite him. those involved would give themselves internet aliases which would act in the same way as tags used by graffiti artists. they could then brag about their code-cracking abilities without giving away their real identities. alex bell whose trial at the old bailey ended on friday was known as mr 2940 - after a computer device - while his co-defendant steven dowd s nickname curiously was tim. a spokesman for us immigration customs and enforcement dean boyd said dod did not appear to be motivated by money. their motivation was the kudos which surrounded being able to crack sophisticated software. he told the bbc news website: primarily they were just interested in how fast they could crack the code. it was all about underground notoriety. but mr boyd pointed out that once the software had been distributed on the internet it fell into the hands of organised criminals who were able to mass produce pirated software at zero cost. it cost us industries a lot of money billions of dollars he said. mr boyd said: it was truly global in scope. we raided a number of universities including duke (in north carolina) and mit and found that several of the people involved were employed by major computer corporations. they would go home from work in the evenings and get involved in this warez culture. warez groups which began to surface in the early 1990s operate according to a strict code of honour. for example if one group cracked the software first its rivals would respect that achievement and not seek to claim it themselves. mr boyd said the destruction of dod was a great coup but he added: i m not going to sit here and say we have sorted the problem. there are still hackers and people who do this for fun. internet piracy of computer software remains a gigantic problem. a spokesman for the business software alliance said: dod members claim they did not profit at all. but they did profit by getting access to very expensive servers. he said dod and other warez groups were fostering a culture of piracy on the internet. he said 29% of computer software in britain was believed to have been pirated and this cost £1bn in revenue for software companies their suppliers and distributors. it may seem like a victimless crime but it touches more people than you might care to believe.
bbc_news:000815,bbc_news,tech,3,Sci/Tech,gangsters dominate gaming chart video games on consoles and computers proved more popular than ever in,2004. gamers spent more than £1.34bn in 2004 almost 7% more than they did in 2003 according to figures released by the uk gaming industry s trade body. sales records were smashed by the top title of the year gta: san andreas - in which players got the job of turning central character cj into a crime boss. the game sold more than 1 million copies in the first nine days that it was on sale. this feat made it the fastest selling video game of all time in the uk. although only released in november the sprawling story of guns gangsters game beat off strong competition and by year end had sold more than 1.75 million copies. there were also records set for the number of games that achieved double-platinum status by selling more than 600 000 copies. five titles including sony eyetoy play and ea s need for speed: underground 2 managed this feat according to figures compiled by chart-track for the entertainment and leisure software publishers association (elspa). electronic arts the world s biggest games publisher had 9 games in the top 20. 2004 was a stellar year said roger bennett director general of elspa. in a year with no new generation consoles being released the market continued to be buoyant as the industry matured and the increasingly diverse range of games reached new audiences and broadened its player base - across ages and gender he said. part of the success of games in 2004 could be due to the fact that so many of them are sequels. 16 out of the top 20 titles were all follow-ups to established franchises or direct sequels to previously popular games. halo the sims driver need for speed fifa football burnout were just a few that proved as popular as the original titles. despite this fondness for older games doom 3 did not make it to the top 20. movie tie-ins also proved their worth in 2004. games linked to shrek the incredibles spider-man harry potter and lord of the rings were all in the top 20. elspa noted that sales of xbox games rose 37.9% during the year. however sony s playstation 2 was the top seller with 47% of the £1.34bn spent on games in 2004 used to buy titles for that console. despite winning awards and rave reviews half-life 2 did not appear in the list. this was because it was only released on pc and compared to console titles sold in relatively small numbers. also the novel distribution system adopted by developer valve meant that many players downloaded the title rather than travel to the shops to buy a copy. valve has yet to release figures which show how many copies of the game were sold in this way.,gangsters dominate gaming chart video games on consoles and computers proved more popular than ever in 2004. gamers spent more than £1.34bn in 2004 almost 7% more than they did in 2003 according to figures released by the uk gaming industry s trade body. sales records were smashed by the top title of the year gta: san andreas - in which players got the job of turning central character cj into a crime boss. the game sold more than 1 million copies in the first nine days that it was on sale. this feat made it the fastest selling video game of all time in the uk. although only released in november the sprawling story of guns gangsters game beat off strong competition and by year end had sold more than 1.75 million copies. there were also records set for the number of games that achieved double-platinum status by selling more than 600 000 copies. five titles including sony eyetoy play and ea s need for speed: underground 2 managed this feat according to figures compiled by chart-track for the entertainment and leisure software publishers association (elspa). electronic arts the world s biggest games publisher had 9 games in the top 20. 2004 was a stellar year said roger bennett director general of elspa. in a year with no new generation consoles being released the market continued to be buoyant as the industry matured and the increasingly diverse range of games reached new audiences and broadened its player base - across ages and gender he said. part of the success of games in 2004 could be due to the fact that so many of them are sequels. 16 out of the top 20 titles were all follow-ups to established franchises or direct sequels to previously popular games. halo the sims driver need for speed fifa football burnout were just a few that proved as popular as the original titles. despite this fondness for older games doom 3 did not make it to the top 20. movie tie-ins also proved their worth in 2004. games linked to shrek the incredibles spider-man harry potter and lord of the rings were all in the top 20. elspa noted that sales of xbox games rose 37.9% during the year. however sony s playstation 2 was the top seller with 47% of the £1.34bn spent on games in 2004 used to buy titles for that console. despite winning awards and rave reviews half-life 2 did not appear in the list. this was because it was only released on pc and compared to console titles sold in relatively small numbers. also the novel distribution system adopted by developer valve meant that many players downloaded the title rather than travel to the shops to buy a copy. valve has yet to release figures which show how many copies of the game were sold in this way.
bbc_news:001096,bbc_news,tech,3,Sci/Tech,internet boom for gift shopping cyberspace is becoming a very popular destination for christmas shoppers. forecasts,predict that british people will spend £4bn buying gifts online during the festive season an increase of 64% on 2003. surveys also show that the average amount that people are spending is rising as is the range of goods that they are happy to buy online. savvy shoppers are also using the net to find the hot presents that are all but sold out in high street stores. almost half of the uk population now shop online according to figures collected by the interactive media in retail group which represents web retailers. about 85% of this group 18m people expect to do a lot of their christmas gift buying online this year reports the industry group. on average each shopper will spend £220 and britons lead europe in their affection for online shopping. almost a third of all the money spent online this christmas will come out of british wallets and purses compared to 29% from german shoppers and only 4% from italian gift buyers. james roper director of the imrg said shoppers were now much happier to buy so-called big ticket items such as lcd television sets and digital cameras. mr roper added that many retailers were working hard to reassure consumers that online shopping was safe and that goods ordered as presents would arrive in time for christmas. he advised consumers to give shops a little more time than usual to fulfil orders given that online buying is proving so popular. a survey by hostway suggests that many men prefer to shop online to avoid the embarrassment of buying some types of presents such as lingerie for wives and girlfriends. much of this online shopping is likely to be done during work time according to research carried out by security firm saint bernard software. the research reveals that up to two working days will be lost by staff who do their shopping via their work computer. worst offenders will be those in the 18-35 age bracket suggests the research who will spend up to five hours per week in december browsing and buying at online shops. iggy fanlo chief revenue officer at shopping.com said that the growing numbers of people using broadband was driving interest in online shopping. when you consider narrowband and broadband the conversion to sale is two times higher he said. higher speeds meant that everything happened much faster he said which let people spend time browsing and finding out about products before they buy. the behaviour of online shoppers was also changing he said. the single biggest reason people went online before this year was price he said. the number one reason now is convenience. very few consumers click on the lowest price he said. they are looking for good prices and merchant reliability. consumer comments and reviews were also proving popular with shoppers keen to find out who had the most reliable customer service. data collected by ebay suggests that some smart shoppers are getting round the shortages of hot presents by buying them direct through the auction site. according to ebay uk there are now more than 150 robosapiens remote control robots for sale via the site. the robosapiens toy is almost impossible to find in online and offline stores. similarly many shoppers are turning to ebay to help them get hold of the hard-to-find slimline playstation 2 which many retailers are only selling as part of an expensive bundle. the high demand for the playstation 2 has meant that prices for it are being driven up. in shops the ps2 is supposed to sell for £104.99. in some ebay uk auctions the price has risen to more than double this figure. many people are also using ebay to get hold of gadgets not even released in this country. the portable version of the playstation has only just gone on sale in japan yet some enterprising ebay users are selling the device to uk gadget fans.,internet boom for gift shopping cyberspace is becoming a very popular destination for christmas shoppers. forecasts predict that british people will spend £4bn buying gifts online during the festive season an increase of 64% on 2003. surveys also show that the average amount that people are spending is rising as is the range of goods that they are happy to buy online. savvy shoppers are also using the net to find the hot presents that are all but sold out in high street stores. almost half of the uk population now shop online according to figures collected by the interactive media in retail group which represents web retailers. about 85% of this group 18m people expect to do a lot of their christmas gift buying online this year reports the industry group. on average each shopper will spend £220 and britons lead europe in their affection for online shopping. almost a third of all the money spent online this christmas will come out of british wallets and purses compared to 29% from german shoppers and only 4% from italian gift buyers. james roper director of the imrg said shoppers were now much happier to buy so-called big ticket items such as lcd television sets and digital cameras. mr roper added that many retailers were working hard to reassure consumers that online shopping was safe and that goods ordered as presents would arrive in time for christmas. he advised consumers to give shops a little more time than usual to fulfil orders given that online buying is proving so popular. a survey by hostway suggests that many men prefer to shop online to avoid the embarrassment of buying some types of presents such as lingerie for wives and girlfriends. much of this online shopping is likely to be done during work time according to research carried out by security firm saint bernard software. the research reveals that up to two working days will be lost by staff who do their shopping via their work computer. worst offenders will be those in the 18-35 age bracket suggests the research who will spend up to five hours per week in december browsing and buying at online shops. iggy fanlo chief revenue officer at shopping.com said that the growing numbers of people using broadband was driving interest in online shopping. when you consider narrowband and broadband the conversion to sale is two times higher he said. higher speeds meant that everything happened much faster he said which let people spend time browsing and finding out about products before they buy. the behaviour of online shoppers was also changing he said. the single biggest reason people went online before this year was price he said. the number one reason now is convenience. very few consumers click on the lowest price he said. they are looking for good prices and merchant reliability. consumer comments and reviews were also proving popular with shoppers keen to find out who had the most reliable customer service. data collected by ebay suggests that some smart shoppers are getting round the shortages of hot presents by buying them direct through the auction site. according to ebay uk there are now more than 150 robosapiens remote control robots for sale via the site. the robosapiens toy is almost impossible to find in online and offline stores. similarly many shoppers are turning to ebay to help them get hold of the hard-to-find slimline playstation 2 which many retailers are only selling as part of an expensive bundle. the high demand for the playstation 2 has meant that prices for it are being driven up. in shops the ps2 is supposed to sell for £104.99. in some ebay uk auctions the price has risen to more than double this figure. many people are also using ebay to get hold of gadgets not even released in this country. the portable version of the playstation has only just gone on sale in japan yet some enterprising ebay users are selling the device to uk gadget fans.
bbc_news:000573,bbc_news,tech,3,Sci/Tech,how to smash a home computer an executive who froze his broken hard disk thinking it,would be fixed has topped a list of the weirdest computer mishaps. although computer malfunctions remain the most common cause of file loss data recovery experts say human behaviour still is to blame in many cases. they say that no matter how effective technology is at rescuing files users should take more time to back-up and protect important files. the list of the top 10 global data disasters was compiled by recovery company ontrack. careless - and preventable - mistakes that result in data loss range from reckless file maintenance practices to episodes of pure rage towards a computer. this last category includes the case of a man who became so mad with his malfunctioning laptop that he threw it in the lavatory and flushed a couple of times. data can disappear as a result of natural disaster system fault or computer virus but human error including computer rage seems to be a growing problem said adrian palmer managing director of ontrack data recovery. nevertheless victims soon calm down when they realise the damage they ve done and come to us with pleas for help to retrieve their valuable information. a far more common situation is when a computer virus strikes and leads to precious files being corrupted or deleted entirely. mr palmer recalled the case of a couple who had hundreds of pictures of their baby s first three months on their computer but managed to reformat the hard drive and erase all the precious memories. data can be recovered from computers servers and even memory cards used in digital devices in most cases said mr palmer. however individuals and companies can avoid the hassle and stress this can cause by backing up data on a regular basis.,how to smash a home computer an executive who froze his broken hard disk thinking it would be fixed has topped a list of the weirdest computer mishaps. although computer malfunctions remain the most common cause of file loss data recovery experts say human behaviour still is to blame in many cases. they say that no matter how effective technology is at rescuing files users should take more time to back-up and protect important files. the list of the top 10 global data disasters was compiled by recovery company ontrack. careless - and preventable - mistakes that result in data loss range from reckless file maintenance practices to episodes of pure rage towards a computer. this last category includes the case of a man who became so mad with his malfunctioning laptop that he threw it in the lavatory and flushed a couple of times. data can disappear as a result of natural disaster system fault or computer virus but human error including computer rage seems to be a growing problem said adrian palmer managing director of ontrack data recovery. nevertheless victims soon calm down when they realise the damage they ve done and come to us with pleas for help to retrieve their valuable information. a far more common situation is when a computer virus strikes and leads to precious files being corrupted or deleted entirely. mr palmer recalled the case of a couple who had hundreds of pictures of their baby s first three months on their computer but managed to reformat the hard drive and erase all the precious memories. data can be recovered from computers servers and even memory cards used in digital devices in most cases said mr palmer. however individuals and companies can avoid the hassle and stress this can cause by backing up data on a regular basis.
bbc_news:000259,bbc_news,tech,3,Sci/Tech,podcasters look to net money nasa is doing it 14-year-old boys in bedrooms are doing it,couples are doing it gadget lovers - male and female - are definitely doing it. it is podcasting - diy radio in the form of downloadable mp3 audio files. they can done by anyone who has a microphone simple software the net and something to say. some liken them to talking audioblogs because many complement text-based weblogs - diary-like sites where people share their thoughts. they are essentially amateur radio shows on the net on demand and the movement is at very early stages. it s about real people saying real things and communicating says adam curry former mtv vj and the pied piper of podcasting. he was one of a community of people who created ipodder a small computer program known as an aggregator . it collects and automatically sends mp3 files to any digital music-playing device that can play wmp formats. those with digital music players can select which podcasts they like and subscribe - for free - to that show s feed . when a new podcast is available it is automatically sent to the device when connected to a computer. it is totally going to kill the business model of radio thinks curry. i just did a tour of madison avenue where all the big brands and advertising agencies of the world are he says. and they are scared to death of the next generation - like my daughter who is 14 - who don t listen to radio. they are on msn they ve got their ipod their mp3 player they ve got their xbox - they are not listening to radio. so how are they going to reach these audiences it is the distribution that is changing and the barriers are being brought down so everyone can be part of it. it is a fledgling movement but it is gaining momentum now that people have started thinking about how to make a business from it. ian fogg jupiter research analyst thinks there could be potential for business but it could take an interesting turn if big companies like apple and microsoft get involved. it is a nascent area but quite exciting. it is yet another area that demonstrates the move to a digital lifestyle and digital home is not over he says. podcasting is one of those interesting areas that bridges what you do at home and what you do out and about - a classic hybrid. it is another aspect of the time-shifting of content - the latest industry buzzword for being able to listen to what you want when and wherever you want. audiences are in the 10s 100s and 1 000s rather than millions. more than 4 300 podcasts are currently listed. curry s daily source code - which he committed to doing daily to inspire the community - has 10s of thousands of listeners. but dave winer is doubtful. he designed the format called rss (really simple syndication) which gives web users an easy way to keep updated automatically on sites they like. podcasts rely on his technology because it is the way they are distributed. he is also writer of the longest-running weblog on the net scripting news. he thinks its power lies in its democratising potential not in its over-hyped business promise. we re the sources the people doing stuff and podcasting is a way to tell people who care what we re doing. no matter how you look at it commercialising this medium isn t going to make very much money he says. podcasting is going to be a medium of niches with audiences measured in the single digits like e-mail or blogs. maybe in a few years maybe six or seven digits. but it will have to sustain interest beyond the hype balloon. curry and associate ron bloom s new venture called podshow is to help ordinary people produce post distribute and market their podcasts. because of the way podcasts work based on rss the latest podcasts which people can select mean that they are ready-made targets. when you look at podcasting - wow this is a pretty interesting audience. the audience is pre-selected. they have decided to subscribe to your program explains curry. advertising in his eyes can be tailored to podcasts to make it more imaginative and unobtrusive. how i believe this will work is to create a network that in aggregation will have enough numbers to support a return on investment for the advertisers and for the podcasters. i have 50 60 70 000 listeners. i could make a couple of bucks off that but not much. if you are talking a million podcasters and then you can kind of divide that amongst ourselves then that is kind of interesting. essentially he says if you are doing a bass fishing podcast someone who is selling bait and tackle will probably want to advertise on your show. he is clear the ads will not be the traditional in-your-face type familiar to commercial radio now. we are really going to see these microcosms and commerce will be all over the place. it is happening already. coffee-loving curry has sold $4 000 worth of coffee machines through a referral link to amazon from his site. others use in-show promotions like the dawn and drew show. one eric rice has won sponsorship from warner bros. he can now legally play the music of a band warner bros wants to push. some commentators on the net say it has a similar feel to the dotcom days. others say it is just another element of setting media free from big companies and letting people be creative. one thing is for sure; they are not about to disappear in a hurry. the creative forces behind radio are elated says curry. for now he tunes out the negative comments within the podcasting community. i should be knighted for this he adds with a wry chuckle people are going to be so happy to sit at home make their podcast and make a little money.,podcasters look to net money nasa is doing it 14-year-old boys in bedrooms are doing it couples are doing it gadget lovers - male and female - are definitely doing it. it is podcasting - diy radio in the form of downloadable mp3 audio files. they can done by anyone who has a microphone simple software the net and something to say. some liken them to talking audioblogs because many complement text-based weblogs - diary-like sites where people share their thoughts. they are essentially amateur radio shows on the net on demand and the movement is at very early stages. it s about real people saying real things and communicating says adam curry former mtv vj and the pied piper of podcasting. he was one of a community of people who created ipodder a small computer program known as an aggregator . it collects and automatically sends mp3 files to any digital music-playing device that can play wmp formats. those with digital music players can select which podcasts they like and subscribe - for free - to that show s feed . when a new podcast is available it is automatically sent to the device when connected to a computer. it is totally going to kill the business model of radio thinks curry. i just did a tour of madison avenue where all the big brands and advertising agencies of the world are he says. and they are scared to death of the next generation - like my daughter who is 14 - who don t listen to radio. they are on msn they ve got their ipod their mp3 player they ve got their xbox - they are not listening to radio. so how are they going to reach these audiences it is the distribution that is changing and the barriers are being brought down so everyone can be part of it. it is a fledgling movement but it is gaining momentum now that people have started thinking about how to make a business from it. ian fogg jupiter research analyst thinks there could be potential for business but it could take an interesting turn if big companies like apple and microsoft get involved. it is a nascent area but quite exciting. it is yet another area that demonstrates the move to a digital lifestyle and digital home is not over he says. podcasting is one of those interesting areas that bridges what you do at home and what you do out and about - a classic hybrid. it is another aspect of the time-shifting of content - the latest industry buzzword for being able to listen to what you want when and wherever you want. audiences are in the 10s 100s and 1 000s rather than millions. more than 4 300 podcasts are currently listed. curry s daily source code - which he committed to doing daily to inspire the community - has 10s of thousands of listeners. but dave winer is doubtful. he designed the format called rss (really simple syndication) which gives web users an easy way to keep updated automatically on sites they like. podcasts rely on his technology because it is the way they are distributed. he is also writer of the longest-running weblog on the net scripting news. he thinks its power lies in its democratising potential not in its over-hyped business promise. we re the sources the people doing stuff and podcasting is a way to tell people who care what we re doing. no matter how you look at it commercialising this medium isn t going to make very much money he says. podcasting is going to be a medium of niches with audiences measured in the single digits like e-mail or blogs. maybe in a few years maybe six or seven digits. but it will have to sustain interest beyond the hype balloon. curry and associate ron bloom s new venture called podshow is to help ordinary people produce post distribute and market their podcasts. because of the way podcasts work based on rss the latest podcasts which people can select mean that they are ready-made targets. when you look at podcasting - wow this is a pretty interesting audience. the audience is pre-selected. they have decided to subscribe to your program explains curry. advertising in his eyes can be tailored to podcasts to make it more imaginative and unobtrusive. how i believe this will work is to create a network that in aggregation will have enough numbers to support a return on investment for the advertisers and for the podcasters. i have 50 60 70 000 listeners. i could make a couple of bucks off that but not much. if you are talking a million podcasters and then you can kind of divide that amongst ourselves then that is kind of interesting. essentially he says if you are doing a bass fishing podcast someone who is selling bait and tackle will probably want to advertise on your show. he is clear the ads will not be the traditional in-your-face type familiar to commercial radio now. we are really going to see these microcosms and commerce will be all over the place. it is happening already. coffee-loving curry has sold $4 000 worth of coffee machines through a referral link to amazon from his site. others use in-show promotions like the dawn and drew show. one eric rice has won sponsorship from warner bros. he can now legally play the music of a band warner bros wants to push. some commentators on the net say it has a similar feel to the dotcom days. others say it is just another element of setting media free from big companies and letting people be creative. one thing is for sure; they are not about to disappear in a hurry. the creative forces behind radio are elated says curry. for now he tunes out the negative comments within the podcasting community. i should be knighted for this he adds with a wry chuckle people are going to be so happy to sit at home make their podcast and make a little money.
bbc_news:001605,bbc_news,tech,3,Sci/Tech,sony psp console hits us in march us gamers will be able to buy sony s,playstation portable from 24 march but there is no news of a europe debut. the handheld console will go on sale for $250 (£132) and the first million sold will come with spider-man 2 on umd the disc format for the machine. sony has billed the machine as the walkman of the 21st century and has sold more than 800 000 units in japan. the console (12cm by 7.4cm) will play games movies and music and also offers support for wireless gaming. sony is entering a market which has been dominated by nintendo for many years. it launched its ds handheld in japan and the us last year and has sold 2.8 million units. sony has said it wanted to launch the psp in europe at roughly the same time as the us but gamers will now fear that the launch has been put back. nintendo has said it will release the ds in europe from 11 march. it has gaming at its core but it s not a gaming device. it s an entertainment device said kaz hirai president of sony computer entertainment america.,sony psp console hits us in march us gamers will be able to buy sony s playstation portable from 24 march but there is no news of a europe debut. the handheld console will go on sale for $250 (£132) and the first million sold will come with spider-man 2 on umd the disc format for the machine. sony has billed the machine as the walkman of the 21st century and has sold more than 800 000 units in japan. the console (12cm by 7.4cm) will play games movies and music and also offers support for wireless gaming. sony is entering a market which has been dominated by nintendo for many years. it launched its ds handheld in japan and the us last year and has sold 2.8 million units. sony has said it wanted to launch the psp in europe at roughly the same time as the us but gamers will now fear that the launch has been put back. nintendo has said it will release the ds in europe from 11 march. it has gaming at its core but it s not a gaming device. it s an entertainment device said kaz hirai president of sony computer entertainment america.
bbc_news:001549,bbc_news,tech,3,Sci/Tech,how to make a greener computer the hi-tech industry is starting to get more environmentally aware.,bill thompson thinks it s about time. my first car ran on four star petrol and pumped vast quantities of lead into the atmosphere as i drove around cambridge. now you can t buy petrol with lead additives and we re all better off as a result. chip giant intel recently began shipping computer circuit boards that are lead free too reflecting a growing awareness on the part of the technology industry that products have to be designed and built in more environmentally friendly ways. apart from reducing the use of toxic materials like arsenic mercury cadmium and other heavy metals in the products themselves the manufacturing process is also being cleaned up with fewer complex and potentially damaging organic chemicals used as solvents. and work is going into making power supplies that are more energy efficient since current transformers are astonishingly wasteful as they charge our laptops mobiles and music players. one of the key aspects of the new approach is to design products that are easier to recycle. if you have got a phone or a computer with toxic chemicals or heavy metals in it then extracting them can be tricky and expensive. a well-designed electronic component is able to be recycled at low cost. this is going to be very important to hardware manufacturers in europe since from august the new waste electronic and electrical equipment directive will oblige them to accept returned products for recycling. they will end up paying if they build things that are expensive or impossible to take apart and will find their profits hit something which is likely to motivate them where appeals to the wider public interest might fall on deaf ears. it is as they say about time. we have a long and depressing history of developing new technologies with complete disregard for their potential impact on the environment and waiting until there is a crisis looming before we try to redesign them to cause less damage. the car engine is a case in point: lead additives helped stop petrol vapour exploding too early in the cylinder a phenomenon called knocking so they were simply used without any real thought for the fact that the lead would end up in the atmosphere. redesigning engines and making petrol slightly different was a lot more work so it took decades before it was done. we re seeing the same thing in the technology industry and as a result there are billions of devices from old mobile phones to antique handhelds that will have to be recycled in years to come. if apple gets its way then a lot of people are going to be buying a new mac mini and throwing away their old pc keeping the monitor and other peripherals. even if apple does not get its way four or five-year-old computers are not good enough to run modern programs and it s not unreasonable to replace them. but what do we do with the old ones i ve just looked around my office and i find two monitors an old 386 pc two old handhelds three ancient laptops four antique mobile phones a collection of rechargeable batteries and even a sun workstation that is no longer really much use. they are all old enough to be hazardous waste - the monitors alone will be full of arsenic and lead - but it s possible that some of the components could be useful. i could take them up the to the council recycling centre but it s a 10-mile drive away across town and like many other people my commitment to recycling is shallow at best. here in cambridge we have green bins for compostable waste a box for glass cans and paper that can be recycled and a black bin for the rest. there are bottle banks and clothing banks scattered around town and in supermarket car parks. would it be too much to ask for an electronics recycling box too i d probably remember to take my old mobile with me to the supermarket and drop it in a box - at least eventually. bill thompson is a regular commentator on the bbc world service programme go digital.,how to make a greener computer the hi-tech industry is starting to get more environmentally aware. bill thompson thinks it s about time. my first car ran on four star petrol and pumped vast quantities of lead into the atmosphere as i drove around cambridge. now you can t buy petrol with lead additives and we re all better off as a result. chip giant intel recently began shipping computer circuit boards that are lead free too reflecting a growing awareness on the part of the technology industry that products have to be designed and built in more environmentally friendly ways. apart from reducing the use of toxic materials like arsenic mercury cadmium and other heavy metals in the products themselves the manufacturing process is also being cleaned up with fewer complex and potentially damaging organic chemicals used as solvents. and work is going into making power supplies that are more energy efficient since current transformers are astonishingly wasteful as they charge our laptops mobiles and music players. one of the key aspects of the new approach is to design products that are easier to recycle. if you have got a phone or a computer with toxic chemicals or heavy metals in it then extracting them can be tricky and expensive. a well-designed electronic component is able to be recycled at low cost. this is going to be very important to hardware manufacturers in europe since from august the new waste electronic and electrical equipment directive will oblige them to accept returned products for recycling. they will end up paying if they build things that are expensive or impossible to take apart and will find their profits hit something which is likely to motivate them where appeals to the wider public interest might fall on deaf ears. it is as they say about time. we have a long and depressing history of developing new technologies with complete disregard for their potential impact on the environment and waiting until there is a crisis looming before we try to redesign them to cause less damage. the car engine is a case in point: lead additives helped stop petrol vapour exploding too early in the cylinder a phenomenon called knocking so they were simply used without any real thought for the fact that the lead would end up in the atmosphere. redesigning engines and making petrol slightly different was a lot more work so it took decades before it was done. we re seeing the same thing in the technology industry and as a result there are billions of devices from old mobile phones to antique handhelds that will have to be recycled in years to come. if apple gets its way then a lot of people are going to be buying a new mac mini and throwing away their old pc keeping the monitor and other peripherals. even if apple does not get its way four or five-year-old computers are not good enough to run modern programs and it s not unreasonable to replace them. but what do we do with the old ones i ve just looked around my office and i find two monitors an old 386 pc two old handhelds three ancient laptops four antique mobile phones a collection of rechargeable batteries and even a sun workstation that is no longer really much use. they are all old enough to be hazardous waste - the monitors alone will be full of arsenic and lead - but it s possible that some of the components could be useful. i could take them up the to the council recycling centre but it s a 10-mile drive away across town and like many other people my commitment to recycling is shallow at best. here in cambridge we have green bins for compostable waste a box for glass cans and paper that can be recycled and a black bin for the rest. there are bottle banks and clothing banks scattered around town and in supermarket car parks. would it be too much to ask for an electronics recycling box too i d probably remember to take my old mobile with me to the supermarket and drop it in a box - at least eventually. bill thompson is a regular commentator on the bbc world service programme go digital.
bbc_news:000351,bbc_news,tech,3,Sci/Tech,new consoles promise big problems making games for future consoles will require more graphic artists and,more money an industry conference has been told. sony microsoft and nintendo will debut their new consoles at the annual e3 games expo in los angeles in may. these so-called next generation machines will be faster than current consoles and capable of displaying much higher-quality visuals. for gamers this should make for better more immersive games. in a pre-recorded video slot during microsoft s keynote address at the game developers conference held last week in san francisco famed director james cameron revealed he is making a game in tandem with his next film - believed to be battle angel alita. the game s visual quality would be like a lucid dream said mr cameron. but numerous speakers warned that creating such graphics will require more artists and so next generation console games will be much more expensive to develop. the first new console microsoft s xbox 2 is not expected to reach the shops until the end of 2005. games typically take at least 18 months to create however so developers are grappling with the hardware today. according to robert walsh head of brisbane-based game developer krome studios next generation games will cost between $10-25m to make with teams averaging 80 staff in size taking two years to complete a title. such sums mean it will be difficult for anyone to start a new game studio said mr walsh. if you re a start-up i doubt that a publisher is going to walk in and give you a cheque for $10m however good you are he said. mr walsh suggested that new studios should make games for mobile phones and handheld consoles like the sony psp and the nintendo ds since they are cheaper and easier to create than console games. one developer bucking the trend towards big art teams is will wright the creator of the best-selling the sims games. the founder of california s maxis studio surprised the conference with a world exclusive preview of his next game spore. spore will allow players to experiment with the evolution of digital creatures. starting with an amoeba-sized organism the player will guide the physical development of their creature by selecting how its limbs jaws and other body parts evolve. eventually the creature will become capable of establishing cities trading and fighting and even building space ships. advanced players will visit the home planets of creatures created by other spore players. these worlds will be automatically swapped across the internet. mr wright said that enabling players to devise and share their creatures would make them care more about the game. i don t want to put the player in the role of luke skywalker or frodo baggins - i want them to be george lucas or dr seuss explained mr wright. few games have hinted at the scope of spore but mr wright explained that he has nevertheless kept his development team small by hiring expert programmers. instead of employing lots of artists to create 3d models of the digital creatures spore generates and displays the creatures according to rules devised by the programmers. the thing i am coming away with [from the conference] is that next generation content is going to be really expensive and creating it will drive the smaller players out of the market said mr wright. i d like to offer an alternative to that. new development tools will be another important aid in making next generation games and dozens of companies demonstrated their latest products at the conference. oxford-based natural motion launched endorphin v2.0 which enables artists to direct a 3d virtual actor . the actor is realistically modelled according to the laws of physics. endorphin simulates how the actor falls down stairs for instance or crumples up after a gunshot. artists can blend together these visual sequences and include the results in their games. the process is much quicker than having an artist animate each movement by hand and so lessens the need for larger art teams. another british company aiming to reduce the workload of artists is manchester start-up genemation. its latest tool gencrowd enables artists to create unique photo-realistic human faces for games involving lots of people. gencrowd works by blending together elements of an in-built supply of stock faces of differing ages and ethnicities. the software can create up to 2 000 new heads an hour. one area not yet dominated by graphical blockbusters is mobile phone games. even the latest phones are not as powerful as the consoles of a decade ago so smaller teams of half a dozen people can still create complete games for the devices. the game developers conference included a special two-day summit dedicated to creating mobile games. a niche attraction for a few dozen conference attendees when it began five years ago gdc s mobile summit this year drew several hundred delegates. mobile games are a fast-growing sector because newer phones have better graphics and sound and are thus more suitable for playing games. furthermore the adoption of mobile phones continues to spread across the world. it s predicted that by 2006 two billion people will own a mobile phone. the growing importance of mobile gaming was reflected by a keynote given by john batter general manager at ea mobile. ea mobile is a division of electronic arts the biggest games publisher. until recently electronic arts had been dismissive of games for phones. the last time you checked ea wasn t in this business mr batter admitted. but he said ea now planned on dominating the market by releasing mobile versions of its most popular franchises. ea plans to release up to 20 mobile games over the next 12 months. the first will be a version of its need for speed racing game created by ea mobile s 30-person development team. mr batter predicted that by 2006 mobile phones would be capable of running games of comparable quality to those on sony s upcoming psp handheld console. owain bennallack is the editor of develop magazine.,new consoles promise big problems making games for future consoles will require more graphic artists and more money an industry conference has been told. sony microsoft and nintendo will debut their new consoles at the annual e3 games expo in los angeles in may. these so-called next generation machines will be faster than current consoles and capable of displaying much higher-quality visuals. for gamers this should make for better more immersive games. in a pre-recorded video slot during microsoft s keynote address at the game developers conference held last week in san francisco famed director james cameron revealed he is making a game in tandem with his next film - believed to be battle angel alita. the game s visual quality would be like a lucid dream said mr cameron. but numerous speakers warned that creating such graphics will require more artists and so next generation console games will be much more expensive to develop. the first new console microsoft s xbox 2 is not expected to reach the shops until the end of 2005. games typically take at least 18 months to create however so developers are grappling with the hardware today. according to robert walsh head of brisbane-based game developer krome studios next generation games will cost between $10-25m to make with teams averaging 80 staff in size taking two years to complete a title. such sums mean it will be difficult for anyone to start a new game studio said mr walsh. if you re a start-up i doubt that a publisher is going to walk in and give you a cheque for $10m however good you are he said. mr walsh suggested that new studios should make games for mobile phones and handheld consoles like the sony psp and the nintendo ds since they are cheaper and easier to create than console games. one developer bucking the trend towards big art teams is will wright the creator of the best-selling the sims games. the founder of california s maxis studio surprised the conference with a world exclusive preview of his next game spore. spore will allow players to experiment with the evolution of digital creatures. starting with an amoeba-sized organism the player will guide the physical development of their creature by selecting how its limbs jaws and other body parts evolve. eventually the creature will become capable of establishing cities trading and fighting and even building space ships. advanced players will visit the home planets of creatures created by other spore players. these worlds will be automatically swapped across the internet. mr wright said that enabling players to devise and share their creatures would make them care more about the game. i don t want to put the player in the role of luke skywalker or frodo baggins - i want them to be george lucas or dr seuss explained mr wright. few games have hinted at the scope of spore but mr wright explained that he has nevertheless kept his development team small by hiring expert programmers. instead of employing lots of artists to create 3d models of the digital creatures spore generates and displays the creatures according to rules devised by the programmers. the thing i am coming away with [from the conference] is that next generation content is going to be really expensive and creating it will drive the smaller players out of the market said mr wright. i d like to offer an alternative to that. new development tools will be another important aid in making next generation games and dozens of companies demonstrated their latest products at the conference. oxford-based natural motion launched endorphin v2.0 which enables artists to direct a 3d virtual actor . the actor is realistically modelled according to the laws of physics. endorphin simulates how the actor falls down stairs for instance or crumples up after a gunshot. artists can blend together these visual sequences and include the results in their games. the process is much quicker than having an artist animate each movement by hand and so lessens the need for larger art teams. another british company aiming to reduce the workload of artists is manchester start-up genemation. its latest tool gencrowd enables artists to create unique photo-realistic human faces for games involving lots of people. gencrowd works by blending together elements of an in-built supply of stock faces of differing ages and ethnicities. the software can create up to 2 000 new heads an hour. one area not yet dominated by graphical blockbusters is mobile phone games. even the latest phones are not as powerful as the consoles of a decade ago so smaller teams of half a dozen people can still create complete games for the devices. the game developers conference included a special two-day summit dedicated to creating mobile games. a niche attraction for a few dozen conference attendees when it began five years ago gdc s mobile summit this year drew several hundred delegates. mobile games are a fast-growing sector because newer phones have better graphics and sound and are thus more suitable for playing games. furthermore the adoption of mobile phones continues to spread across the world. it s predicted that by 2006 two billion people will own a mobile phone. the growing importance of mobile gaming was reflected by a keynote given by john batter general manager at ea mobile. ea mobile is a division of electronic arts the biggest games publisher. until recently electronic arts had been dismissive of games for phones. the last time you checked ea wasn t in this business mr batter admitted. but he said ea now planned on dominating the market by releasing mobile versions of its most popular franchises. ea plans to release up to 20 mobile games over the next 12 months. the first will be a version of its need for speed racing game created by ea mobile s 30-person development team. mr batter predicted that by 2006 mobile phones would be capable of running games of comparable quality to those on sony s upcoming psp handheld console. owain bennallack is the editor of develop magazine.
bbc_news:001726,bbc_news,tech,3,Sci/Tech,computer grid to help the world your computer can now help solve the world s most,difficult health and social problems. launched this week the world community grid will use idle computer time to test solutions to these problems. the donated processor cycles will help the wcg create virtual supercomputers via the net. the idea follows the success of other similar projects that have used the untapped processing power of millions of desktop pcs. one of the most successful collaboration projects was seti@home run by the search for extra terrestrial life project which sorted through radio signals looking for signs of alien communication. anyone can volunteer to donate the spare time of their computers by downloading a special screensaver from the wgc website. once installed the virtual terminal gets a chunk of the computational task to process and reports back after completing that task. the first wcg problem being tackled will be the human proteome folding project which hopes to identify the ways that the proteins in our body fold. the subjects of study are being selected by an international advisory board of experts specializing in health sciences and technology. the body will evaluate proposals from leading research public and not-for-profit organizations and is expected to oversee up to six projects a year. organisations also represented on the board include the united nations development programme and the world health organisation. the world community grid will enable researchers around the globe to gather and analyze unprecedented quantities of data to help address important global issues said elain gallin program director for medical research at the doris duke charitable foundation. [it] will inspire us to look beyond the technological limitations that have historically restricted us from addressing some of our most intractable problems she added. ibm has donated the hardware software technical services and expertise to build the basic infrastructure for the grid. the computer company working with united devices previously developed the smallpox research grid which linked together more than two million volunteers from 226 countries to speed the analysis of some 35 million drug molecules in the search for a treatment for smallpox.,computer grid to help the world your computer can now help solve the world s most difficult health and social problems. launched this week the world community grid will use idle computer time to test solutions to these problems. the donated processor cycles will help the wcg create virtual supercomputers via the net. the idea follows the success of other similar projects that have used the untapped processing power of millions of desktop pcs. one of the most successful collaboration projects was seti@home run by the search for extra terrestrial life project which sorted through radio signals looking for signs of alien communication. anyone can volunteer to donate the spare time of their computers by downloading a special screensaver from the wgc website. once installed the virtual terminal gets a chunk of the computational task to process and reports back after completing that task. the first wcg problem being tackled will be the human proteome folding project which hopes to identify the ways that the proteins in our body fold. the subjects of study are being selected by an international advisory board of experts specializing in health sciences and technology. the body will evaluate proposals from leading research public and not-for-profit organizations and is expected to oversee up to six projects a year. organisations also represented on the board include the united nations development programme and the world health organisation. the world community grid will enable researchers around the globe to gather and analyze unprecedented quantities of data to help address important global issues said elain gallin program director for medical research at the doris duke charitable foundation. [it] will inspire us to look beyond the technological limitations that have historically restricted us from addressing some of our most intractable problems she added. ibm has donated the hardware software technical services and expertise to build the basic infrastructure for the grid. the computer company working with united devices previously developed the smallpox research grid which linked together more than two million volunteers from 226 countries to speed the analysis of some 35 million drug molecules in the search for a treatment for smallpox.
bbc_news:000844,bbc_news,tech,3,Sci/Tech,why cell will get the hard sell the world is casting its gaze on the cell,processor for the first time but what is so important about it and why is it so different the backers of the processor are big names in the computer industry. ibm is one of the largest and most respected chip-makers in the world providing cutting edge technology to large businesses. sony will be using the chip inside its playstation 3 console and its dominance of the games market means that it now has a lot of power to dictate the future of computer and gaming platforms. the technology inside the cell is being heralded as revolutionary from a technical standpoint. traditional computers - whether they are household pcs or playstation 2s - use a single processor to carry out the calculations that run the computer. the cell technology on the other hand uses multiple cell processors linked together to run lots of calculations simultaneously. this gives it processing power an order of magnitude above its competitors. whilst its rivals are working on similar technology it is sony s which is the most advanced. the speed of computer memory has been slowly increasing over the last few years but the memory technology that accompanies the cell is a huge leap in performance. using a technology called xdr created by american firm rambus memory can run up to eight times faster than the current standard being promoted by intel. perhaps more important than any of the technology is the cell s role in the imminent war on living rooms . the big trend predicted for this year is the convergence of computers with home entertainment devices such as dvd players and hi-fis. companies like microsoft and sony believe that there is a lot of money to be made by putting a computer underneath the tv of every household and then offering services such as music and video downloads as well as giving an individual access to all the media they already own in one place. microsoft has already made its first tactical move into this area with its windows media center software which has been adopted by many pc makers. sony had a stab at something similar with the psx - a variation on the playstation - last year in japan although this attempt was generally seen as a failure. both companies believe that increasing the capabilities of games consoles to make them as powerful as pcs will make the technology accessible enough to persuade buyers to give them pride of place on the video rack. sony and ibm want to make sure that the dominance of the pc market enjoyed by microsoft and intel is not allowed to extend to this market. by creating a radically new architecture and using that architecture in a games console that is sure to be a huge seller they hope that the cell processor can become the dominant technology in the living room shutting out their rivals. once they have established themselves under the tv there is no doubt that they hope to use this as a base camp to extend their might into our traditional pcs and instigate a regime change on the desktop. cell is in fact specifically designed to be deployed throughout the house. the links between the multiple processors can also be extended to reach cell processors in entirely different systems. sony hopes to put cells in televisions kitchen appliances and anywhere that could use any sort of computer chip. each cell will be linked to the others creating a vast home network of computing power. resources of the cells across the house can be pooled to provide more power and the links can also be used to enable devices to talk to each other so that you can programme your microwave from your tv for example. this digital home of the future depends on the widespread adoption of the cell processor and there are as with all things a number of reasons it could fail. because the processor is so different it requires programmers to learn a different way of writing software and it may be that the changeover is simply too difficult for them to master. you can also guarantee that microsoft and intel are not going to sit around and let cell take over home computing without a fight. microsoft is going to be pushing its xbox 2 as hard as possible to make sure that its technology not sony s will be under your tree next christmas. intel will be furiously working on new designs that address the problems of its current chips to create a rival technology to cell so that it doesn t lose its desktop pc dominance. if cell succeeds in becoming the living room technology of choice however it could provide the jump-start to the fully digital home of the future. the revolution might not be televised but it could well be played with a videogame controller.,why cell will get the hard sell the world is casting its gaze on the cell processor for the first time but what is so important about it and why is it so different the backers of the processor are big names in the computer industry. ibm is one of the largest and most respected chip-makers in the world providing cutting edge technology to large businesses. sony will be using the chip inside its playstation 3 console and its dominance of the games market means that it now has a lot of power to dictate the future of computer and gaming platforms. the technology inside the cell is being heralded as revolutionary from a technical standpoint. traditional computers - whether they are household pcs or playstation 2s - use a single processor to carry out the calculations that run the computer. the cell technology on the other hand uses multiple cell processors linked together to run lots of calculations simultaneously. this gives it processing power an order of magnitude above its competitors. whilst its rivals are working on similar technology it is sony s which is the most advanced. the speed of computer memory has been slowly increasing over the last few years but the memory technology that accompanies the cell is a huge leap in performance. using a technology called xdr created by american firm rambus memory can run up to eight times faster than the current standard being promoted by intel. perhaps more important than any of the technology is the cell s role in the imminent war on living rooms . the big trend predicted for this year is the convergence of computers with home entertainment devices such as dvd players and hi-fis. companies like microsoft and sony believe that there is a lot of money to be made by putting a computer underneath the tv of every household and then offering services such as music and video downloads as well as giving an individual access to all the media they already own in one place. microsoft has already made its first tactical move into this area with its windows media center software which has been adopted by many pc makers. sony had a stab at something similar with the psx - a variation on the playstation - last year in japan although this attempt was generally seen as a failure. both companies believe that increasing the capabilities of games consoles to make them as powerful as pcs will make the technology accessible enough to persuade buyers to give them pride of place on the video rack. sony and ibm want to make sure that the dominance of the pc market enjoyed by microsoft and intel is not allowed to extend to this market. by creating a radically new architecture and using that architecture in a games console that is sure to be a huge seller they hope that the cell processor can become the dominant technology in the living room shutting out their rivals. once they have established themselves under the tv there is no doubt that they hope to use this as a base camp to extend their might into our traditional pcs and instigate a regime change on the desktop. cell is in fact specifically designed to be deployed throughout the house. the links between the multiple processors can also be extended to reach cell processors in entirely different systems. sony hopes to put cells in televisions kitchen appliances and anywhere that could use any sort of computer chip. each cell will be linked to the others creating a vast home network of computing power. resources of the cells across the house can be pooled to provide more power and the links can also be used to enable devices to talk to each other so that you can programme your microwave from your tv for example. this digital home of the future depends on the widespread adoption of the cell processor and there are as with all things a number of reasons it could fail. because the processor is so different it requires programmers to learn a different way of writing software and it may be that the changeover is simply too difficult for them to master. you can also guarantee that microsoft and intel are not going to sit around and let cell take over home computing without a fight. microsoft is going to be pushing its xbox 2 as hard as possible to make sure that its technology not sony s will be under your tree next christmas. intel will be furiously working on new designs that address the problems of its current chips to create a rival technology to cell so that it doesn t lose its desktop pc dominance. if cell succeeds in becoming the living room technology of choice however it could provide the jump-start to the fully digital home of the future. the revolution might not be televised but it could well be played with a videogame controller.
bbc_news:001189,bbc_news,tech,3,Sci/Tech,call for action on internet scam phone companies are not doing enough to warn customers about,internet rogue-dialling scams according to premium phone line regulator icstis. it has received 45 000 complaints in recent months about dial-up internet connections diverting to premium rate numbers without users knowledge. phone companies refuse to pay compensation because they say calls must be paid for. they must warn people earlier about possible fraud icstis said. people who use dial-up connections can be affected by the scams. without realising a program can be downloaded which diverts internet calls via a premium phone line. victims often fail to notice until they receive an unusually high bill. icstis spokesman rob dwight said: phone companies should get in touch with their customers sooner. if my bill goes over the usual £50 a month i want to know about it straight away - i don t want to be told when it s hit £750. phone companies had the systems in place to spot fraudulent activity and artificially-inflated traffic he said. we alert them to the numbers that we have under investigation and they should be looking out for these numbers he added. telecoms ombudsman elizabeth france said: certainly i would not be surprised to find my credit card company phoning me if i do something out of the ordinary. so i would expect phone companies to be looking to see if they can have a similar approach. the biggest phone company bt says it is doing what it can to monitor fraud and warn people about rogue dialling. its advice to customers is to use call barring if they want to prevent calls to premium lines because under the current system once the call has been made there s little that can be done. gavin patterson group managing director for bt consumer said we do look at customer s calling patterns and we do make interventions when they are out of the ordinary. we re looking at the moment at whether we can improve this. but as bt handled 180 million calls a day monitoring was quite a task in itself he added. the government has ordered a review of premium line services and is likely to say icstis should have more power to deal with rogue diallers in future. at the moment it cannot demand pay-outs on the behalf of customer - it can only close illegal services down. i use free anti-virus software (avg) and free firewall protection (zonealarm). both of these tools have prevented unauthorised access and outgoing calls inadvertently and innocently caused by my daughter s love of music sites. how about isps informing all customers of such facilities the responsibility clearly falls with the customer but many fall prey through simply not knowing how to avoid these issues. ignorance is and always has been an expensive business. does any one know what happens once this fraud has been committed and recognised the phone companies pay the people who obtaining money fraudulently so are these people followed up and prosecuted these diallers are mainly downloaded from sites offering illegal mp3s porn and pirated software. if people didn t visit such sites they d be considerably less at risk. whatever happened to personal responsibility it seems everyone has to be a victim these days! part of the blame has to rest with the manufacturers of home computer operating systems. a secure system should not allow a web page or email to download and install anything without the user s knowledge. these scams are illegal and telephone companies should have nothing to do with them. they should refuse to pay money over to the perpetrators. or are they themselves receiving such good returns that it is in their interest to keep the scam going why don t bt et al block all premium numbers by default and only turn it off at the customer s request to anyone who falls foul of this scam - refuse to pay your telephone provider for these calls. after you notify your telephone provider of these fraudulent transactions they cannot insist on you paying the bill. to do so would be to knowingly assist the fraudsters to commit the fraud. no customers have yet been taken to court for refusing to pay these bills. disable or remove your modem and use broadband instead - then you have nothing to worry about. or buy some decent firewall software and anti-virus. you would not walk out in the freezing cold without a coat - you would not drive your car without any insurance - so why not protect your pc stop blaming the phone companies - it s not their fault! i was very impressed with our phone company recently. i had kept ringing a hotline number for kylie tickets and next day they rang back to ask if i was aware there were 40-odd calls to the same number. great service. and i got the tickets as well! i have a colleague who has fallen victim to this kind of scam. he informed the phone company about it they subsequently put a block on premium rate numbers. three months later another huge bill of over £1 000 came in - the block apparently didn t work and he still has to pay for it even though a block was in place. phone companies are probably quite happy for their customers to be hit with a huge bill otherwise they d be taking extra steps to prevent this kind of problem. i have been scammed of £139. the operator will do nothing about this and to add insult to injury i was charged vat by the government. premium rate numbers have been subject to various scams ever since they were invented. one example was where thieves would set up a premium rate number and then dial it day and night from phones whose quarterly bills were never paid. the telephone company was the victim here and you can bet that loophole was blocked very quickly. i know people who have run up large bills despite being it-literate. from talking to bt in belfast i believe that they will shortly be giving out a free application that can stop you dialling expensive numbers without knowing. it s not the fault of phone companies and at last they are doing something about it. it s about time that the profiteering by the legitimate phone companies came to an end mainly by doing away with dial-up altogether and bring broadband down to the same price as dial-up! not only will this ruin things for the dialler scammers but also allow people to update and upgrade their security more easily and quickly. i haven t fallen victim to a rogue-dialling scam but i think you re seriously remiss in not pointing out that the vast majority of these scams arise from people trying to access services purporting to provide free pornography. in most cases the user is entirely at fault which is probably why the telephone companies are rightly unwilling to refund them. my telephone supplier did not inform me that my monthly bill had risen from its normal £3 to £5 to £320. this was because of the scam. they simply billed me. what particularly galls me over and above having over £300 stolen is that the supplier and the government (through vat) are profiting from this crime and will not reimburse me their portion of my losses. how about an automatic monthly cap of say £20 on premium rate calls that you would have to contact your provider to have lifted that way you could use legitimate premium rate numbers while limiting fraudulent usage. at least any disputed amount would be limited far easier for a telecoms operator to write off £20 than it is £750. a few years back i was also the target of such scams but thank god i have already upgraded to broadband and nothing was connected to my modem so all i heard was the sound of an attempted connection. how about home users take some responsibility and ensure their anti-virus and firewall software is up to date that should prevent the vast majority of these scams.,call for action on internet scam phone companies are not doing enough to warn customers about internet rogue-dialling scams according to premium phone line regulator icstis. it has received 45 000 complaints in recent months about dial-up internet connections diverting to premium rate numbers without users knowledge. phone companies refuse to pay compensation because they say calls must be paid for. they must warn people earlier about possible fraud icstis said. people who use dial-up connections can be affected by the scams. without realising a program can be downloaded which diverts internet calls via a premium phone line. victims often fail to notice until they receive an unusually high bill. icstis spokesman rob dwight said: phone companies should get in touch with their customers sooner. if my bill goes over the usual £50 a month i want to know about it straight away - i don t want to be told when it s hit £750. phone companies had the systems in place to spot fraudulent activity and artificially-inflated traffic he said. we alert them to the numbers that we have under investigation and they should be looking out for these numbers he added. telecoms ombudsman elizabeth france said: certainly i would not be surprised to find my credit card company phoning me if i do something out of the ordinary. so i would expect phone companies to be looking to see if they can have a similar approach. the biggest phone company bt says it is doing what it can to monitor fraud and warn people about rogue dialling. its advice to customers is to use call barring if they want to prevent calls to premium lines because under the current system once the call has been made there s little that can be done. gavin patterson group managing director for bt consumer said we do look at customer s calling patterns and we do make interventions when they are out of the ordinary. we re looking at the moment at whether we can improve this. but as bt handled 180 million calls a day monitoring was quite a task in itself he added. the government has ordered a review of premium line services and is likely to say icstis should have more power to deal with rogue diallers in future. at the moment it cannot demand pay-outs on the behalf of customer - it can only close illegal services down. i use free anti-virus software (avg) and free firewall protection (zonealarm). both of these tools have prevented unauthorised access and outgoing calls inadvertently and innocently caused by my daughter s love of music sites. how about isps informing all customers of such facilities the responsibility clearly falls with the customer but many fall prey through simply not knowing how to avoid these issues. ignorance is and always has been an expensive business. does any one know what happens once this fraud has been committed and recognised the phone companies pay the people who obtaining money fraudulently so are these people followed up and prosecuted these diallers are mainly downloaded from sites offering illegal mp3s porn and pirated software. if people didn t visit such sites they d be considerably less at risk. whatever happened to personal responsibility it seems everyone has to be a victim these days! part of the blame has to rest with the manufacturers of home computer operating systems. a secure system should not allow a web page or email to download and install anything without the user s knowledge. these scams are illegal and telephone companies should have nothing to do with them. they should refuse to pay money over to the perpetrators. or are they themselves receiving such good returns that it is in their interest to keep the scam going why don t bt et al block all premium numbers by default and only turn it off at the customer s request to anyone who falls foul of this scam - refuse to pay your telephone provider for these calls. after you notify your telephone provider of these fraudulent transactions they cannot insist on you paying the bill. to do so would be to knowingly assist the fraudsters to commit the fraud. no customers have yet been taken to court for refusing to pay these bills. disable or remove your modem and use broadband instead - then you have nothing to worry about. or buy some decent firewall software and anti-virus. you would not walk out in the freezing cold without a coat - you would not drive your car without any insurance - so why not protect your pc stop blaming the phone companies - it s not their fault! i was very impressed with our phone company recently. i had kept ringing a hotline number for kylie tickets and next day they rang back to ask if i was aware there were 40-odd calls to the same number. great service. and i got the tickets as well! i have a colleague who has fallen victim to this kind of scam. he informed the phone company about it they subsequently put a block on premium rate numbers. three months later another huge bill of over £1 000 came in - the block apparently didn t work and he still has to pay for it even though a block was in place. phone companies are probably quite happy for their customers to be hit with a huge bill otherwise they d be taking extra steps to prevent this kind of problem. i have been scammed of £139. the operator will do nothing about this and to add insult to injury i was charged vat by the government. premium rate numbers have been subject to various scams ever since they were invented. one example was where thieves would set up a premium rate number and then dial it day and night from phones whose quarterly bills were never paid. the telephone company was the victim here and you can bet that loophole was blocked very quickly. i know people who have run up large bills despite being it-literate. from talking to bt in belfast i believe that they will shortly be giving out a free application that can stop you dialling expensive numbers without knowing. it s not the fault of phone companies and at last they are doing something about it. it s about time that the profiteering by the legitimate phone companies came to an end mainly by doing away with dial-up altogether and bring broadband down to the same price as dial-up! not only will this ruin things for the dialler scammers but also allow people to update and upgrade their security more easily and quickly. i haven t fallen victim to a rogue-dialling scam but i think you re seriously remiss in not pointing out that the vast majority of these scams arise from people trying to access services purporting to provide free pornography. in most cases the user is entirely at fault which is probably why the telephone companies are rightly unwilling to refund them. my telephone supplier did not inform me that my monthly bill had risen from its normal £3 to £5 to £320. this was because of the scam. they simply billed me. what particularly galls me over and above having over £300 stolen is that the supplier and the government (through vat) are profiting from this crime and will not reimburse me their portion of my losses. how about an automatic monthly cap of say £20 on premium rate calls that you would have to contact your provider to have lifted that way you could use legitimate premium rate numbers while limiting fraudulent usage. at least any disputed amount would be limited far easier for a telecoms operator to write off £20 than it is £750. a few years back i was also the target of such scams but thank god i have already upgraded to broadband and nothing was connected to my modem so all i heard was the sound of an attempted connection. how about home users take some responsibility and ensure their anti-virus and firewall software is up to date that should prevent the vast majority of these scams.
bbc_news:000366,bbc_news,tech,3,Sci/Tech,mobile multimedia slow to catch on there is no doubt that mobile phones sporting cameras and,colour screens are hugely popular. consumers swapping old phones for slinkier dinkier versions are thought to be responsible for a 26% increase in the number of phones sold during the third quarter of 2004 according to analysts gartner more than 167 million handsets were sold globally between july and september 2004 a period that according to gartner analyst carolina milanesi is seldom strong . but although consumers have mobiles that can take and send snaps sounds and video clips few so far are taking the chance to do so. in fact the numbers of people not taking and sending pictures audio and video is growing. figures gathered by continental research shows that 36% of british camera phone users have never sent a multimedia message (mms) up from 7% in 2003. this is despite the fact that during the same period the numbers of camera phones in the uk more than doubled to 7.5 million. getting mobile phone users to send multimedia messages is really important for operators keen to squeeze more cash out of their customers and offset the cost of subsidising the handsets people are buying. the problem they face said shailendra jain head of mms firm adamind is educating people in how to send the multimedia messages using their funky handsets. also he said they have to simplify the interface so its not rocket science in terms of someone understanding it. research bears out the suspicion that people are not sending multimedia messages because they do not know how to. according to continental research 29% of the people it questioned said they were technophobes that tended to shy away from innovation. only 11% regarded themselves as technically savvy enough to send a picture or video message. the fact that multimedia services are not interoperable across networks and phones only adds to people s reluctance to start sending them said mr jain. they ask themselves: if i m streaming video from one handset to another will it work he said. there s a lot of user apprehension about that. there are other deeper technical reasons why multimedia messages are not being pushed as strongly as they might. andrew bud executive chairman of messaging firm mblox said mobile phone operators cap the number of messages that can be circulating at any one time for fear of overwhelming the system. the rate we can send mms into the mobile network is fairly constant he said. the reason for this is that there are finite capacities for data traffic on the second generation networks that currently have the most users. no-one wants to take the risk of swamping these relatively narrow channels so the number of mms messages is capped said mr bud. this has led to operators finding other technologies particularly one known as wap-push to get multimedia to their customers. but when networks do find a good way to get multimedia to their customers the results can be dramatic. israeli technology firm celltick has found a way to broadcast data across phone networks in a way that does not overwhelm existing bandwidth. one of the first firms to use the celltick service is hutch india the largest mobile firm in the country. the broadcast system gets multimedia to customers via a rolling menu far faster than would be possible with other systems. while not multimedia messaging such a system gets people used to seeing their phones as a device that can handle all different types of content. as a result 40% of the subscribers to the hutch alive which uses celltick s broadcast technology regularly click for more pictures sounds and images from the operator. operators really need to start utilising this tool to reach their customers said yaron toren spokesman for celltick. until then multimedia will be a message that is not getting through.,mobile multimedia slow to catch on there is no doubt that mobile phones sporting cameras and colour screens are hugely popular. consumers swapping old phones for slinkier dinkier versions are thought to be responsible for a 26% increase in the number of phones sold during the third quarter of 2004 according to analysts gartner more than 167 million handsets were sold globally between july and september 2004 a period that according to gartner analyst carolina milanesi is seldom strong . but although consumers have mobiles that can take and send snaps sounds and video clips few so far are taking the chance to do so. in fact the numbers of people not taking and sending pictures audio and video is growing. figures gathered by continental research shows that 36% of british camera phone users have never sent a multimedia message (mms) up from 7% in 2003. this is despite the fact that during the same period the numbers of camera phones in the uk more than doubled to 7.5 million. getting mobile phone users to send multimedia messages is really important for operators keen to squeeze more cash out of their customers and offset the cost of subsidising the handsets people are buying. the problem they face said shailendra jain head of mms firm adamind is educating people in how to send the multimedia messages using their funky handsets. also he said they have to simplify the interface so its not rocket science in terms of someone understanding it. research bears out the suspicion that people are not sending multimedia messages because they do not know how to. according to continental research 29% of the people it questioned said they were technophobes that tended to shy away from innovation. only 11% regarded themselves as technically savvy enough to send a picture or video message. the fact that multimedia services are not interoperable across networks and phones only adds to people s reluctance to start sending them said mr jain. they ask themselves: if i m streaming video from one handset to another will it work he said. there s a lot of user apprehension about that. there are other deeper technical reasons why multimedia messages are not being pushed as strongly as they might. andrew bud executive chairman of messaging firm mblox said mobile phone operators cap the number of messages that can be circulating at any one time for fear of overwhelming the system. the rate we can send mms into the mobile network is fairly constant he said. the reason for this is that there are finite capacities for data traffic on the second generation networks that currently have the most users. no-one wants to take the risk of swamping these relatively narrow channels so the number of mms messages is capped said mr bud. this has led to operators finding other technologies particularly one known as wap-push to get multimedia to their customers. but when networks do find a good way to get multimedia to their customers the results can be dramatic. israeli technology firm celltick has found a way to broadcast data across phone networks in a way that does not overwhelm existing bandwidth. one of the first firms to use the celltick service is hutch india the largest mobile firm in the country. the broadcast system gets multimedia to customers via a rolling menu far faster than would be possible with other systems. while not multimedia messaging such a system gets people used to seeing their phones as a device that can handle all different types of content. as a result 40% of the subscribers to the hutch alive which uses celltick s broadcast technology regularly click for more pictures sounds and images from the operator. operators really need to start utilising this tool to reach their customers said yaron toren spokesman for celltick. until then multimedia will be a message that is not getting through.
bbc_news:001382,bbc_news,tech,3,Sci/Tech,more movies head to sony s psp movies open water and saw are among those to,be made available for sony s psp games console. film studio lions gate entertainment has announced an initial list of 12 movies that will be on the umd format used by the handheld. the typical buyer of the machine [is] the core demographic to whom our films generally appeal said steve beeks president of lions gate. already available in japan the psp is released in the us on 24 march. spider-man 2 on umd will be given to the first million customers in the us. the punisher and house of the dead along with older titles such as total recall and rambo: first blood will be in the umd format with disks costing between $20 (£10.40) to $30 (£15.60) for new titles and $10 (£5.20) to $20 for older films. when we first saw the machine and started talking to sony we immediately decided it was going to be a winner both from the gaming perspective and from the perspective of people watching movies on the go mr beeks said. the disks which are smaller than dvds only work in sony s psp and can hold up to 1.8gb of data. we actually believe people who buy the umd would not have bought it on dvd he said. there are people who will want umd because of the portability. maybe they re already taking the games with them out of the house and they re bigger gamers than they are movie watchers. four movies have already been announced for psp. they are: xxx hellboy resident evil: apocalypse and once upon a time in mexico.,more movies head to sony s psp movies open water and saw are among those to be made available for sony s psp games console. film studio lions gate entertainment has announced an initial list of 12 movies that will be on the umd format used by the handheld. the typical buyer of the machine [is] the core demographic to whom our films generally appeal said steve beeks president of lions gate. already available in japan the psp is released in the us on 24 march. spider-man 2 on umd will be given to the first million customers in the us. the punisher and house of the dead along with older titles such as total recall and rambo: first blood will be in the umd format with disks costing between $20 (£10.40) to $30 (£15.60) for new titles and $10 (£5.20) to $20 for older films. when we first saw the machine and started talking to sony we immediately decided it was going to be a winner both from the gaming perspective and from the perspective of people watching movies on the go mr beeks said. the disks which are smaller than dvds only work in sony s psp and can hold up to 1.8gb of data. we actually believe people who buy the umd would not have bought it on dvd he said. there are people who will want umd because of the portability. maybe they re already taking the games with them out of the house and they re bigger gamers than they are movie watchers. four movies have already been announced for psp. they are: xxx hellboy resident evil: apocalypse and once upon a time in mexico.
bbc_news:000416,bbc_news,tech,3,Sci/Tech,microsoft releases patches microsoft has warned pc users to update their systems with the latest security,fixes for flaws in windows programs. in its monthly security bulletin it flagged up eight critical security holes which could leave pcs open to attack if left unpatched. the number of holes considered critical is more than usual. they affect windows programs including internet explorer (ie) media player and instant messaging. four other important fixes were also released. these were considered to be less critical however. if not updated either automatically or manually pc users running the programs could be vulnerable to viruses or other malicious attacks designed to exploit the holes. many of the flaws could be used by virus writers to take over computers remotely install programs change and delete or see data. one of the critical patches microsoft has made available is an important one that fixes some ie flaws. stephen toulouse a microsoft security manager said the flaws were known about and although the firm had not seen any attacks exploiting the flaw he did not rule them out. often when a critical flaw is announced spates of viruses follow because home users and businesses leave the flaw unpatched. a further patch fixes a hole in media player windows messenger and msn messenger which an attacker could use to take control of unprotected machines through .png files. microsoft announces any vulnerabilities in its software every month. the most important ones are those which are classed as critical . its latest releases came the week that the company announced it was to buy security software maker sybari software as part of microsoft s plans to make its own security programs.,microsoft releases patches microsoft has warned pc users to update their systems with the latest security fixes for flaws in windows programs. in its monthly security bulletin it flagged up eight critical security holes which could leave pcs open to attack if left unpatched. the number of holes considered critical is more than usual. they affect windows programs including internet explorer (ie) media player and instant messaging. four other important fixes were also released. these were considered to be less critical however. if not updated either automatically or manually pc users running the programs could be vulnerable to viruses or other malicious attacks designed to exploit the holes. many of the flaws could be used by virus writers to take over computers remotely install programs change and delete or see data. one of the critical patches microsoft has made available is an important one that fixes some ie flaws. stephen toulouse a microsoft security manager said the flaws were known about and although the firm had not seen any attacks exploiting the flaw he did not rule them out. often when a critical flaw is announced spates of viruses follow because home users and businesses leave the flaw unpatched. a further patch fixes a hole in media player windows messenger and msn messenger which an attacker could use to take control of unprotected machines through .png files. microsoft announces any vulnerabilities in its software every month. the most important ones are those which are classed as critical . its latest releases came the week that the company announced it was to buy security software maker sybari software as part of microsoft s plans to make its own security programs.
bbc_news:000284,bbc_news,tech,3,Sci/Tech,anti-tremor mouse stops pc shakes a special adaptor that helps people with hand tremors control a,computer mouse more easily has been developed. the device uses similar steady cam technology found in camcorders to filter out shaking hand movements. people with hand tremors find it hard to use conventional mice for simple computer tasks because of the erratic movements of the cursor on the screen. about three million britons have some sort of hand tremor condition said the uk national tremor foundation. using a computer mouse is well known for being extremely hard for people with tremors so we re delighted to hear that a technology has been developed to address this problem said karen walsh from the uk national tremor foundation. most commonly associated with tremors is parkinson s disease but they can also be caused by other conditions like essential tremor (et). tremors more often affect older people but can hit all ages. et for example is genetic and can afflict people throughout their lives. the assistive mouse adapter (ama) is the brainchild of ibm researcher jim levine who developed the prototype after seeing his uncle who has parkinson s disease struggle with mouse control. i knew that there must be way to improve the situation for him and the millions of other tremor sufferers around the world including the elderly. the number of elderly computer users will increase as the population ages and at the same time the need for computer access grows he said. computer users plug the device into a pc and it can be adjusted depending on how severe the tremor is. it is also able to recognise multiple clicking on a mouse button caused by shaky digits. ibm said it would partner up with a small uk-based electronics firm montrose secam to produce the devices which will cost about £70. james cosgrave one of the company s directors said it would make a big difference to those with tremors. i m a pilot and my tremor condition has not limited my ability to fly a plane he said. but using a pc has proven almost impossible simply because everything revolves around using the mouse to accurately manipulate the tiny cursor on the screen. he said a prototype of the gadget had transformed his life. the device could help open up computing to millions more people who have found shaking to be a barrier. last year the office for national statistics reported that for the first time more than half of all households in britain had a home computer. with prices getting cheaper to get online too computer ownership is increasing. but although 62% of british people have tried the internet only 15% of britons aged 65 or over have been online. more than six million uk households now have a broadband net. by the middle of 2005 it is estimated that 50% of all uk net users will be on broadband. there are still millions using the net through dial-up connections too.,anti-tremor mouse stops pc shakes a special adaptor that helps people with hand tremors control a computer mouse more easily has been developed. the device uses similar steady cam technology found in camcorders to filter out shaking hand movements. people with hand tremors find it hard to use conventional mice for simple computer tasks because of the erratic movements of the cursor on the screen. about three million britons have some sort of hand tremor condition said the uk national tremor foundation. using a computer mouse is well known for being extremely hard for people with tremors so we re delighted to hear that a technology has been developed to address this problem said karen walsh from the uk national tremor foundation. most commonly associated with tremors is parkinson s disease but they can also be caused by other conditions like essential tremor (et). tremors more often affect older people but can hit all ages. et for example is genetic and can afflict people throughout their lives. the assistive mouse adapter (ama) is the brainchild of ibm researcher jim levine who developed the prototype after seeing his uncle who has parkinson s disease struggle with mouse control. i knew that there must be way to improve the situation for him and the millions of other tremor sufferers around the world including the elderly. the number of elderly computer users will increase as the population ages and at the same time the need for computer access grows he said. computer users plug the device into a pc and it can be adjusted depending on how severe the tremor is. it is also able to recognise multiple clicking on a mouse button caused by shaky digits. ibm said it would partner up with a small uk-based electronics firm montrose secam to produce the devices which will cost about £70. james cosgrave one of the company s directors said it would make a big difference to those with tremors. i m a pilot and my tremor condition has not limited my ability to fly a plane he said. but using a pc has proven almost impossible simply because everything revolves around using the mouse to accurately manipulate the tiny cursor on the screen. he said a prototype of the gadget had transformed his life. the device could help open up computing to millions more people who have found shaking to be a barrier. last year the office for national statistics reported that for the first time more than half of all households in britain had a home computer. with prices getting cheaper to get online too computer ownership is increasing. but although 62% of british people have tried the internet only 15% of britons aged 65 or over have been online. more than six million uk households now have a broadband net. by the middle of 2005 it is estimated that 50% of all uk net users will be on broadband. there are still millions using the net through dial-up connections too.
bbc_news:001167,bbc_news,tech,3,Sci/Tech,movie body targets children s pcs the body that represents the us movie industry has released,its latest tool in its campaign to clamp down on movie file-sharing aimed at parents. the movie association for america s (mpaa) free parent file scan software lets parents check their children s computers for peer-to-peer programs. it will also list all movie and music files they have on their hard drive. parents then have the choice to remove programs and files. the mpaa said files found would not be passed on to it. our ultimate goal is to help consumers locate the resources and information they need to make appropriate decisions about using and trading illegal files said dan glickman mpaa chief. many parents are concerned about what their children have downloaded and where they ve downloaded it from. but some computer users who had tested the latest software reported on some technology sites that the program had identified windows default wav files as copyrighted material and wanted to delete them. movie piracy cost the industry £3.7bn ($7bn) in 2003 according to analysts. the mpaa said in a statement that it would continue to provide easy access to similar tools in the coming months to combat the deleterious effects of peer-to-peer software including such common problems as viruses trojan horses and identity theft . mr glickman said that the film industry was embracing digital age technologies like movielink and cinemanow which are legal movie sites. but legal services such as these need a chance to grow and thrive without having to compete against illegitimate operations that depend on stolen property to survive he added. the industry body also said it had launched a second round of legal action against online movie-swappers across the us but did not say how many were being sued. its first set of lawsuits were filed in november 2004. it also started a campaign against operators of bittorrent edonkey and directconnect peer-to-peer networks. the first convictions for peer-to-peer piracy were handed out in the us in january. william trowbridge and michael chicoine pleaded guilty to charges that they infringed copyright by illegally sharing music movies and software.,movie body targets children s pcs the body that represents the us movie industry has released its latest tool in its campaign to clamp down on movie file-sharing aimed at parents. the movie association for america s (mpaa) free parent file scan software lets parents check their children s computers for peer-to-peer programs. it will also list all movie and music files they have on their hard drive. parents then have the choice to remove programs and files. the mpaa said files found would not be passed on to it. our ultimate goal is to help consumers locate the resources and information they need to make appropriate decisions about using and trading illegal files said dan glickman mpaa chief. many parents are concerned about what their children have downloaded and where they ve downloaded it from. but some computer users who had tested the latest software reported on some technology sites that the program had identified windows default wav files as copyrighted material and wanted to delete them. movie piracy cost the industry £3.7bn ($7bn) in 2003 according to analysts. the mpaa said in a statement that it would continue to provide easy access to similar tools in the coming months to combat the deleterious effects of peer-to-peer software including such common problems as viruses trojan horses and identity theft . mr glickman said that the film industry was embracing digital age technologies like movielink and cinemanow which are legal movie sites. but legal services such as these need a chance to grow and thrive without having to compete against illegitimate operations that depend on stolen property to survive he added. the industry body also said it had launched a second round of legal action against online movie-swappers across the us but did not say how many were being sued. its first set of lawsuits were filed in november 2004. it also started a campaign against operators of bittorrent edonkey and directconnect peer-to-peer networks. the first convictions for peer-to-peer piracy were handed out in the us in january. william trowbridge and michael chicoine pleaded guilty to charges that they infringed copyright by illegally sharing music movies and software.
bbc_news:001671,bbc_news,tech,3,Sci/Tech,us cyber security chief resigns the man making sure us computer networks are safe and secure,has resigned after only a year in his post. amit yoran was director of the national cyber security division within the us department of homeland security created following the 9/11 attacks. the division was tasked with improving us defences against malicious hackers viruses and other net-based threats. reports suggest he left because his division was not given enough clout within the larger organisation. mr yoran took up his post in september 2003 and his first task was to get the cyber security division up and running. the organisation had a staff of about 60 people and a budget of about $80m (£44.54m). the division was charged with thinking up and carrying out action to make us networks more impervious to attack and disruption by the viruses worms and hack attacks that have become commonplace. in the last 12 months mr yoran oversaw the creation of a cyber alert system that sends out warnings about big hitting viruses and net attacks as they occur. the warnings also contained information about how firms and organisations could protect themselves against these attacks. the cyber security division also audited us government networks to discover exactly what was sitting on which network. the next step was to be the creation of a scanning system to identify vulnerabilities that made federal networks and machines susceptible to attack by malicious hackers and virus writers. mr yoran s division was also doing work to identify the networks and machines that had been broken into by cyber criminals. despite this success mr yoran left his post abruptly at the end of last week reportedly only giving one day s notice to bosses at the department of homeland security. amit yoran has been a valuable contributor on cyber security issues over the past year and we appreciate his efforts in starting the department s cybersecurity program said a department of homeland security spokeswoman. some reports have suggested that mr yoran felt frustrated by the lack of prominence given to work to protect against net-based threats in the wider homeland organisation. an attempt by us politicians to pass a law to promote mr yoran and raise the profile of his department s work is now mired in congress.,us cyber security chief resigns the man making sure us computer networks are safe and secure has resigned after only a year in his post. amit yoran was director of the national cyber security division within the us department of homeland security created following the 9/11 attacks. the division was tasked with improving us defences against malicious hackers viruses and other net-based threats. reports suggest he left because his division was not given enough clout within the larger organisation. mr yoran took up his post in september 2003 and his first task was to get the cyber security division up and running. the organisation had a staff of about 60 people and a budget of about $80m (£44.54m). the division was charged with thinking up and carrying out action to make us networks more impervious to attack and disruption by the viruses worms and hack attacks that have become commonplace. in the last 12 months mr yoran oversaw the creation of a cyber alert system that sends out warnings about big hitting viruses and net attacks as they occur. the warnings also contained information about how firms and organisations could protect themselves against these attacks. the cyber security division also audited us government networks to discover exactly what was sitting on which network. the next step was to be the creation of a scanning system to identify vulnerabilities that made federal networks and machines susceptible to attack by malicious hackers and virus writers. mr yoran s division was also doing work to identify the networks and machines that had been broken into by cyber criminals. despite this success mr yoran left his post abruptly at the end of last week reportedly only giving one day s notice to bosses at the department of homeland security. amit yoran has been a valuable contributor on cyber security issues over the past year and we appreciate his efforts in starting the department s cybersecurity program said a department of homeland security spokeswoman. some reports have suggested that mr yoran felt frustrated by the lack of prominence given to work to protect against net-based threats in the wider homeland organisation. an attempt by us politicians to pass a law to promote mr yoran and raise the profile of his department s work is now mired in congress.
bbc_news:001289,bbc_news,tech,3,Sci/Tech,poles play with gameboy blip-pop a group of artists in poland has taken the cacophony of,blips boops and beeps created as players bash buttons on nintendo s handheld gameboy console to a new level. the gameboyzz orchestra project has taken the game sounds to put together music tunes they have dubbed blip-pop. think of it as donkey kong meets norman cook or maybe tetris takes on kraftwerk. any way you slice it the sound is distinct. all the sounds are made by six nintendo gameboys with a mixture of older models and newer advance sp handhelds. the gameboyzz orchestra project tweaks the software a bit and then connects the units through a mixing board. jarek kujda one of the project s founding members has been into electronic music and video games for a while now. i was playing some experimental music and three four years ago when i first used a gameboy in my band as a drum machine said kujda. he realised that the console could be used as a rudimentary synthesizer. he wondered if one gameboy can make music what would happen if he put six of them together kujda found five other people who were interested and the gameboyzz orchestra project was born. gameboyzz orchestra project is more of an improvisational project said kudja. we prepare some patterns before a concert and then improvise during the concert. the group plays maybe four or five shows a year. malgorzata kujda jarek s younger sister and a fellow band member describes a gameboyzz orchestra project concert as a lot of noise. for example i make music with more hard beats and noises she said. but each of us makes another music a different sound. and then in the concert we just improvise and that i think is more fun for us. the gameboyzz orchestra project admits they get mixed reactions from audiences. some love the group s music and others are not quite sure what to make of it. in the world of electronic music these purveyors of blip-pop are not unique. but jarek kujda says they try to be unique. we have lots of people making music on old school stuff electronic old school stuff like commodore atari spectrum he said. we want to play only experimental music not cover songs. we re something like an electronic jam session. the gameboyzz orchestra project s tracks are available online and the group hopes to make a cd next year. and they have sponsorship courtesy of the polish distributor of nintendo products. the members of the gameboyzz orchestra project do not expect serious competition anytime soon. a gameboy advance costs about us $200 in poland these days which is still way beyond the reach of most polish gamers or musicians. clark boyd is technology correspondent for the world a bbc world service and wgbh-boston co-production,poles play with gameboy blip-pop a group of artists in poland has taken the cacophony of blips boops and beeps created as players bash buttons on nintendo s handheld gameboy console to a new level. the gameboyzz orchestra project has taken the game sounds to put together music tunes they have dubbed blip-pop. think of it as donkey kong meets norman cook or maybe tetris takes on kraftwerk. any way you slice it the sound is distinct. all the sounds are made by six nintendo gameboys with a mixture of older models and newer advance sp handhelds. the gameboyzz orchestra project tweaks the software a bit and then connects the units through a mixing board. jarek kujda one of the project s founding members has been into electronic music and video games for a while now. i was playing some experimental music and three four years ago when i first used a gameboy in my band as a drum machine said kujda. he realised that the console could be used as a rudimentary synthesizer. he wondered if one gameboy can make music what would happen if he put six of them together kujda found five other people who were interested and the gameboyzz orchestra project was born. gameboyzz orchestra project is more of an improvisational project said kudja. we prepare some patterns before a concert and then improvise during the concert. the group plays maybe four or five shows a year. malgorzata kujda jarek s younger sister and a fellow band member describes a gameboyzz orchestra project concert as a lot of noise. for example i make music with more hard beats and noises she said. but each of us makes another music a different sound. and then in the concert we just improvise and that i think is more fun for us. the gameboyzz orchestra project admits they get mixed reactions from audiences. some love the group s music and others are not quite sure what to make of it. in the world of electronic music these purveyors of blip-pop are not unique. but jarek kujda says they try to be unique. we have lots of people making music on old school stuff electronic old school stuff like commodore atari spectrum he said. we want to play only experimental music not cover songs. we re something like an electronic jam session. the gameboyzz orchestra project s tracks are available online and the group hopes to make a cd next year. and they have sponsorship courtesy of the polish distributor of nintendo products. the members of the gameboyzz orchestra project do not expect serious competition anytime soon. a gameboy advance costs about us $200 in poland these days which is still way beyond the reach of most polish gamers or musicians. clark boyd is technology correspondent for the world a bbc world service and wgbh-boston co-production
bbc_news:001052,bbc_news,tech,3,Sci/Tech,bush website blocked outside us surfers outside the us have been unable to visit the official,re-election site of president george w bush. the blocking of browsers sited outside the us began in the early hours of monday morning. since then people outside the us trying to browse the site get a message saying they are not authorised to view it. the blocking does not appear to be due to an attack by vandals or malicious hackers but as a result of a policy decision by the bush camp. the international exclusion zone around georgewbush.com was spotted by net monitoring firm netcraft which keeps an eye on traffic patterns across many different sites. netcraft said that since the early hours of 25 october attempts to view the site through its monitoring stations in london amsterdam and sydney failed. by contrast netcraft s four monitoring stations in the us managed to view the site with no problems. the site can still be seen using anonymous proxy services that are based in the us. some web users in canada also report that they can browse the site. the pattern of traffic to the website suggests that the blocking was not due to an attack by vandals or politically motivated hackers. geographic blocking works because the numerical addresses that the net uses to organise itself are handed out on a regional basis. on 21 october the george w bush website began using the services of a company called akamai to ensure that the pages videos and other content on its site reaches visitors. mike prettejohn president of netcraft speculated that the blocking decision might have been taken to cut costs and traffic in the run-up to the election on 2 november. he said the site may see no reason to distribute content to people who will not be voting next week. managing traffic could also be a good way to ensure that the site stays working in the closing days of the election campaign. however simply blocking non-us visitors also means that americans overseas are barred too. akamai declined to comment saying it could not talk about customer websites.,bush website blocked outside us surfers outside the us have been unable to visit the official re-election site of president george w bush. the blocking of browsers sited outside the us began in the early hours of monday morning. since then people outside the us trying to browse the site get a message saying they are not authorised to view it. the blocking does not appear to be due to an attack by vandals or malicious hackers but as a result of a policy decision by the bush camp. the international exclusion zone around georgewbush.com was spotted by net monitoring firm netcraft which keeps an eye on traffic patterns across many different sites. netcraft said that since the early hours of 25 october attempts to view the site through its monitoring stations in london amsterdam and sydney failed. by contrast netcraft s four monitoring stations in the us managed to view the site with no problems. the site can still be seen using anonymous proxy services that are based in the us. some web users in canada also report that they can browse the site. the pattern of traffic to the website suggests that the blocking was not due to an attack by vandals or politically motivated hackers. geographic blocking works because the numerical addresses that the net uses to organise itself are handed out on a regional basis. on 21 october the george w bush website began using the services of a company called akamai to ensure that the pages videos and other content on its site reaches visitors. mike prettejohn president of netcraft speculated that the blocking decision might have been taken to cut costs and traffic in the run-up to the election on 2 november. he said the site may see no reason to distribute content to people who will not be voting next week. managing traffic could also be a good way to ensure that the site stays working in the closing days of the election campaign. however simply blocking non-us visitors also means that americans overseas are barred too. akamai declined to comment saying it could not talk about customer websites.
bbc_news:000937,bbc_news,tech,3,Sci/Tech,the force is strong in battlefront the warm reception that has greeted star wars: battlefront is,a reflection not of any ingenious innovation in its gameplay but of its back-to-basics approach and immense nostalgia quotient. geared towards online gamers it is based around little more than a series of all-out gunfights set in an array of locations all featured in or hinted at during the two blockbusting film trilogies. previous star wars titles like the acclaimed knights of the old republic and jedi knight have regularly impressed with their imaginative forays into the far corners of the franchise s extensive universe and their use of weird and wonderful new characters. battlefront on the other hand wholeheartedly revisits the most recognisable elements of the hit movies themselves. the sights sounds and protagonists on show here will all be instantly familiar to fans who may well feel that the opportunity to relive star wars most memorable screen skirmishes makes this the game they have always waited for. the mayhem can be viewed from either a third or first-person perspective and you can either fight for the forces of freedom or join darth vader on the dark side depending on the episode and type of campaign as well as the player s personal propensity for good or evil. there is ample chance to be a wookie shoot ewoks and rush into battle alongside a fired-up luke skywalker. in each section the task is simply to wipe out enemy troops seize strategic waypoints and move on to the next planet. it really is no more complicated than that. locations include the frozen wastes of hoth the ice planet from the empire strikes back complete with massive mechanical at-ats on the march. there are also the dusty sinister deserts of tatooine and geonosis as well as the forest moon of endor where return of the jedi s much-maligned ewoks lived. the feel of those places is well and truly captured with both backdrops and characters looking good and very authentic. it is worth noting though that on the playstation 2 the game s graphics are a curiously long way behind those of the xbox version. the pivotal element behind battlefront s success is that it successfully gives you the feel of being of being plunged into the midst of large-scale war. the number of combatants noise and abundance of laser fire see to that and the sense of chaos really comes over. speaking of noise battlefront is a real testament to the strength of the star wars galaxy s audio motifs. the multitude of distinctive weapon and vehicle noises are immensely familiar as are the stirring john williams symphonies that never let up. there is also a particularly snazzy remix of one of his themes in the menu section. it has to be said if the game did not have the boon of being star wars it would not stand up for long. the gameplay is reliable bog-standard stuff short on originality. there are also odd annoyances like the game s insistence on re-spawning you miles away from the action an irritating price to pay for not getting blown up the second you appear. and some of the weapons and vehicles are not as responsive and fluid to operate as they might be. that said it is still great fun to pilot a scout walker or speeder bike however non user-friendly they prove. whilst it is firmly designed with multiplayer action in mind battlefront is actually perfectly good fun as an offline game. the above-average ai of the enemy sees to that although given the frenetic environments they operate in their strategic behaviour does not need to be all that sophisticated. battlefront s novelty value will doubtless wear off relatively fast leaving behind a slightly empty one-trick-pony of a game. but for a while it is an absolute blast and one of the most immediately satisfying video game offerings yet from george lucas stable.,the force is strong in battlefront the warm reception that has greeted star wars: battlefront is a reflection not of any ingenious innovation in its gameplay but of its back-to-basics approach and immense nostalgia quotient. geared towards online gamers it is based around little more than a series of all-out gunfights set in an array of locations all featured in or hinted at during the two blockbusting film trilogies. previous star wars titles like the acclaimed knights of the old republic and jedi knight have regularly impressed with their imaginative forays into the far corners of the franchise s extensive universe and their use of weird and wonderful new characters. battlefront on the other hand wholeheartedly revisits the most recognisable elements of the hit movies themselves. the sights sounds and protagonists on show here will all be instantly familiar to fans who may well feel that the opportunity to relive star wars most memorable screen skirmishes makes this the game they have always waited for. the mayhem can be viewed from either a third or first-person perspective and you can either fight for the forces of freedom or join darth vader on the dark side depending on the episode and type of campaign as well as the player s personal propensity for good or evil. there is ample chance to be a wookie shoot ewoks and rush into battle alongside a fired-up luke skywalker. in each section the task is simply to wipe out enemy troops seize strategic waypoints and move on to the next planet. it really is no more complicated than that. locations include the frozen wastes of hoth the ice planet from the empire strikes back complete with massive mechanical at-ats on the march. there are also the dusty sinister deserts of tatooine and geonosis as well as the forest moon of endor where return of the jedi s much-maligned ewoks lived. the feel of those places is well and truly captured with both backdrops and characters looking good and very authentic. it is worth noting though that on the playstation 2 the game s graphics are a curiously long way behind those of the xbox version. the pivotal element behind battlefront s success is that it successfully gives you the feel of being of being plunged into the midst of large-scale war. the number of combatants noise and abundance of laser fire see to that and the sense of chaos really comes over. speaking of noise battlefront is a real testament to the strength of the star wars galaxy s audio motifs. the multitude of distinctive weapon and vehicle noises are immensely familiar as are the stirring john williams symphonies that never let up. there is also a particularly snazzy remix of one of his themes in the menu section. it has to be said if the game did not have the boon of being star wars it would not stand up for long. the gameplay is reliable bog-standard stuff short on originality. there are also odd annoyances like the game s insistence on re-spawning you miles away from the action an irritating price to pay for not getting blown up the second you appear. and some of the weapons and vehicles are not as responsive and fluid to operate as they might be. that said it is still great fun to pilot a scout walker or speeder bike however non user-friendly they prove. whilst it is firmly designed with multiplayer action in mind battlefront is actually perfectly good fun as an offline game. the above-average ai of the enemy sees to that although given the frenetic environments they operate in their strategic behaviour does not need to be all that sophisticated. battlefront s novelty value will doubtless wear off relatively fast leaving behind a slightly empty one-trick-pony of a game. but for a while it is an absolute blast and one of the most immediately satisfying video game offerings yet from george lucas stable.
bbc_news:001415,bbc_news,tech,3,Sci/Tech,row brewing over peer-to-peer ads music download networks are proving popular not just with an audience,of youngsters keen to take advantage of free music but with advertisers equally keen to reach out to a captive audience. the debate over the legitimacy of file-sharing networks rages on as the music industry continues its threats to close the services down for good. meanwhile the millions of downloaders are proving both an advertiser s dream come true and a branding nightmare. paul myers chief executive of wippit - a peer to peer service which provides paid-for music downloads - believes it is time advertisers stopped providing oxygen for companies that support illegal downloading. you may be surprised to know that current advertisers on the most popular peer to peer service edonkey who now steadfastly support copyright theft with real cash money include nat west vodafone o2 first direct ntl and renault he said in an open letter to the british phonographic industry last month. he urged people to follow his lead and dump brands associated with companies such as edonkey. the bpi is equally quick to condemn established brands becoming bedfellows with peer to peer networks. networks like edonkey kazaa and grokster facilitate illegal filesharing. the bpi strongly believes that any reputable company should look carefully at the support they are giving these networks through their advertising revenue it said in a statement. illegal file-sharers steal millions of pounds worth of music through these services. we are sure that the companies advertising on them would not put up with theft on such a scale from their own businesses it said. but the issue is often more complicated for advertisers said mark mulligan a music analyst with jupiter research. this has been a problem for a long time ever since the days of napster he told the bbc news website. the reality is that the millions of downloaders represent a very attractive audience. advertisers probably pay a lot less for putting ads here than on more respected sites and they are reaching the perfect target audience he said. if you put the legality issues aside not to advertise here would mean missing out on a valuable audience he added. meanwhile companies contacted by the bbc news website insist that they were not directly aware of where their ads have been appearing. onetel adverts were spotted on edonkey this week and its response was typical. we have investigated this matter and believe that one of our affiliate partners has placed this advert without our knowledge. it is not our policy to advertise through peer-to-peer networks read a statement from the discount phone firm. it has requested the advert be removed immediately said a spokeswoman. similarly telecommunications firm ntl blames its media buying agency which places adverts with third party networks featuring thousands of sites. since the matter was brought to its attention last month the agency has strict instructions to make sure ads do not appear on such sites a spokesman told the bbc news website. however mr mulligan was not entirely convinced by these explanations. while smaller brands might not necessarily be aware of where the money they allocate to online advertising actually ends this is no excuse for well-known brands he said. i would be surprised if these brands didn t have the know-how to prevent this happening he said. at the moment edonkey is enjoying the benefits of having some very well-known faces advert on its network. many big brands have leveraged the opportunity including perhaps two of the biggest brands in the world - senator john kerry and president george w. bush said chief executive sam yagan. there are some distinct advantages of advertising on such a network he thinks. peer-to-peer clients offer big brands a unique opportunity to engage with their customers where they re most comfortable: at their desks interacting with their favourite digital media he said.,row brewing over peer-to-peer ads music download networks are proving popular not just with an audience of youngsters keen to take advantage of free music but with advertisers equally keen to reach out to a captive audience. the debate over the legitimacy of file-sharing networks rages on as the music industry continues its threats to close the services down for good. meanwhile the millions of downloaders are proving both an advertiser s dream come true and a branding nightmare. paul myers chief executive of wippit - a peer to peer service which provides paid-for music downloads - believes it is time advertisers stopped providing oxygen for companies that support illegal downloading. you may be surprised to know that current advertisers on the most popular peer to peer service edonkey who now steadfastly support copyright theft with real cash money include nat west vodafone o2 first direct ntl and renault he said in an open letter to the british phonographic industry last month. he urged people to follow his lead and dump brands associated with companies such as edonkey. the bpi is equally quick to condemn established brands becoming bedfellows with peer to peer networks. networks like edonkey kazaa and grokster facilitate illegal filesharing. the bpi strongly believes that any reputable company should look carefully at the support they are giving these networks through their advertising revenue it said in a statement. illegal file-sharers steal millions of pounds worth of music through these services. we are sure that the companies advertising on them would not put up with theft on such a scale from their own businesses it said. but the issue is often more complicated for advertisers said mark mulligan a music analyst with jupiter research. this has been a problem for a long time ever since the days of napster he told the bbc news website. the reality is that the millions of downloaders represent a very attractive audience. advertisers probably pay a lot less for putting ads here than on more respected sites and they are reaching the perfect target audience he said. if you put the legality issues aside not to advertise here would mean missing out on a valuable audience he added. meanwhile companies contacted by the bbc news website insist that they were not directly aware of where their ads have been appearing. onetel adverts were spotted on edonkey this week and its response was typical. we have investigated this matter and believe that one of our affiliate partners has placed this advert without our knowledge. it is not our policy to advertise through peer-to-peer networks read a statement from the discount phone firm. it has requested the advert be removed immediately said a spokeswoman. similarly telecommunications firm ntl blames its media buying agency which places adverts with third party networks featuring thousands of sites. since the matter was brought to its attention last month the agency has strict instructions to make sure ads do not appear on such sites a spokesman told the bbc news website. however mr mulligan was not entirely convinced by these explanations. while smaller brands might not necessarily be aware of where the money they allocate to online advertising actually ends this is no excuse for well-known brands he said. i would be surprised if these brands didn t have the know-how to prevent this happening he said. at the moment edonkey is enjoying the benefits of having some very well-known faces advert on its network. many big brands have leveraged the opportunity including perhaps two of the biggest brands in the world - senator john kerry and president george w. bush said chief executive sam yagan. there are some distinct advantages of advertising on such a network he thinks. peer-to-peer clients offer big brands a unique opportunity to engage with their customers where they re most comfortable: at their desks interacting with their favourite digital media he said.
bbc_news:000144,bbc_news,tech,3,Sci/Tech,blind student hears in colour a blind student has developed software that turns colours into musical,notes so that he can read weather maps. victor wong a graduate student from hong kong studying at cornell university in new york state had to read coloured maps of the upper atmosphere as part of his research. to study space weather mr wong needed to explore minute fluctuations in order to create mathematical models. a number of solutions were tried including having a colleague describe the maps and attempting to print them in braille. mr wong eventually hit upon the idea of translating individual colours into music and enlisted the help of a computer graphics specialist and another student to do the programming work. the images have three dimensions and i had to find a way of reading them myself mr wong told the bbc news website. for the sake of my own study - and for the sake of blind scientists generally - i felt it would be good to develop software that could help us to read colour images. he tried a prototype version of the software to explore a photograph of a parrot. in order to have an exact reference to the screen a pen and tablet device is used. the software then assigns one of 88 piano notes to individually coloured pixels - ranging from blue at the lower end of this scale to red at the upper end. mr wong says the application is still very much in its infancy and is only useful for reading images that have been created digitally. if i took a random picture and scanned it and then used my software to recognise it it wouldn t work that well. mr wong has been blind from the age of seven and he thinks that having a colour memory makes the software more useful than it would be to a scientist who had never had any vision. as the notes increase in pitch i know the colour s getting redder and redder and in my mind s eye a patch of red appears. the colour to music software has not yet been made available commercially and mr wong believes that several people would have to work together to make it viable. but he hopes that one day it can be developed to give blind people access to photographs and other images.,blind student hears in colour a blind student has developed software that turns colours into musical notes so that he can read weather maps. victor wong a graduate student from hong kong studying at cornell university in new york state had to read coloured maps of the upper atmosphere as part of his research. to study space weather mr wong needed to explore minute fluctuations in order to create mathematical models. a number of solutions were tried including having a colleague describe the maps and attempting to print them in braille. mr wong eventually hit upon the idea of translating individual colours into music and enlisted the help of a computer graphics specialist and another student to do the programming work. the images have three dimensions and i had to find a way of reading them myself mr wong told the bbc news website. for the sake of my own study - and for the sake of blind scientists generally - i felt it would be good to develop software that could help us to read colour images. he tried a prototype version of the software to explore a photograph of a parrot. in order to have an exact reference to the screen a pen and tablet device is used. the software then assigns one of 88 piano notes to individually coloured pixels - ranging from blue at the lower end of this scale to red at the upper end. mr wong says the application is still very much in its infancy and is only useful for reading images that have been created digitally. if i took a random picture and scanned it and then used my software to recognise it it wouldn t work that well. mr wong has been blind from the age of seven and he thinks that having a colour memory makes the software more useful than it would be to a scientist who had never had any vision. as the notes increase in pitch i know the colour s getting redder and redder and in my mind s eye a patch of red appears. the colour to music software has not yet been made available commercially and mr wong believes that several people would have to work together to make it viable. but he hopes that one day it can be developed to give blind people access to photographs and other images.
bbc_news:001741,bbc_news,tech,3,Sci/Tech,us state acts to stop spammers us state texas has filed a lawsuit against two men,believed to be among the world s top five spammers. it is seeking millions of dollars in damages in a civil lawsuit filed earlier this week. the texas attorney general said it started the legal action as messages sent by the alleged spammers broke three laws governing e-mail marketing. the company named in the lawsuit denied any wrongdoing and said it complied with all relevant laws. the texas lawsuit was filed against ryan samuel pitylak a university oftexas student and mark stephen trotter of california. both are thought to be the top executives in three companies - payperaction llc. leadplex llc. and leadplex inc - that are suspected of sending out many millions of unwanted e-mail messages. illegal spam must be stopped said greg abbott texas attorney general announcing the legal action. spam is one of the most aggravating and pervasive problems facing consumers today. the attorney general alleges that messages sent by mr pitylak and mr trotter s companies broke the 2003 controlling the assault of non-solicited pornography and marketing act (can-spam) as well as the texas electronic mail and solicitation act and texas deceptive trade practices act. all three acts confer cash penalties for each violation of their terms. if the men are found guilty and all penalties are applied the two men could face a damages bill running into millions. mr abbott said the messages sent by the pair broke laws by using misleading subject lines not identifying themselves as adverts and offering services for which they had no licence to do so in texas. lawyers for the alleged spammers said the lawsuit was groundless and the two men would defend themselves strongly against the accusations. leadplex and payperaction are legitimate internet marketing companies that are in complete compliance with the federal can-spam act said lin hughes speaking on behalf of mr pitylak and mr trotter. in a similar move the us federal trade commission (ftc) has won a court order that stops an international group of spammers sending sexually explicit e-mail. the ftc took the action because the messages being sent violated several parts of the can-spam act. in particular the pornographic messages did not identify themselves as being sexually explicit had deceptive subject headings did not have working opt-out mechanisms failed to mention they were adverts and did not give the sender s real world address. the court order stops the spammers sending e-mail and freezes assets prior to a hearing on a permanent injunction.,us state acts to stop spammers us state texas has filed a lawsuit against two men believed to be among the world s top five spammers. it is seeking millions of dollars in damages in a civil lawsuit filed earlier this week. the texas attorney general said it started the legal action as messages sent by the alleged spammers broke three laws governing e-mail marketing. the company named in the lawsuit denied any wrongdoing and said it complied with all relevant laws. the texas lawsuit was filed against ryan samuel pitylak a university oftexas student and mark stephen trotter of california. both are thought to be the top executives in three companies - payperaction llc. leadplex llc. and leadplex inc - that are suspected of sending out many millions of unwanted e-mail messages. illegal spam must be stopped said greg abbott texas attorney general announcing the legal action. spam is one of the most aggravating and pervasive problems facing consumers today. the attorney general alleges that messages sent by mr pitylak and mr trotter s companies broke the 2003 controlling the assault of non-solicited pornography and marketing act (can-spam) as well as the texas electronic mail and solicitation act and texas deceptive trade practices act. all three acts confer cash penalties for each violation of their terms. if the men are found guilty and all penalties are applied the two men could face a damages bill running into millions. mr abbott said the messages sent by the pair broke laws by using misleading subject lines not identifying themselves as adverts and offering services for which they had no licence to do so in texas. lawyers for the alleged spammers said the lawsuit was groundless and the two men would defend themselves strongly against the accusations. leadplex and payperaction are legitimate internet marketing companies that are in complete compliance with the federal can-spam act said lin hughes speaking on behalf of mr pitylak and mr trotter. in a similar move the us federal trade commission (ftc) has won a court order that stops an international group of spammers sending sexually explicit e-mail. the ftc took the action because the messages being sent violated several parts of the can-spam act. in particular the pornographic messages did not identify themselves as being sexually explicit had deceptive subject headings did not have working opt-out mechanisms failed to mention they were adverts and did not give the sender s real world address. the court order stops the spammers sending e-mail and freezes assets prior to a hearing on a permanent injunction.
huffpost:006887,huffpost,WORLD NEWS,0,World,International Network Involved In Deadly Sri Lanka Attacks,"The seven bombers attacked churches and luxury hotels, killing nearly 300 people.","International Network Involved In Deadly Sri Lanka Attacks The seven bombers attacked churches and luxury hotels, killing nearly 300 people."
huffpost:002509,huffpost,WORLD NEWS,0,World,"The Safest Way To Hold Tokyo Olympics Is 'No Fans,' Top Medical Adviser Says","Dr. Shigeru Omi’s recommendation seems to put him at odds with organizers and the International Olympic Committee, with the Olympics opening in five weeks.","The Safest Way To Hold Tokyo Olympics Is 'No Fans,' Top Medical Adviser Says Dr. Shigeru Omi’s recommendation seems to put him at odds with organizers and the International Olympic Committee, with the Olympics opening in five weeks."
huffpost:000989,huffpost,WORLD NEWS,0,World,Canada Gives Russian Letter Lamenting Humanitarian Disaster A Scathing Rewrite,The Russian envoy's letter about Ukraine received a blistering edit in red from Canada's mission to the United Nations.,Canada Gives Russian Letter Lamenting Humanitarian Disaster A Scathing Rewrite The Russian envoy's letter about Ukraine received a blistering edit in red from Canada's mission to the United Nations.
huffpost:010466,huffpost,WORLD NEWS,0,World,10 Dead After Van Rams Into Crowd Of Pedestrians On Toronto Street,The driver was taken into custody shortly after the incident.,10 Dead After Van Rams Into Crowd Of Pedestrians On Toronto Street The driver was taken into custody shortly after the incident.
huffpost:028203,huffpost,WORLD NEWS,0,World,Report Uncovers Nearly 100 Sex Abuse Lawsuits Against Catholic Leaders In Guam,An investigation by the USA Today Network details 40 years of alleged assaults.,Report Uncovers Nearly 100 Sex Abuse Lawsuits Against Catholic Leaders In Guam An investigation by the USA Today Network details 40 years of alleged assaults.
huffpost:018778,huffpost,WORLD NEWS,0,World,Israeli Police Clash With Palestinian Protestors After Trump Jerusalem Announcement,Thursday is the second of three days of rage called for by Palestinian leaders.,Israeli Police Clash With Palestinian Protestors After Trump Jerusalem Announcement Thursday is the second of three days of rage called for by Palestinian leaders.
huffpost:029693,huffpost,WORLD NEWS,0,World,Wildfires Are Raging In The Mediterranean. What Can We Learn?,"Luke Kelly, University of Melbourne; Eduard Plana Bach, and Marc Font Bernet In Italy, firefighters across the country are","Wildfires Are Raging In The Mediterranean. What Can We Learn? Luke Kelly, University of Melbourne; Eduard Plana Bach, and Marc Font Bernet In Italy, firefighters across the country are"
huffpost:000051,huffpost,WORLD NEWS,0,World,"Bill Richardson Visits Moscow As Brittney Griner, Paul Whelan Remain Jailed","Richardson, the former U.S. ambassador to the United Nations and a frequent emissary in hostage negotiations, held meetings with Russian leaders.","Bill Richardson Visits Moscow As Brittney Griner, Paul Whelan Remain Jailed Richardson, the former U.S. ambassador to the United Nations and a frequent emissary in hostage negotiations, held meetings with Russian leaders."
huffpost:033420,huffpost,WORLD NEWS,0,World,British Election: Vote Early And Often,Britain is facing yet another election on Thursday and is still wrestling with the repercussions of its vote to leave the,British Election: Vote Early And Often Britain is facing yet another election on Thursday and is still wrestling with the repercussions of its vote to leave the
huffpost:033556,huffpost,WORLD NEWS,0,World,How Can We Better Protect Crowds From Terrorism?,"By Robert R. Friedmann, Georgia State University If it seems like every week, there’s another terrorist attack – well, you’re","How Can We Better Protect Crowds From Terrorism? By Robert R. Friedmann, Georgia State University If it seems like every week, there’s another terrorist attack – well, you’re"
huffpost:029285,huffpost,WORLD NEWS,0,World,Let The Children Speak,"Are we listening to our children? I always remember Malala Yousafzai’s birthday. We’re born only one day apart, so when she","Let The Children Speak Are we listening to our children? I always remember Malala Yousafzai’s birthday. We’re born only one day apart, so when she"
huffpost:031628,huffpost,WORLD NEWS,0,World,Brazil's President Michel Temer Charged With Corruption,The country's top prosecutor has charged the president with accepting bribes.,Brazil's President Michel Temer Charged With Corruption The country's top prosecutor has charged the president with accepting bribes.
huffpost:006616,huffpost,WORLD NEWS,0,World,"Israeli PM's Wife Fined $15,000 For Misusing State Funds",The sentencing comes after Sara Netanyahu agreed to a plea bargain over allegations that she misused state money on lavish meals.,"Israeli PM's Wife Fined $15,000 For Misusing State Funds The sentencing comes after Sara Netanyahu agreed to a plea bargain over allegations that she misused state money on lavish meals."
huffpost:014091,huffpost,WORLD NEWS,0,World,Church Shooting Leaves 5 Dead In Russian Region Of Dagestan: Report,The attack occurred in the village of Kizlyar in the Muslim-majority republic of Dagestan.,Church Shooting Leaves 5 Dead In Russian Region Of Dagestan: Report The attack occurred in the village of Kizlyar in the Muslim-majority republic of Dagestan.
huffpost:006390,huffpost,WORLD NEWS,0,World,UK Heat Wave Breaks Temperature Record,Weather agency the Met Office says the temperature reached 38.7 C (101.7 F) at Cambridge University Botanic Garden in eastern England.,UK Heat Wave Breaks Temperature Record Weather agency the Met Office says the temperature reached 38.7 C (101.7 F) at Cambridge University Botanic Garden in eastern England.
huffpost:030909,huffpost,WORLD NEWS,0,World,Supporters Of Venezuela's Embattled President Storm National Assembly Building,Several lawmakers and journalists were injured.,Supporters Of Venezuela's Embattled President Storm National Assembly Building Several lawmakers and journalists were injured.
huffpost:028533,huffpost,WORLD NEWS,0,World,Syrian Activist Bassel Safadi Was Executed In 2015. His Family Says They Just Found Out.,Thousands of detainees are secretly killed by the Assad regime every year.,Syrian Activist Bassel Safadi Was Executed In 2015. His Family Says They Just Found Out. Thousands of detainees are secretly killed by the Assad regime every year.
huffpost:008449,huffpost,WORLD NEWS,0,World,"Liu Xia, Wife Of Imprisoned Nobel Peace Prize Winner, Leaves China",She has been under house arrest since her husband was awarded the Nobel Peace Prize in 2010.,"Liu Xia, Wife Of Imprisoned Nobel Peace Prize Winner, Leaves China She has been under house arrest since her husband was awarded the Nobel Peace Prize in 2010."
huffpost:008180,huffpost,WORLD NEWS,0,World,Trump Tweets 'Thank You' to Kim Jong Un After North Korean Military Parade,The president responded to the news that the Pyongyang celebration didn't include a display of nuclear missiles.,Trump Tweets 'Thank You' to Kim Jong Un After North Korean Military Parade The president responded to the news that the Pyongyang celebration didn't include a display of nuclear missiles.
huffpost:014022,huffpost,WORLD NEWS,0,World,"Wreckage Of Iranian Plane That Crashed With 65 On Board Found, State Media Reports",The Aseman Airlines flight from Tehran is believed to have gone down in a mountainous area near the town of Semirom.,"Wreckage Of Iranian Plane That Crashed With 65 On Board Found, State Media Reports The Aseman Airlines flight from Tehran is believed to have gone down in a mountainous area near the town of Semirom."
huffpost:030404,huffpost,WORLD NEWS,0,World,U.S. Hands Off Iran,I just travelled to Iran where was I was invited to speak at the University of Tehran about human rights and “humanitarian,U.S. Hands Off Iran I just travelled to Iran where was I was invited to speak at the University of Tehran about human rights and “humanitarian
huffpost:010991,huffpost,WORLD NEWS,0,World,Striking Photos Show Israelis Standing Still For Holocaust Remembrance Day,Traffic stopped for two minutes.,Striking Photos Show Israelis Standing Still For Holocaust Remembrance Day Traffic stopped for two minutes.
huffpost:016193,huffpost,WORLD NEWS,0,World,Pope Pleads For Forgiveness In Chile For Clergy Sex Abuse Scandal,Francis' trip to Chile has already been marred by protests against how the church has handled child abuse allegations.,Pope Pleads For Forgiveness In Chile For Clergy Sex Abuse Scandal Francis' trip to Chile has already been marred by protests against how the church has handled child abuse allegations.
huffpost:008378,huffpost,WORLD NEWS,0,World,"Protesting Swedish Airline Passenger Refuses To Sit, Halting Migrant's Deportation","The woman livestreamed video of her one-person protest, and the Afghan man was taken off the flight.","Protesting Swedish Airline Passenger Refuses To Sit, Halting Migrant's Deportation The woman livestreamed video of her one-person protest, and the Afghan man was taken off the flight."
huffpost:017429,huffpost,WORLD NEWS,0,World,Urgent Medical Evacuations Trickle Out Of Syria's Besieged Eastern Ghouta Enclave,Only four people have been transported to Damascus hospitals so far. Others have died waiting.,Urgent Medical Evacuations Trickle Out Of Syria's Besieged Eastern Ghouta Enclave Only four people have been transported to Damascus hospitals so far. Others have died waiting.
